country,epiweek_id,new_cases,new_deaths,total_cases,total_deaths
Africa,2022-W17,2.0,0.0,41.0,2.0
Africa,2022-W18,0.0,0.0,41.0,2.0
Africa,2022-W19,4.0,0.0,45.0,2.0
Africa,2022-W20,2.0,0.0,47.0,2.0
Africa,2022-W21,0.0,0.0,47.0,2.0
Africa,2022-W22,19.0,1.0,66.0,3.0
Africa,2022-W23,15.0,0.0,81.0,3.0
Africa,2022-W24,9.0,0.0,90.0,3.0
Africa,2022-W25,26.0,0.0,116.0,3.0
Africa,2022-W26,30.0,1.0,146.0,4.0
Africa,2022-W27,22.0,0.0,168.0,4.0
Africa,2022-W28,22.0,0.0,190.0,4.0
Africa,2022-W29,17.0,0.0,207.0,4.0
Africa,2022-W30,41.0,1.0,248.0,5.0
Africa,2022-W31,21.0,3.0,269.0,8.0
Africa,2022-W32,64.0,0.0,333.0,8.0
Africa,2022-W33,33.0,5.0,366.0,13.0
Africa,2022-W34,44.0,0.0,410.0,13.0
Africa,2022-W35,46.0,1.0,456.0,14.0
Africa,2022-W36,42.0,0.0,498.0,14.0
Africa,2022-W37,56.0,1.0,554.0,15.0
Africa,2022-W38,64.0,0.0,618.0,15.0
Africa,2022-W39,40.0,0.0,658.0,15.0
Africa,2022-W40,49.0,0.0,707.0,15.0
Africa,2022-W41,28.0,0.0,735.0,15.0
Africa,2022-W42,32.0,1.0,767.0,16.0
Africa,2022-W43,27.0,0.0,794.0,16.0
Africa,2022-W44,20.0,0.0,814.0,16.0
Africa,2022-W45,16.0,0.0,830.0,16.0
Africa,2022-W46,21.0,0.0,851.0,16.0
Africa,2022-W47,25.0,0.0,876.0,16.0
Africa,2022-W48,40.0,0.0,916.0,16.0
Africa,2022-W49,34.0,0.0,950.0,16.0
Africa,2022-W50,11.0,0.0,961.0,16.0
Africa,2022-W51,8.0,0.0,969.0,16.0
Africa,2022-W52,8.0,0.0,977.0,16.0
Africa,2023-W01,6.0,0.0,983.0,16.0
Africa,2023-W02,13.0,1.0,996.0,17.0
Africa,2023-W03,17.0,0.0,1013.0,17.0
Africa,2023-W04,7.0,0.0,1020.0,17.0
Africa,2023-W05,7.0,0.0,1027.0,17.0
Africa,2023-W06,6.0,1.0,1033.0,18.0
Africa,2023-W07,8.0,0.0,1041.0,18.0
Africa,2023-W08,5.0,1.0,1046.0,19.0
Africa,2023-W09,3.0,0.0,1049.0,19.0
Africa,2023-W10,9.0,0.0,1058.0,19.0
Africa,2023-W11,4.0,0.0,1062.0,19.0
Africa,2023-W12,10.0,0.0,1072.0,19.0
Africa,2023-W13,5.0,0.0,1077.0,19.0
Africa,2023-W14,2.0,0.0,1079.0,19.0
Africa,2023-W15,1.0,0.0,1080.0,19.0
Africa,2023-W16,3.0,0.0,1083.0,19.0
Africa,2023-W17,0.0,0.0,1083.0,19.0
Africa,2023-W18,3.0,1.0,1086.0,20.0
Africa,2023-W19,5.0,1.0,1091.0,21.0
Africa,2023-W20,13.0,0.0,1104.0,21.0
Africa,2023-W21,1.0,0.0,1105.0,21.0
Africa,2023-W22,1.0,0.0,1106.0,21.0
Africa,2023-W23,9.0,0.0,1115.0,21.0
Africa,2023-W24,0.0,0.0,1115.0,21.0
Africa,2023-W25,1.0,0.0,1116.0,21.0
Africa,2023-W26,0.0,0.0,1116.0,21.0
Africa,2023-W27,0.0,0.0,1116.0,21.0
Africa,2023-W28,8.0,0.0,1124.0,21.0
Africa,2023-W29,0.0,0.0,1124.0,21.0
Africa,2023-W30,3.0,0.0,1127.0,21.0
Africa,2023-W31,0.0,0.0,1127.0,21.0
Africa,2023-W32,2.0,0.0,1129.0,21.0
Africa,2023-W33,3.0,0.0,1132.0,21.0
Africa,2023-W34,6.0,0.0,1138.0,21.0
Africa,2023-W35,1.0,0.0,1139.0,21.0
Africa,2023-W36,5.0,0.0,1144.0,21.0
Africa,2023-W37,2.0,0.0,1146.0,21.0
Africa,2023-W38,0.0,0.0,1146.0,21.0
Africa,2023-W39,1.0,0.0,1147.0,21.0
Africa,2023-W40,11.0,1.0,1158.0,22.0
Africa,2023-W41,18.0,1.0,1176.0,23.0
Africa,2023-W42,19.0,0.0,1195.0,23.0
Africa,2023-W43,32.0,0.0,1227.0,23.0
Africa,2023-W44,15.0,0.0,1242.0,23.0
Africa,2023-W45,41.0,0.0,1283.0,23.0
Africa,2023-W46,30.0,0.0,1313.0,23.0
Africa,2023-W47,39.0,0.0,1352.0,23.0
Africa,2023-W48,24.0,0.0,1376.0,23.0
Africa,2023-W49,14.0,0.0,1390.0,23.0
Africa,2023-W50,10.0,0.0,1400.0,23.0
Africa,2023-W51,36.0,0.0,1436.0,23.0
Africa,2023-W52,35.0,0.0,1471.0,23.0
Africa,2024-W01,28.0,0.0,1499.0,23.0
Africa,2024-W02,44.0,2.0,1543.0,25.0
Africa,2024-W03,60.0,0.0,1603.0,25.0
Africa,2024-W04,97.0,0.0,1700.0,25.0
Africa,2024-W05,45.0,0.0,1745.0,25.0
Africa,2024-W06,77.0,0.0,1822.0,25.0
Africa,2024-W07,65.0,0.0,1887.0,25.0
Africa,2024-W08,54.0,0.0,1941.0,25.0
Africa,2024-W09,70.0,1.0,2011.0,26.0
Africa,2024-W10,66.0,0.0,2077.0,26.0
Africa,2024-W11,54.0,0.0,2131.0,26.0
Africa,2024-W12,68.0,0.0,2199.0,26.0
Africa,2024-W13,55.0,0.0,2254.0,26.0
Africa,2024-W14,71.0,2.0,2325.0,28.0
Africa,2024-W15,101.0,0.0,2426.0,28.0
Africa,2024-W16,86.0,0.0,2512.0,28.0
Africa,2024-W17,85.0,1.0,2597.0,29.0
Africa,2024-W18,192.0,0.0,2789.0,29.0
Africa,2024-W19,161.0,0.0,2950.0,29.0
Africa,2024-W20,158.0,0.0,3108.0,29.0
Africa,2024-W21,123.0,1.0,3231.0,30.0
Africa,2024-W22,115.0,1.0,3346.0,31.0
Africa,2024-W23,176.0,1.0,3522.0,32.0
Africa,2024-W24,234.0,2.0,3756.0,34.0
Africa,2024-W25,169.0,1.0,3925.0,35.0
Africa,2024-W26,209.0,2.0,4134.0,37.0
Africa,2024-W27,275.0,0.0,4409.0,37.0
Africa,2024-W28,325.0,1.0,4734.0,38.0
Africa,2024-W29,422.0,3.0,5156.0,41.0
Africa,2024-W30,305.0,5.0,5461.0,46.0
Africa,2024-W31,191.0,1.0,5652.0,47.0
Africa,2024-W32,217.0,2.0,5869.0,49.0
Africa,2024-W33,287.0,2.0,6156.0,51.0
Africa,2024-W34,307.0,0.0,6463.0,51.0
Africa,2024-W35,377.0,0.0,6840.0,51.0
Africa,2024-W36,458.0,1.0,7298.0,52.0
Africa,2024-W37,445.0,0.0,7743.0,52.0
Africa,2024-W38,518.0,1.0,8261.0,53.0
Africa,2024-W39,521.0,1.0,8782.0,54.0
Africa,2024-W40,493.0,0.0,9275.0,54.0
Africa,2024-W41,535.0,1.0,9810.0,55.0
Africa,2024-W42,583.0,2.0,10393.0,57.0
Africa,2024-W43,638.0,1.0,11031.0,58.0
Africa,2024-W44,589.0,1.0,11620.0,59.0
Africa,2024-W45,780.0,1.0,12400.0,60.0
Africa,2024-W46,827.0,2.0,13227.0,62.0
Africa,2024-W47,702.0,1.0,13929.0,63.0
Africa,2024-W48,757.0,3.0,14686.0,66.0
Africa,2024-W49,755.0,2.0,15441.0,68.0
Africa,2024-W50,628.0,0.0,16069.0,68.0
Africa,2024-W51,593.0,1.0,16662.0,69.0
Africa,2024-W52,428.0,5.0,17090.0,74.0
Africa,2025-W01,883.0,2.0,17973.0,76.0
Africa,2025-W02,1240.0,5.0,19213.0,81.0
Africa,2025-W03,1102.0,6.0,20315.0,87.0
Africa,2025-W04,969.0,4.0,21284.0,91.0
Africa,2025-W05,757.0,6.0,22041.0,97.0
Africa,2025-W06,874.0,9.0,22915.0,106.0
Africa,2025-W07,803.0,8.0,23718.0,114.0
Africa,2025-W08,1011.0,2.0,24729.0,116.0
Africa,2025-W09,857.0,1.0,25586.0,117.0
Africa,2025-W10,909.0,5.0,26495.0,122.0
Africa,2025-W11,1121.0,4.0,27616.0,126.0
Africa,2025-W12,773.0,6.0,28389.0,132.0
Africa,2025-W13,697.0,0.0,29086.0,132.0
Africa,2025-W14,808.0,8.0,29894.0,140.0
Africa,2025-W15,896.0,0.0,30790.0,140.0
Africa,2025-W16,1140.0,2.0,31930.0,142.0
Africa,2025-W17,1428.0,3.0,33358.0,145.0
Africa,2025-W18,1511.0,5.0,34869.0,150.0
Africa,2025-W19,1658.0,1.0,36527.0,151.0
Africa,2025-W20,1407.0,5.0,37934.0,156.0
Africa,2025-W21,1686.0,5.0,39620.0,161.0
Africa,2025-W22,1414.0,4.0,41034.0,165.0
Africa,2025-W23,1127.0,4.0,42161.0,169.0
Africa,2025-W24,1022.0,6.0,43183.0,175.0
Africa,2025-W25,927.0,4.0,44110.0,179.0
Africa,2025-W26,979.0,4.0,45089.0,183.0
Africa,2025-W27,1007.0,5.0,46096.0,188.0
Africa,2025-W28,907.0,13.0,47003.0,201.0
Africa,2025-W29,875.0,8.0,47878.0,209.0
Africa,2025-W30,954.0,4.0,48832.0,213.0
Africa,2025-W31,759.0,3.0,49591.0,216.0
Africa,2025-W32,853.0,4.0,50444.0,220.0
Africa,2025-W33,597.0,4.0,51041.0,224.0
Africa,2025-W34,713.0,2.0,51754.0,226.0
Africa,2025-W35,812.0,11.0,52566.0,237.0
Africa,2025-W36,683.0,1.0,53249.0,238.0
Africa,2025-W37,874.0,5.0,54123.0,243.0
Africa,2025-W38,664.0,3.0,54787.0,246.0
Africa,2025-W39,807.0,4.0,55594.0,250.0
Africa,2025-W40,575.0,2.0,56169.0,252.0
Africa,2025-W41,590.0,3.0,56759.0,255.0
Africa,2025-W42,451.0,4.0,57210.0,259.0
Africa,2025-W43,562.0,1.0,57772.0,260.0
Africa,2025-W44,368.0,2.0,58140.0,262.0
Africa,2025-W45,356.0,2.0,58496.0,264.0
Africa,2025-W46,331.0,2.0,58827.0,266.0
Africa,2025-W47,268.0,0.0,59095.0,266.0
Africa,2025-W48,293.0,1.0,59388.0,267.0
Africa,2025-W49,231.0,0.0,59619.0,267.0
Africa,2025-W50,203.0,2.0,59822.0,269.0
Africa,2025-W51,254.0,2.0,60076.0,271.0
Africa,2025-W52,121.0,1.0,60197.0,272.0
Albania,2025-W20,1.0,0.0,1.0,0.0
Albania,2025-W21,0.0,0.0,1.0,0.0
Albania,2025-W22,0.0,0.0,1.0,0.0
Albania,2025-W23,0.0,0.0,1.0,0.0
Albania,2025-W24,0.0,0.0,1.0,0.0
Albania,2025-W25,0.0,0.0,1.0,0.0
Albania,2025-W26,0.0,0.0,1.0,0.0
Albania,2025-W27,0.0,0.0,1.0,0.0
Albania,2025-W28,0.0,0.0,1.0,0.0
Albania,2025-W29,0.0,0.0,1.0,0.0
Albania,2025-W30,0.0,0.0,1.0,0.0
Albania,2025-W31,0.0,0.0,1.0,0.0
Albania,2025-W32,0.0,0.0,1.0,0.0
Albania,2025-W33,0.0,0.0,1.0,0.0
Albania,2025-W34,0.0,0.0,1.0,0.0
Albania,2025-W35,0.0,0.0,1.0,0.0
Albania,2025-W36,0.0,0.0,1.0,0.0
Albania,2025-W37,0.0,0.0,1.0,0.0
Albania,2025-W38,0.0,0.0,1.0,0.0
Albania,2025-W39,0.0,0.0,1.0,0.0
Albania,2025-W40,0.0,0.0,1.0,0.0
Albania,2025-W41,0.0,0.0,1.0,0.0
Albania,2025-W42,0.0,0.0,1.0,0.0
Albania,2025-W43,0.0,0.0,1.0,0.0
Albania,2025-W44,0.0,0.0,1.0,0.0
Albania,2025-W45,0.0,0.0,1.0,0.0
Albania,2025-W46,0.0,0.0,1.0,0.0
Albania,2025-W47,0.0,0.0,1.0,0.0
Albania,2025-W48,0.0,0.0,1.0,0.0
Albania,2025-W49,0.0,0.0,1.0,0.0
Albania,2025-W50,0.0,0.0,1.0,0.0
Albania,2025-W51,0.0,0.0,1.0,0.0
Albania,2025-W52,0.0,0.0,1.0,0.0
Andorra,2022-W30,3.0,0.0,3.0,0.0
Andorra,2022-W31,1.0,0.0,4.0,0.0
Andorra,2022-W32,0.0,0.0,4.0,0.0
Andorra,2022-W33,0.0,0.0,4.0,0.0
Andorra,2022-W34,0.0,0.0,4.0,0.0
Andorra,2022-W35,0.0,0.0,4.0,0.0
Andorra,2022-W36,0.0,0.0,4.0,0.0
Andorra,2022-W37,0.0,0.0,4.0,0.0
Andorra,2022-W38,0.0,0.0,4.0,0.0
Andorra,2022-W39,0.0,0.0,4.0,0.0
Andorra,2022-W40,0.0,0.0,4.0,0.0
Andorra,2022-W41,0.0,0.0,4.0,0.0
Andorra,2022-W42,0.0,0.0,4.0,0.0
Andorra,2022-W43,0.0,0.0,4.0,0.0
Andorra,2022-W44,0.0,0.0,4.0,0.0
Andorra,2022-W45,0.0,0.0,4.0,0.0
Andorra,2022-W46,0.0,0.0,4.0,0.0
Andorra,2022-W47,0.0,0.0,4.0,0.0
Andorra,2022-W48,0.0,0.0,4.0,0.0
Andorra,2022-W49,0.0,0.0,4.0,0.0
Andorra,2022-W50,0.0,0.0,4.0,0.0
Andorra,2022-W51,0.0,0.0,4.0,0.0
Andorra,2022-W52,0.0,0.0,4.0,0.0
Andorra,2023-W01,0.0,0.0,4.0,0.0
Andorra,2023-W02,0.0,0.0,4.0,0.0
Andorra,2023-W03,0.0,0.0,4.0,0.0
Andorra,2023-W04,0.0,0.0,4.0,0.0
Andorra,2023-W05,0.0,0.0,4.0,0.0
Andorra,2023-W06,0.0,0.0,4.0,0.0
Andorra,2023-W07,0.0,0.0,4.0,0.0
Andorra,2023-W08,0.0,0.0,4.0,0.0
Andorra,2023-W09,0.0,0.0,4.0,0.0
Andorra,2023-W10,0.0,0.0,4.0,0.0
Andorra,2023-W11,0.0,0.0,4.0,0.0
Andorra,2023-W12,0.0,0.0,4.0,0.0
Andorra,2023-W13,0.0,0.0,4.0,0.0
Andorra,2023-W14,0.0,0.0,4.0,0.0
Andorra,2023-W15,0.0,0.0,4.0,0.0
Andorra,2023-W16,0.0,0.0,4.0,0.0
Andorra,2023-W17,0.0,0.0,4.0,0.0
Andorra,2023-W18,0.0,0.0,4.0,0.0
Andorra,2023-W19,0.0,0.0,4.0,0.0
Andorra,2023-W20,0.0,0.0,4.0,0.0
Andorra,2023-W21,0.0,0.0,4.0,0.0
Andorra,2023-W22,0.0,0.0,4.0,0.0
Andorra,2023-W23,0.0,0.0,4.0,0.0
Andorra,2023-W24,0.0,0.0,4.0,0.0
Andorra,2023-W25,0.0,0.0,4.0,0.0
Andorra,2023-W26,0.0,0.0,4.0,0.0
Andorra,2023-W27,0.0,0.0,4.0,0.0
Andorra,2023-W28,0.0,0.0,4.0,0.0
Andorra,2023-W29,0.0,0.0,4.0,0.0
Andorra,2023-W30,0.0,0.0,4.0,0.0
Andorra,2023-W31,0.0,0.0,4.0,0.0
Andorra,2023-W32,0.0,0.0,4.0,0.0
Andorra,2023-W33,0.0,0.0,4.0,0.0
Andorra,2023-W34,0.0,0.0,4.0,0.0
Andorra,2023-W35,0.0,0.0,4.0,0.0
Andorra,2023-W36,0.0,0.0,4.0,0.0
Andorra,2023-W37,0.0,0.0,4.0,0.0
Andorra,2023-W38,0.0,0.0,4.0,0.0
Andorra,2023-W39,0.0,0.0,4.0,0.0
Andorra,2023-W40,0.0,0.0,4.0,0.0
Andorra,2023-W41,0.0,0.0,4.0,0.0
Andorra,2023-W42,0.0,0.0,4.0,0.0
Andorra,2023-W43,0.0,0.0,4.0,0.0
Andorra,2023-W44,0.0,0.0,4.0,0.0
Andorra,2023-W45,0.0,0.0,4.0,0.0
Andorra,2023-W46,0.0,0.0,4.0,0.0
Andorra,2023-W47,0.0,0.0,4.0,0.0
Andorra,2023-W48,0.0,0.0,4.0,0.0
Andorra,2023-W49,0.0,0.0,4.0,0.0
Andorra,2023-W50,0.0,0.0,4.0,0.0
Andorra,2023-W51,0.0,0.0,4.0,0.0
Andorra,2023-W52,0.0,0.0,4.0,0.0
Andorra,2024-W01,0.0,0.0,4.0,0.0
Andorra,2024-W02,0.0,0.0,4.0,0.0
Andorra,2024-W03,0.0,0.0,4.0,0.0
Andorra,2024-W04,0.0,0.0,4.0,0.0
Andorra,2024-W05,0.0,0.0,4.0,0.0
Andorra,2024-W06,0.0,0.0,4.0,0.0
Andorra,2024-W07,0.0,0.0,4.0,0.0
Andorra,2024-W08,0.0,0.0,4.0,0.0
Andorra,2024-W09,0.0,0.0,4.0,0.0
Andorra,2024-W10,0.0,0.0,4.0,0.0
Andorra,2024-W11,0.0,0.0,4.0,0.0
Andorra,2024-W12,0.0,0.0,4.0,0.0
Andorra,2024-W13,0.0,0.0,4.0,0.0
Andorra,2024-W14,0.0,0.0,4.0,0.0
Andorra,2024-W15,0.0,0.0,4.0,0.0
Andorra,2024-W16,0.0,0.0,4.0,0.0
Andorra,2024-W17,0.0,0.0,4.0,0.0
Andorra,2024-W18,0.0,0.0,4.0,0.0
Andorra,2024-W19,0.0,0.0,4.0,0.0
Andorra,2024-W20,0.0,0.0,4.0,0.0
Andorra,2024-W21,0.0,0.0,4.0,0.0
Andorra,2024-W22,0.0,0.0,4.0,0.0
Andorra,2024-W23,0.0,0.0,4.0,0.0
Andorra,2024-W24,0.0,0.0,4.0,0.0
Andorra,2024-W25,0.0,0.0,4.0,0.0
Andorra,2024-W26,0.0,0.0,4.0,0.0
Andorra,2024-W27,0.0,0.0,4.0,0.0
Andorra,2024-W28,0.0,0.0,4.0,0.0
Andorra,2024-W29,0.0,0.0,4.0,0.0
Andorra,2024-W30,0.0,0.0,4.0,0.0
Andorra,2024-W31,0.0,0.0,4.0,0.0
Andorra,2024-W32,0.0,0.0,4.0,0.0
Andorra,2024-W33,0.0,0.0,4.0,0.0
Andorra,2024-W34,0.0,0.0,4.0,0.0
Andorra,2024-W35,0.0,0.0,4.0,0.0
Andorra,2024-W36,0.0,0.0,4.0,0.0
Andorra,2024-W37,0.0,0.0,4.0,0.0
Andorra,2024-W38,0.0,0.0,4.0,0.0
Andorra,2024-W39,0.0,0.0,4.0,0.0
Andorra,2024-W40,0.0,0.0,4.0,0.0
Andorra,2024-W41,0.0,0.0,4.0,0.0
Andorra,2024-W42,0.0,0.0,4.0,0.0
Andorra,2024-W43,0.0,0.0,4.0,0.0
Andorra,2024-W44,0.0,0.0,4.0,0.0
Andorra,2024-W45,0.0,0.0,4.0,0.0
Andorra,2024-W46,0.0,0.0,4.0,0.0
Andorra,2024-W47,0.0,0.0,4.0,0.0
Andorra,2024-W48,0.0,0.0,4.0,0.0
Andorra,2024-W49,0.0,0.0,4.0,0.0
Andorra,2024-W50,0.0,0.0,4.0,0.0
Andorra,2024-W51,0.0,0.0,4.0,0.0
Andorra,2024-W52,0.0,0.0,4.0,0.0
Andorra,2025-W01,0.0,0.0,4.0,0.0
Andorra,2025-W02,0.0,0.0,4.0,0.0
Andorra,2025-W03,0.0,0.0,4.0,0.0
Andorra,2025-W04,0.0,0.0,4.0,0.0
Andorra,2025-W05,0.0,0.0,4.0,0.0
Andorra,2025-W06,0.0,0.0,4.0,0.0
Andorra,2025-W07,0.0,0.0,4.0,0.0
Andorra,2025-W08,0.0,0.0,4.0,0.0
Andorra,2025-W09,0.0,0.0,4.0,0.0
Andorra,2025-W10,0.0,0.0,4.0,0.0
Andorra,2025-W11,0.0,0.0,4.0,0.0
Andorra,2025-W12,0.0,0.0,4.0,0.0
Andorra,2025-W13,0.0,0.0,4.0,0.0
Andorra,2025-W14,0.0,0.0,4.0,0.0
Andorra,2025-W15,0.0,0.0,4.0,0.0
Andorra,2025-W16,0.0,0.0,4.0,0.0
Andorra,2025-W17,0.0,0.0,4.0,0.0
Andorra,2025-W18,0.0,0.0,4.0,0.0
Andorra,2025-W19,0.0,0.0,4.0,0.0
Andorra,2025-W20,0.0,0.0,4.0,0.0
Andorra,2025-W21,0.0,0.0,4.0,0.0
Andorra,2025-W22,0.0,0.0,4.0,0.0
Andorra,2025-W23,0.0,0.0,4.0,0.0
Andorra,2025-W24,0.0,0.0,4.0,0.0
Andorra,2025-W25,0.0,0.0,4.0,0.0
Andorra,2025-W26,0.0,0.0,4.0,0.0
Andorra,2025-W27,0.0,0.0,4.0,0.0
Andorra,2025-W28,0.0,0.0,4.0,0.0
Andorra,2025-W29,0.0,0.0,4.0,0.0
Andorra,2025-W30,0.0,0.0,4.0,0.0
Andorra,2025-W31,0.0,0.0,4.0,0.0
Andorra,2025-W32,0.0,0.0,4.0,0.0
Andorra,2025-W33,0.0,0.0,4.0,0.0
Andorra,2025-W34,0.0,0.0,4.0,0.0
Andorra,2025-W35,0.0,0.0,4.0,0.0
Andorra,2025-W36,0.0,0.0,4.0,0.0
Andorra,2025-W37,0.0,0.0,4.0,0.0
Andorra,2025-W38,0.0,0.0,4.0,0.0
Andorra,2025-W39,0.0,0.0,4.0,0.0
Andorra,2025-W40,0.0,0.0,4.0,0.0
Andorra,2025-W41,0.0,0.0,4.0,0.0
Andorra,2025-W42,0.0,0.0,4.0,0.0
Andorra,2025-W43,0.0,0.0,4.0,0.0
Andorra,2025-W44,0.0,0.0,4.0,0.0
Andorra,2025-W45,0.0,0.0,4.0,0.0
Andorra,2025-W46,0.0,0.0,4.0,0.0
Andorra,2025-W47,0.0,0.0,4.0,0.0
Andorra,2025-W48,0.0,0.0,4.0,0.0
Andorra,2025-W49,0.0,0.0,4.0,0.0
Andorra,2025-W50,0.0,0.0,4.0,0.0
Andorra,2025-W51,0.0,0.0,4.0,0.0
Andorra,2025-W52,0.0,0.0,4.0,0.0
Angola,2024-W45,0.0,0.0,0.0,0.0
Angola,2024-W46,1.0,0.0,1.0,0.0
Angola,2024-W47,1.0,0.0,2.0,0.0
Angola,2024-W48,1.0,0.0,3.0,0.0
Angola,2024-W49,1.0,0.0,4.0,0.0
Angola,2024-W50,0.0,0.0,4.0,0.0
Angola,2024-W51,0.0,0.0,4.0,0.0
Angola,2024-W52,0.0,0.0,4.0,0.0
Angola,2025-W01,0.0,0.0,4.0,0.0
Angola,2025-W02,0.0,0.0,4.0,0.0
Angola,2025-W03,0.0,0.0,4.0,0.0
Angola,2025-W04,0.0,0.0,4.0,0.0
Angola,2025-W05,0.0,0.0,4.0,0.0
Angola,2025-W06,0.0,0.0,4.0,0.0
Angola,2025-W07,1.0,0.0,5.0,0.0
Angola,2025-W08,2.0,0.0,7.0,0.0
Angola,2025-W09,0.0,0.0,7.0,0.0
Angola,2025-W10,1.0,0.0,8.0,0.0
Angola,2025-W11,0.0,0.0,8.0,0.0
Angola,2025-W12,0.0,0.0,8.0,0.0
Angola,2025-W13,2.0,0.0,10.0,0.0
Angola,2025-W14,0.0,0.0,10.0,0.0
Angola,2025-W15,0.0,0.0,10.0,0.0
Angola,2025-W16,0.0,0.0,10.0,0.0
Angola,2025-W17,0.0,0.0,10.0,0.0
Angola,2025-W18,0.0,0.0,10.0,0.0
Angola,2025-W19,0.0,0.0,10.0,0.0
Angola,2025-W20,0.0,0.0,10.0,0.0
Angola,2025-W21,0.0,0.0,10.0,0.0
Angola,2025-W22,0.0,0.0,10.0,0.0
Angola,2025-W23,0.0,0.0,10.0,0.0
Angola,2025-W24,0.0,0.0,10.0,0.0
Angola,2025-W25,0.0,0.0,10.0,0.0
Angola,2025-W26,1.0,0.0,11.0,0.0
Angola,2025-W27,0.0,0.0,11.0,0.0
Angola,2025-W28,1.0,0.0,12.0,0.0
Angola,2025-W29,0.0,0.0,12.0,0.0
Angola,2025-W30,0.0,0.0,12.0,0.0
Angola,2025-W31,0.0,0.0,12.0,0.0
Angola,2025-W32,0.0,0.0,12.0,0.0
Angola,2025-W33,0.0,0.0,12.0,0.0
Angola,2025-W34,0.0,0.0,12.0,0.0
Angola,2025-W35,0.0,0.0,12.0,0.0
Argentina,2022-W21,2.0,0.0,2.0,0.0
Argentina,2022-W22,0.0,0.0,2.0,0.0
Argentina,2022-W23,1.0,0.0,3.0,0.0
Argentina,2022-W24,0.0,0.0,3.0,0.0
Argentina,2022-W25,1.0,0.0,4.0,0.0
Argentina,2022-W26,2.0,0.0,6.0,0.0
Argentina,2022-W27,4.0,0.0,10.0,0.0
Argentina,2022-W28,6.0,0.0,16.0,0.0
Argentina,2022-W29,8.0,0.0,24.0,0.0
Argentina,2022-W30,9.0,0.0,33.0,0.0
Argentina,2022-W31,15.0,0.0,48.0,0.0
Argentina,2022-W32,28.0,0.0,76.0,0.0
Argentina,2022-W33,47.0,0.0,123.0,0.0
Argentina,2022-W34,42.0,0.0,165.0,0.0
Argentina,2022-W35,46.0,1.0,211.0,1.0
Argentina,2022-W36,57.0,0.0,268.0,1.0
Argentina,2022-W37,60.0,0.0,328.0,1.0
Argentina,2022-W38,71.0,0.0,399.0,1.0
Argentina,2022-W39,84.0,0.0,483.0,1.0
Argentina,2022-W40,57.0,0.0,540.0,1.0
Argentina,2022-W41,93.0,0.0,633.0,1.0
Argentina,2022-W42,64.0,0.0,697.0,1.0
Argentina,2022-W43,69.0,1.0,766.0,2.0
Argentina,2022-W44,47.0,0.0,813.0,2.0
Argentina,2022-W45,64.0,0.0,877.0,2.0
Argentina,2022-W46,42.0,0.0,919.0,2.0
Argentina,2022-W47,25.0,0.0,944.0,2.0
Argentina,2022-W48,27.0,0.0,971.0,2.0
Argentina,2022-W49,20.0,0.0,991.0,2.0
Argentina,2022-W50,18.0,0.0,1009.0,2.0
Argentina,2022-W51,11.0,0.0,1020.0,2.0
Argentina,2022-W52,5.0,0.0,1025.0,2.0
Argentina,2023-W01,11.0,0.0,1036.0,2.0
Argentina,2023-W02,19.0,0.0,1055.0,2.0
Argentina,2023-W03,12.0,0.0,1067.0,2.0
Argentina,2023-W04,14.0,0.0,1081.0,2.0
Argentina,2023-W05,11.0,0.0,1092.0,2.0
Argentina,2023-W06,6.0,0.0,1098.0,2.0
Argentina,2023-W07,4.0,0.0,1102.0,2.0
Argentina,2023-W08,6.0,0.0,1108.0,2.0
Argentina,2023-W09,9.0,0.0,1117.0,2.0
Argentina,2023-W10,5.0,0.0,1122.0,2.0
Argentina,2023-W11,3.0,0.0,1125.0,2.0
Argentina,2023-W12,3.0,0.0,1128.0,2.0
Argentina,2023-W13,0.0,0.0,1128.0,2.0
Argentina,2023-W14,1.0,0.0,1129.0,2.0
Argentina,2023-W15,0.0,0.0,1129.0,2.0
Argentina,2023-W16,1.0,0.0,1130.0,2.0
Argentina,2023-W17,0.0,0.0,1130.0,2.0
Argentina,2023-W18,0.0,0.0,1130.0,2.0
Argentina,2023-W19,1.0,0.0,1131.0,2.0
Argentina,2023-W20,1.0,0.0,1132.0,2.0
Argentina,2023-W21,1.0,0.0,1133.0,2.0
Argentina,2023-W22,0.0,0.0,1133.0,2.0
Argentina,2023-W23,0.0,0.0,1133.0,2.0
Argentina,2023-W24,0.0,0.0,1133.0,2.0
Argentina,2023-W25,0.0,0.0,1133.0,2.0
Argentina,2023-W26,0.0,0.0,1133.0,2.0
Argentina,2023-W27,0.0,0.0,1133.0,2.0
Argentina,2023-W28,0.0,0.0,1133.0,2.0
Argentina,2023-W29,0.0,0.0,1133.0,2.0
Argentina,2023-W30,1.0,0.0,1134.0,2.0
Argentina,2023-W31,1.0,0.0,1135.0,2.0
Argentina,2023-W32,0.0,0.0,1135.0,2.0
Argentina,2023-W33,0.0,0.0,1135.0,2.0
Argentina,2023-W34,0.0,0.0,1135.0,2.0
Argentina,2023-W35,0.0,0.0,1135.0,2.0
Argentina,2023-W36,0.0,0.0,1135.0,2.0
Argentina,2023-W37,0.0,0.0,1135.0,2.0
Argentina,2023-W38,0.0,0.0,1135.0,2.0
Argentina,2023-W39,3.0,0.0,1138.0,2.0
Argentina,2023-W40,2.0,0.0,1140.0,2.0
Argentina,2023-W41,0.0,0.0,1140.0,2.0
Argentina,2023-W42,2.0,0.0,1142.0,2.0
Argentina,2023-W43,0.0,0.0,1142.0,2.0
Argentina,2023-W44,1.0,0.0,1143.0,2.0
Argentina,2023-W45,0.0,0.0,1143.0,2.0
Argentina,2023-W46,1.0,0.0,1144.0,2.0
Argentina,2023-W47,2.0,0.0,1146.0,2.0
Argentina,2023-W48,0.0,0.0,1146.0,2.0
Argentina,2023-W49,1.0,0.0,1147.0,2.0
Argentina,2023-W50,0.0,0.0,1147.0,2.0
Argentina,2023-W51,1.0,0.0,1148.0,2.0
Argentina,2023-W52,1.0,0.0,1149.0,2.0
Argentina,2024-W01,0.0,0.0,1149.0,2.0
Argentina,2024-W02,0.0,0.0,1149.0,2.0
Argentina,2024-W03,0.0,0.0,1149.0,2.0
Argentina,2024-W04,1.0,0.0,1150.0,2.0
Argentina,2024-W05,0.0,0.0,1150.0,2.0
Argentina,2024-W06,0.0,0.0,1150.0,2.0
Argentina,2024-W07,0.0,0.0,1150.0,2.0
Argentina,2024-W08,0.0,0.0,1150.0,2.0
Argentina,2024-W09,0.0,0.0,1150.0,2.0
Argentina,2024-W10,0.0,0.0,1150.0,2.0
Argentina,2024-W11,0.0,0.0,1150.0,2.0
Argentina,2024-W12,0.0,0.0,1150.0,2.0
Argentina,2024-W13,0.0,0.0,1150.0,2.0
Argentina,2024-W14,0.0,0.0,1150.0,2.0
Argentina,2024-W15,0.0,0.0,1150.0,2.0
Argentina,2024-W16,0.0,0.0,1150.0,2.0
Argentina,2024-W17,0.0,0.0,1150.0,2.0
Argentina,2024-W18,0.0,0.0,1150.0,2.0
Argentina,2024-W19,0.0,0.0,1150.0,2.0
Argentina,2024-W20,0.0,0.0,1150.0,2.0
Argentina,2024-W21,0.0,0.0,1150.0,2.0
Argentina,2024-W22,0.0,0.0,1150.0,2.0
Argentina,2024-W23,0.0,0.0,1150.0,2.0
Argentina,2024-W24,0.0,0.0,1150.0,2.0
Argentina,2024-W25,0.0,0.0,1150.0,2.0
Argentina,2024-W26,0.0,0.0,1150.0,2.0
Argentina,2024-W27,2.0,0.0,1152.0,2.0
Argentina,2024-W28,0.0,0.0,1152.0,2.0
Argentina,2024-W29,0.0,0.0,1152.0,2.0
Argentina,2024-W30,1.0,0.0,1153.0,2.0
Argentina,2024-W31,2.0,0.0,1155.0,2.0
Argentina,2024-W32,3.0,0.0,1158.0,2.0
Argentina,2024-W33,4.0,0.0,1162.0,2.0
Argentina,2024-W34,12.0,0.0,1174.0,2.0
Argentina,2024-W35,7.0,0.0,1181.0,2.0
Argentina,2024-W36,13.0,0.0,1194.0,2.0
Argentina,2024-W37,9.0,0.0,1203.0,2.0
Argentina,2024-W38,13.0,0.0,1216.0,2.0
Argentina,2024-W39,5.0,0.0,1221.0,2.0
Argentina,2024-W40,7.0,0.0,1228.0,2.0
Argentina,2024-W41,3.0,0.0,1231.0,2.0
Argentina,2024-W42,2.0,0.0,1233.0,2.0
Argentina,2024-W43,1.0,0.0,1234.0,2.0
Argentina,2024-W44,2.0,0.0,1236.0,2.0
Argentina,2024-W45,2.0,0.0,1238.0,2.0
Argentina,2024-W46,8.0,0.0,1246.0,2.0
Argentina,2024-W47,3.0,0.0,1249.0,2.0
Argentina,2024-W48,2.0,0.0,1251.0,2.0
Argentina,2024-W49,0.0,0.0,1251.0,2.0
Argentina,2024-W50,1.0,0.0,1252.0,2.0
Argentina,2024-W51,2.0,0.0,1254.0,2.0
Argentina,2024-W52,2.0,0.0,1256.0,2.0
Argentina,2025-W01,3.0,0.0,1259.0,2.0
Argentina,2025-W02,0.0,0.0,1259.0,2.0
Argentina,2025-W03,0.0,0.0,1259.0,2.0
Argentina,2025-W04,0.0,0.0,1259.0,2.0
Argentina,2025-W05,0.0,0.0,1259.0,2.0
Argentina,2025-W06,2.0,0.0,1261.0,2.0
Argentina,2025-W07,0.0,0.0,1261.0,2.0
Argentina,2025-W08,0.0,0.0,1261.0,2.0
Argentina,2025-W09,0.0,0.0,1261.0,2.0
Argentina,2025-W10,2.0,0.0,1263.0,2.0
Argentina,2025-W11,2.0,0.0,1265.0,2.0
Argentina,2025-W12,2.0,0.0,1267.0,2.0
Argentina,2025-W13,1.0,0.0,1268.0,2.0
Argentina,2025-W14,1.0,0.0,1269.0,2.0
Argentina,2025-W15,0.0,0.0,1269.0,2.0
Argentina,2025-W16,0.0,0.0,1269.0,2.0
Argentina,2025-W17,1.0,0.0,1270.0,2.0
Argentina,2025-W18,4.0,0.0,1274.0,2.0
Argentina,2025-W19,7.0,0.0,1281.0,2.0
Argentina,2025-W20,5.0,0.0,1286.0,2.0
Argentina,2025-W21,3.0,0.0,1289.0,2.0
Argentina,2025-W22,5.0,0.0,1294.0,2.0
Argentina,2025-W23,12.0,0.0,1306.0,2.0
Argentina,2025-W24,5.0,0.0,1311.0,2.0
Argentina,2025-W25,5.0,0.0,1316.0,2.0
Argentina,2025-W26,1.0,0.0,1317.0,2.0
Argentina,2025-W27,2.0,0.0,1319.0,2.0
Argentina,2025-W28,11.0,0.0,1330.0,2.0
Argentina,2025-W29,4.0,0.0,1334.0,2.0
Argentina,2025-W30,5.0,0.0,1339.0,2.0
Argentina,2025-W31,3.0,0.0,1342.0,2.0
Argentina,2025-W32,5.0,0.0,1347.0,2.0
Argentina,2025-W33,5.0,0.0,1352.0,2.0
Argentina,2025-W34,1.0,0.0,1353.0,2.0
Argentina,2025-W35,5.0,0.0,1358.0,2.0
Argentina,2025-W36,7.0,0.0,1365.0,2.0
Argentina,2025-W37,2.0,0.0,1367.0,2.0
Argentina,2025-W38,1.0,0.0,1368.0,2.0
Argentina,2025-W39,7.0,0.0,1375.0,2.0
Argentina,2025-W40,4.0,0.0,1379.0,2.0
Argentina,2025-W41,7.0,0.0,1386.0,2.0
Argentina,2025-W42,6.0,0.0,1392.0,2.0
Argentina,2025-W43,6.0,0.0,1398.0,2.0
Argentina,2025-W44,1.0,0.0,1399.0,2.0
Argentina,2025-W45,5.0,0.0,1404.0,2.0
Argentina,2025-W46,0.0,0.0,1404.0,2.0
Argentina,2025-W47,0.0,0.0,1404.0,2.0
Argentina,2025-W48,0.0,0.0,1404.0,2.0
Argentina,2025-W49,0.0,0.0,1404.0,2.0
Argentina,2025-W50,0.0,0.0,1404.0,2.0
Argentina,2025-W51,0.0,0.0,1404.0,2.0
Argentina,2025-W52,1.0,0.0,1405.0,2.0
Argentina,2026-W01,1.0,0.0,1406.0,2.0
Aruba,2022-W34,1.0,0.0,1.0,0.0
Aruba,2022-W35,1.0,0.0,2.0,0.0
Aruba,2022-W36,0.0,0.0,2.0,0.0
Aruba,2022-W37,1.0,0.0,3.0,0.0
Aruba,2022-W38,0.0,0.0,3.0,0.0
Aruba,2022-W39,0.0,0.0,3.0,0.0
Aruba,2022-W40,0.0,0.0,3.0,0.0
Aruba,2022-W41,0.0,0.0,3.0,0.0
Aruba,2022-W42,0.0,0.0,3.0,0.0
Aruba,2022-W43,0.0,0.0,3.0,0.0
Aruba,2022-W44,0.0,0.0,3.0,0.0
Aruba,2022-W45,0.0,0.0,3.0,0.0
Aruba,2022-W46,0.0,0.0,3.0,0.0
Aruba,2022-W47,0.0,0.0,3.0,0.0
Aruba,2022-W48,0.0,0.0,3.0,0.0
Aruba,2022-W49,0.0,0.0,3.0,0.0
Aruba,2022-W50,0.0,0.0,3.0,0.0
Aruba,2022-W51,0.0,0.0,3.0,0.0
Aruba,2022-W52,0.0,0.0,3.0,0.0
Aruba,2023-W01,0.0,0.0,3.0,0.0
Aruba,2023-W02,0.0,0.0,3.0,0.0
Aruba,2023-W03,0.0,0.0,3.0,0.0
Aruba,2023-W04,0.0,0.0,3.0,0.0
Aruba,2023-W05,0.0,0.0,3.0,0.0
Aruba,2023-W06,0.0,0.0,3.0,0.0
Aruba,2023-W07,0.0,0.0,3.0,0.0
Aruba,2023-W08,0.0,0.0,3.0,0.0
Aruba,2023-W09,0.0,0.0,3.0,0.0
Aruba,2023-W10,0.0,0.0,3.0,0.0
Aruba,2023-W11,0.0,0.0,3.0,0.0
Aruba,2023-W12,0.0,0.0,3.0,0.0
Aruba,2023-W13,0.0,0.0,3.0,0.0
Aruba,2023-W14,0.0,0.0,3.0,0.0
Aruba,2023-W15,0.0,0.0,3.0,0.0
Aruba,2023-W16,0.0,0.0,3.0,0.0
Aruba,2023-W17,0.0,0.0,3.0,0.0
Aruba,2023-W18,0.0,0.0,3.0,0.0
Aruba,2023-W19,0.0,0.0,3.0,0.0
Aruba,2023-W20,0.0,0.0,3.0,0.0
Aruba,2023-W21,0.0,0.0,3.0,0.0
Aruba,2023-W22,0.0,0.0,3.0,0.0
Aruba,2023-W23,0.0,0.0,3.0,0.0
Aruba,2023-W24,0.0,0.0,3.0,0.0
Aruba,2023-W25,0.0,0.0,3.0,0.0
Aruba,2023-W26,0.0,0.0,3.0,0.0
Aruba,2023-W27,0.0,0.0,3.0,0.0
Aruba,2023-W28,0.0,0.0,3.0,0.0
Aruba,2023-W29,0.0,0.0,3.0,0.0
Aruba,2023-W30,0.0,0.0,3.0,0.0
Aruba,2023-W31,0.0,0.0,3.0,0.0
Aruba,2023-W32,0.0,0.0,3.0,0.0
Aruba,2023-W33,0.0,0.0,3.0,0.0
Aruba,2023-W34,0.0,0.0,3.0,0.0
Aruba,2023-W35,0.0,0.0,3.0,0.0
Aruba,2023-W36,0.0,0.0,3.0,0.0
Aruba,2023-W37,0.0,0.0,3.0,0.0
Aruba,2023-W38,0.0,0.0,3.0,0.0
Aruba,2023-W39,0.0,0.0,3.0,0.0
Aruba,2023-W40,0.0,0.0,3.0,0.0
Aruba,2023-W41,0.0,0.0,3.0,0.0
Aruba,2023-W42,0.0,0.0,3.0,0.0
Aruba,2023-W43,0.0,0.0,3.0,0.0
Aruba,2023-W44,0.0,0.0,3.0,0.0
Aruba,2023-W45,0.0,0.0,3.0,0.0
Aruba,2023-W46,0.0,0.0,3.0,0.0
Aruba,2023-W47,0.0,0.0,3.0,0.0
Aruba,2023-W48,0.0,0.0,3.0,0.0
Aruba,2023-W49,0.0,0.0,3.0,0.0
Aruba,2023-W50,0.0,0.0,3.0,0.0
Aruba,2023-W51,0.0,0.0,3.0,0.0
Aruba,2023-W52,0.0,0.0,3.0,0.0
Aruba,2024-W01,0.0,0.0,3.0,0.0
Aruba,2024-W02,0.0,0.0,3.0,0.0
Aruba,2024-W03,0.0,0.0,3.0,0.0
Aruba,2024-W04,0.0,0.0,3.0,0.0
Aruba,2024-W05,0.0,0.0,3.0,0.0
Aruba,2024-W06,0.0,0.0,3.0,0.0
Aruba,2024-W07,0.0,0.0,3.0,0.0
Aruba,2024-W08,0.0,0.0,3.0,0.0
Aruba,2024-W09,0.0,0.0,3.0,0.0
Aruba,2024-W10,0.0,0.0,3.0,0.0
Aruba,2024-W11,0.0,0.0,3.0,0.0
Aruba,2024-W12,0.0,0.0,3.0,0.0
Aruba,2024-W13,0.0,0.0,3.0,0.0
Aruba,2024-W14,0.0,0.0,3.0,0.0
Aruba,2024-W15,0.0,0.0,3.0,0.0
Aruba,2024-W16,0.0,0.0,3.0,0.0
Aruba,2024-W17,0.0,0.0,3.0,0.0
Aruba,2024-W18,0.0,0.0,3.0,0.0
Aruba,2024-W19,0.0,0.0,3.0,0.0
Aruba,2024-W20,0.0,0.0,3.0,0.0
Aruba,2024-W21,0.0,0.0,3.0,0.0
Aruba,2024-W22,0.0,0.0,3.0,0.0
Aruba,2024-W23,0.0,0.0,3.0,0.0
Aruba,2024-W24,0.0,0.0,3.0,0.0
Aruba,2024-W25,0.0,0.0,3.0,0.0
Aruba,2024-W26,0.0,0.0,3.0,0.0
Aruba,2024-W27,0.0,0.0,3.0,0.0
Aruba,2024-W28,0.0,0.0,3.0,0.0
Aruba,2024-W29,0.0,0.0,3.0,0.0
Aruba,2024-W30,0.0,0.0,3.0,0.0
Aruba,2024-W31,0.0,0.0,3.0,0.0
Aruba,2024-W32,0.0,0.0,3.0,0.0
Aruba,2024-W33,0.0,0.0,3.0,0.0
Aruba,2024-W34,0.0,0.0,3.0,0.0
Aruba,2024-W35,0.0,0.0,3.0,0.0
Aruba,2024-W36,0.0,0.0,3.0,0.0
Aruba,2024-W37,0.0,0.0,3.0,0.0
Aruba,2024-W38,0.0,0.0,3.0,0.0
Aruba,2024-W39,0.0,0.0,3.0,0.0
Aruba,2024-W40,0.0,0.0,3.0,0.0
Aruba,2024-W41,0.0,0.0,3.0,0.0
Aruba,2024-W42,0.0,0.0,3.0,0.0
Aruba,2024-W43,0.0,0.0,3.0,0.0
Aruba,2024-W44,0.0,0.0,3.0,0.0
Aruba,2024-W45,0.0,0.0,3.0,0.0
Aruba,2024-W46,0.0,0.0,3.0,0.0
Aruba,2024-W47,0.0,0.0,3.0,0.0
Aruba,2024-W48,0.0,0.0,3.0,0.0
Aruba,2024-W49,0.0,0.0,3.0,0.0
Aruba,2024-W50,0.0,0.0,3.0,0.0
Aruba,2024-W51,0.0,0.0,3.0,0.0
Aruba,2024-W52,0.0,0.0,3.0,0.0
Aruba,2025-W01,0.0,0.0,3.0,0.0
Aruba,2025-W02,0.0,0.0,3.0,0.0
Aruba,2025-W03,0.0,0.0,3.0,0.0
Aruba,2025-W04,0.0,0.0,3.0,0.0
Aruba,2025-W05,0.0,0.0,3.0,0.0
Aruba,2025-W06,0.0,0.0,3.0,0.0
Aruba,2025-W07,0.0,0.0,3.0,0.0
Aruba,2025-W08,0.0,0.0,3.0,0.0
Aruba,2025-W09,0.0,0.0,3.0,0.0
Aruba,2025-W10,0.0,0.0,3.0,0.0
Aruba,2025-W11,0.0,0.0,3.0,0.0
Aruba,2025-W12,0.0,0.0,3.0,0.0
Aruba,2025-W13,0.0,0.0,3.0,0.0
Aruba,2025-W14,0.0,0.0,3.0,0.0
Aruba,2025-W15,0.0,0.0,3.0,0.0
Aruba,2025-W16,0.0,0.0,3.0,0.0
Aruba,2025-W17,0.0,0.0,3.0,0.0
Aruba,2025-W18,0.0,0.0,3.0,0.0
Aruba,2025-W19,0.0,0.0,3.0,0.0
Aruba,2025-W20,0.0,0.0,3.0,0.0
Aruba,2025-W21,0.0,0.0,3.0,0.0
Aruba,2025-W22,0.0,0.0,3.0,0.0
Aruba,2025-W23,0.0,0.0,3.0,0.0
Aruba,2025-W24,0.0,0.0,3.0,0.0
Aruba,2025-W25,0.0,0.0,3.0,0.0
Aruba,2025-W26,0.0,0.0,3.0,0.0
Aruba,2025-W27,0.0,0.0,3.0,0.0
Aruba,2025-W28,0.0,0.0,3.0,0.0
Aruba,2025-W29,0.0,0.0,3.0,0.0
Aruba,2025-W30,0.0,0.0,3.0,0.0
Aruba,2025-W31,0.0,0.0,3.0,0.0
Aruba,2025-W32,0.0,0.0,3.0,0.0
Aruba,2025-W33,0.0,0.0,3.0,0.0
Aruba,2025-W34,0.0,0.0,3.0,0.0
Aruba,2025-W35,0.0,0.0,3.0,0.0
Aruba,2025-W36,0.0,0.0,3.0,0.0
Aruba,2025-W37,0.0,0.0,3.0,0.0
Aruba,2025-W38,0.0,0.0,3.0,0.0
Aruba,2025-W39,0.0,0.0,3.0,0.0
Aruba,2025-W40,0.0,0.0,3.0,0.0
Aruba,2025-W41,0.0,0.0,3.0,0.0
Aruba,2025-W42,0.0,0.0,3.0,0.0
Aruba,2025-W43,0.0,0.0,3.0,0.0
Aruba,2025-W44,0.0,0.0,3.0,0.0
Aruba,2025-W45,0.0,0.0,3.0,0.0
Aruba,2025-W46,0.0,0.0,3.0,0.0
Aruba,2025-W47,0.0,0.0,3.0,0.0
Aruba,2025-W48,0.0,0.0,3.0,0.0
Aruba,2025-W49,0.0,0.0,3.0,0.0
Aruba,2025-W50,0.0,0.0,3.0,0.0
Aruba,2025-W51,0.0,0.0,3.0,0.0
Aruba,2025-W52,0.0,0.0,3.0,0.0
Aruba,2026-W01,0.0,0.0,3.0,0.0
Asia,2022-W17,0.0,0.0,0.0,0.0
Asia,2022-W18,0.0,0.0,0.0,0.0
Asia,2022-W19,0.0,0.0,0.0,0.0
Asia,2022-W20,1.0,0.0,1.0,0.0
Asia,2022-W21,4.0,0.0,5.0,0.0
Asia,2022-W22,5.0,0.0,10.0,0.0
Asia,2022-W23,7.0,0.0,17.0,0.0
Asia,2022-W24,3.0,0.0,20.0,0.0
Asia,2022-W25,16.0,0.0,36.0,0.0
Asia,2022-W26,33.0,0.0,69.0,0.0
Asia,2022-W27,12.0,0.0,81.0,0.0
Asia,2022-W28,26.0,0.0,107.0,0.0
Asia,2022-W29,38.0,0.0,145.0,0.0
Asia,2022-W30,27.0,0.0,172.0,0.0
Asia,2022-W31,55.0,1.0,227.0,1.0
Asia,2022-W32,16.0,0.0,243.0,1.0
Asia,2022-W33,28.0,0.0,271.0,1.0
Asia,2022-W34,24.0,0.0,295.0,1.0
Asia,2022-W35,28.0,0.0,323.0,1.0
Asia,2022-W36,13.0,0.0,336.0,1.0
Asia,2022-W37,10.0,0.0,346.0,1.0
Asia,2022-W38,6.0,0.0,352.0,1.0
Asia,2022-W39,3.0,0.0,355.0,1.0
Asia,2022-W40,21.0,0.0,376.0,1.0
Asia,2022-W41,4.0,0.0,380.0,1.0
Asia,2022-W42,10.0,0.0,390.0,1.0
Asia,2022-W43,4.0,0.0,394.0,1.0
Asia,2022-W44,3.0,0.0,397.0,1.0
Asia,2022-W45,0.0,0.0,397.0,1.0
Asia,2022-W46,2.0,0.0,399.0,1.0
Asia,2022-W47,7.0,0.0,406.0,1.0
Asia,2022-W48,0.0,0.0,406.0,1.0
Asia,2022-W49,0.0,0.0,406.0,1.0
Asia,2022-W50,3.0,0.0,409.0,1.0
Asia,2022-W51,1.0,0.0,410.0,1.0
Asia,2022-W52,0.0,0.0,410.0,1.0
Asia,2023-W01,0.0,0.0,410.0,1.0
Asia,2023-W02,3.0,0.0,413.0,1.0
Asia,2023-W03,6.0,0.0,419.0,1.0
Asia,2023-W04,2.0,0.0,421.0,1.0
Asia,2023-W05,11.0,0.0,432.0,1.0
Asia,2023-W06,1.0,0.0,433.0,1.0
Asia,2023-W07,2.0,0.0,435.0,1.0
Asia,2023-W08,3.0,0.0,438.0,1.0
Asia,2023-W09,8.0,0.0,446.0,1.0
Asia,2023-W10,6.0,0.0,452.0,1.0
Asia,2023-W11,22.0,0.0,474.0,1.0
Asia,2023-W12,23.0,0.0,497.0,1.0
Asia,2023-W13,26.0,0.0,523.0,1.0
Asia,2023-W14,17.0,0.0,540.0,1.0
Asia,2023-W15,20.0,0.0,560.0,1.0
Asia,2023-W16,30.0,0.0,590.0,1.0
Asia,2023-W17,52.0,0.0,642.0,1.0
Asia,2023-W18,43.0,0.0,685.0,1.0
Asia,2023-W19,55.0,0.0,740.0,1.0
Asia,2023-W20,24.0,0.0,764.0,1.0
Asia,2023-W21,43.0,0.0,807.0,1.0
Asia,2023-W22,76.0,0.0,883.0,1.0
Asia,2023-W23,49.0,0.0,932.0,1.0
Asia,2023-W24,12.0,0.0,944.0,1.0
Asia,2023-W25,45.0,0.0,989.0,1.0
Asia,2023-W26,52.0,0.0,1041.0,1.0
Asia,2023-W27,80.0,0.0,1121.0,1.0
Asia,2023-W28,45.0,0.0,1166.0,1.0
Asia,2023-W29,130.0,0.0,1296.0,1.0
Asia,2023-W30,14.0,0.0,1310.0,1.0
Asia,2023-W31,109.0,0.0,1419.0,1.0
Asia,2023-W32,507.0,0.0,1926.0,1.0
Asia,2023-W33,93.0,1.0,2019.0,2.0
Asia,2023-W34,42.0,0.0,2061.0,2.0
Asia,2023-W35,310.0,0.0,2371.0,2.0
Asia,2023-W36,539.0,0.0,2910.0,2.0
Asia,2023-W37,21.0,0.0,2931.0,2.0
Asia,2023-W38,97.0,0.0,3028.0,2.0
Asia,2023-W39,527.0,0.0,3555.0,2.0
Asia,2023-W40,13.0,0.0,3568.0,2.0
Asia,2023-W41,22.0,0.0,3590.0,2.0
Asia,2023-W42,23.0,0.0,3613.0,2.0
Asia,2023-W43,19.0,1.0,3632.0,3.0
Asia,2023-W44,376.0,0.0,4008.0,3.0
Asia,2023-W45,20.0,0.0,4028.0,3.0
Asia,2023-W46,25.0,0.0,4053.0,3.0
Asia,2023-W47,19.0,1.0,4072.0,4.0
Asia,2023-W48,242.0,0.0,4314.0,4.0
Asia,2023-W49,2.0,1.0,4316.0,5.0
Asia,2023-W50,7.0,1.0,4323.0,6.0
Asia,2023-W51,6.0,0.0,4329.0,6.0
Asia,2023-W52,197.0,4.0,4526.0,10.0
Asia,2024-W01,3.0,0.0,4529.0,10.0
Asia,2024-W02,17.0,0.0,4546.0,10.0
Asia,2024-W03,5.0,0.0,4551.0,10.0
Asia,2024-W04,6.0,0.0,4557.0,10.0
Asia,2024-W05,161.0,0.0,4718.0,10.0
Asia,2024-W06,8.0,0.0,4726.0,10.0
Asia,2024-W07,2.0,0.0,4728.0,10.0
Asia,2024-W08,10.0,0.0,4738.0,10.0
Asia,2024-W09,134.0,0.0,4872.0,10.0
Asia,2024-W10,13.0,1.0,4885.0,11.0
Asia,2024-W11,3.0,0.0,4888.0,11.0
Asia,2024-W12,1.0,0.0,4889.0,11.0
Asia,2024-W13,95.0,1.0,4984.0,12.0
Asia,2024-W14,10.0,0.0,4994.0,12.0
Asia,2024-W15,3.0,0.0,4997.0,12.0
Asia,2024-W16,2.0,0.0,4999.0,12.0
Asia,2024-W17,3.0,0.0,5002.0,12.0
Asia,2024-W18,66.0,0.0,5068.0,12.0
Asia,2024-W19,26.0,0.0,5094.0,12.0
Asia,2024-W20,1.0,0.0,5095.0,12.0
Asia,2024-W21,5.0,0.0,5100.0,12.0
Asia,2024-W22,109.0,9.0,5209.0,21.0
Asia,2024-W23,0.0,0.0,5209.0,21.0
Asia,2024-W24,0.0,0.0,5209.0,21.0
Asia,2024-W25,0.0,0.0,5209.0,21.0
Asia,2024-W26,87.0,0.0,5296.0,21.0
Asia,2024-W27,0.0,0.0,5296.0,21.0
Asia,2024-W28,5.0,1.0,5301.0,22.0
Asia,2024-W29,7.0,0.0,5308.0,22.0
Asia,2024-W30,9.0,0.0,5317.0,22.0
Asia,2024-W31,72.0,0.0,5389.0,22.0
Asia,2024-W32,3.0,0.0,5392.0,22.0
Asia,2024-W33,8.0,0.0,5400.0,22.0
Asia,2024-W34,9.0,0.0,5409.0,22.0
Asia,2024-W35,79.0,0.0,5488.0,22.0
Asia,2024-W36,2.0,0.0,5490.0,22.0
Asia,2024-W37,15.0,0.0,5505.0,22.0
Asia,2024-W38,1.0,0.0,5506.0,22.0
Asia,2024-W39,24.0,0.0,5530.0,22.0
Asia,2024-W40,75.0,1.0,5605.0,23.0
Asia,2024-W41,3.0,0.0,5608.0,23.0
Asia,2024-W42,2.0,0.0,5610.0,23.0
Asia,2024-W43,2.0,0.0,5612.0,23.0
Asia,2024-W44,59.0,0.0,5671.0,23.0
Asia,2024-W45,3.0,0.0,5674.0,23.0
Asia,2024-W46,7.0,0.0,5681.0,23.0
Asia,2024-W47,1.0,0.0,5682.0,23.0
Asia,2024-W48,52.0,2.0,5734.0,25.0
Asia,2024-W49,2.0,0.0,5736.0,25.0
Asia,2024-W50,2.0,0.0,5738.0,25.0
Asia,2024-W51,3.0,0.0,5741.0,25.0
Asia,2024-W52,9.0,0.0,5750.0,25.0
Asia,2025-W01,39.0,3.0,5789.0,28.0
Asia,2025-W02,55.0,0.0,5844.0,28.0
Asia,2025-W03,1.0,0.0,5845.0,28.0
Asia,2025-W04,13.0,0.0,5858.0,28.0
Asia,2025-W05,44.0,3.0,5902.0,31.0
Asia,2025-W06,6.0,0.0,5908.0,31.0
Asia,2025-W07,1.0,0.0,5909.0,31.0
Asia,2025-W08,27.0,1.0,5936.0,32.0
Asia,2025-W09,80.0,0.0,6016.0,32.0
Asia,2025-W10,6.0,0.0,6022.0,32.0
Asia,2025-W11,4.0,0.0,6026.0,32.0
Asia,2025-W12,2.0,0.0,6028.0,32.0
Asia,2025-W13,0.0,0.0,6028.0,32.0
Asia,2025-W14,115.0,0.0,6143.0,32.0
Asia,2025-W15,3.0,0.0,6146.0,32.0
Asia,2025-W16,1.0,0.0,6147.0,32.0
Asia,2025-W17,4.0,0.0,6151.0,32.0
Asia,2025-W18,127.0,1.0,6278.0,33.0
Asia,2025-W19,5.0,0.0,6283.0,33.0
Asia,2025-W20,3.0,0.0,6286.0,33.0
Asia,2025-W21,2.0,0.0,6288.0,33.0
Asia,2025-W22,123.0,0.0,6411.0,33.0
Asia,2025-W23,2.0,0.0,6413.0,33.0
Asia,2025-W24,2.0,0.0,6415.0,33.0
Asia,2025-W25,2.0,0.0,6417.0,33.0
Asia,2025-W26,5.0,0.0,6422.0,33.0
Asia,2025-W27,250.0,2.0,6672.0,35.0
Asia,2025-W28,33.0,0.0,6705.0,35.0
Asia,2025-W29,2.0,0.0,6707.0,35.0
Asia,2025-W30,7.0,0.0,6714.0,35.0
Asia,2025-W31,188.0,0.0,6902.0,35.0
Asia,2025-W32,8.0,0.0,6910.0,35.0
Asia,2025-W33,15.0,0.0,6925.0,35.0
Asia,2025-W34,4.0,0.0,6929.0,35.0
Asia,2025-W35,119.0,0.0,7048.0,35.0
Asia,2025-W36,3.0,0.0,7051.0,35.0
Asia,2025-W37,2.0,0.0,7053.0,35.0
Asia,2025-W38,7.0,0.0,7060.0,35.0
Asia,2025-W39,4.0,0.0,7064.0,35.0
Asia,2025-W40,123.0,1.0,7187.0,36.0
Asia,2025-W41,7.0,0.0,7194.0,36.0
Asia,2025-W42,2.0,0.0,7196.0,36.0
Asia,2025-W43,6.0,0.0,7202.0,36.0
Asia,2025-W44,117.0,0.0,7319.0,36.0
Asia,2025-W45,12.0,0.0,7331.0,36.0
Asia,2025-W46,14.0,0.0,7345.0,36.0
Asia,2025-W47,8.0,0.0,7353.0,36.0
Asia,2025-W48,96.0,0.0,7449.0,36.0
Asia,2025-W49,7.0,0.0,7456.0,36.0
Asia,2025-W50,2.0,0.0,7458.0,36.0
Asia,2025-W51,1.0,0.0,7459.0,36.0
Asia,2025-W52,10.0,0.0,7469.0,36.0
Asia,2026-W01,0.0,0.0,7469.0,36.0
Australia,2022-W20,2.0,0.0,2.0,0.0
Australia,2022-W21,0.0,0.0,2.0,0.0
Australia,2022-W22,3.0,0.0,5.0,0.0
Australia,2022-W23,2.0,0.0,7.0,0.0
Australia,2022-W24,1.0,0.0,8.0,0.0
Australia,2022-W25,1.0,0.0,9.0,0.0
Australia,2022-W26,3.0,0.0,12.0,0.0
Australia,2022-W27,11.0,0.0,23.0,0.0
Australia,2022-W28,10.0,0.0,33.0,0.0
Australia,2022-W29,11.0,0.0,44.0,0.0
Australia,2022-W30,1.0,0.0,45.0,0.0
Australia,2022-W31,13.0,0.0,58.0,0.0
Australia,2022-W32,12.0,0.0,70.0,0.0
Australia,2022-W33,19.0,0.0,89.0,0.0
Australia,2022-W34,17.0,0.0,106.0,0.0
Australia,2022-W35,18.0,0.0,124.0,0.0
Australia,2022-W36,5.0,0.0,129.0,0.0
Australia,2022-W37,3.0,0.0,132.0,0.0
Australia,2022-W38,3.0,0.0,135.0,0.0
Australia,2022-W39,1.0,0.0,136.0,0.0
Australia,2022-W40,2.0,0.0,138.0,0.0
Australia,2022-W41,0.0,0.0,138.0,0.0
Australia,2022-W42,2.0,0.0,140.0,0.0
Australia,2022-W43,0.0,0.0,140.0,0.0
Australia,2022-W44,1.0,0.0,141.0,0.0
Australia,2022-W45,0.0,0.0,141.0,0.0
Australia,2022-W46,0.0,0.0,141.0,0.0
Australia,2022-W47,2.0,0.0,143.0,0.0
Australia,2022-W48,0.0,0.0,143.0,0.0
Australia,2022-W49,1.0,0.0,144.0,0.0
Australia,2022-W50,0.0,0.0,144.0,0.0
Australia,2022-W51,0.0,0.0,144.0,0.0
Australia,2022-W52,0.0,0.0,144.0,0.0
Australia,2023-W01,0.0,0.0,144.0,0.0
Australia,2023-W02,0.0,0.0,144.0,0.0
Australia,2023-W03,0.0,0.0,144.0,0.0
Australia,2023-W04,0.0,0.0,144.0,0.0
Australia,2023-W05,0.0,0.0,144.0,0.0
Australia,2023-W06,0.0,0.0,144.0,0.0
Australia,2023-W07,0.0,0.0,144.0,0.0
Australia,2023-W08,0.0,0.0,144.0,0.0
Australia,2023-W09,1.0,0.0,145.0,0.0
Australia,2023-W10,0.0,0.0,145.0,0.0
Australia,2023-W11,0.0,0.0,145.0,0.0
Australia,2023-W12,0.0,0.0,145.0,0.0
Australia,2023-W13,0.0,0.0,145.0,0.0
Australia,2023-W14,0.0,0.0,145.0,0.0
Australia,2023-W15,0.0,0.0,145.0,0.0
Australia,2023-W16,0.0,0.0,145.0,0.0
Australia,2023-W17,0.0,0.0,145.0,0.0
Australia,2023-W18,0.0,0.0,145.0,0.0
Australia,2023-W19,0.0,0.0,145.0,0.0
Australia,2023-W20,0.0,0.0,145.0,0.0
Australia,2023-W21,0.0,0.0,145.0,0.0
Australia,2023-W22,2.0,0.0,147.0,0.0
Australia,2023-W23,0.0,0.0,147.0,0.0
Australia,2023-W24,0.0,0.0,147.0,0.0
Australia,2023-W25,0.0,0.0,147.0,0.0
Australia,2023-W26,0.0,0.0,147.0,0.0
Australia,2023-W27,0.0,0.0,147.0,0.0
Australia,2023-W28,0.0,0.0,147.0,0.0
Australia,2023-W29,0.0,0.0,147.0,0.0
Australia,2023-W30,0.0,0.0,147.0,0.0
Australia,2023-W31,0.0,0.0,147.0,0.0
Australia,2023-W32,0.0,0.0,147.0,0.0
Australia,2023-W33,0.0,0.0,147.0,0.0
Australia,2023-W34,8.0,0.0,155.0,0.0
Australia,2023-W35,1.0,0.0,156.0,0.0
Australia,2023-W36,0.0,0.0,156.0,0.0
Australia,2023-W37,0.0,0.0,156.0,0.0
Australia,2023-W38,0.0,0.0,156.0,0.0
Australia,2023-W39,8.0,0.0,164.0,0.0
Australia,2023-W40,0.0,0.0,164.0,0.0
Australia,2023-W41,0.0,0.0,164.0,0.0
Australia,2023-W42,0.0,0.0,164.0,0.0
Australia,2023-W43,0.0,0.0,164.0,0.0
Australia,2023-W44,2.0,0.0,166.0,0.0
Australia,2023-W45,0.0,0.0,166.0,0.0
Australia,2023-W46,0.0,0.0,166.0,0.0
Australia,2023-W47,0.0,0.0,166.0,0.0
Australia,2023-W48,2.0,0.0,168.0,0.0
Australia,2023-W49,0.0,0.0,168.0,0.0
Australia,2023-W50,0.0,0.0,168.0,0.0
Australia,2023-W51,2.0,0.0,170.0,0.0
Australia,2023-W52,0.0,0.0,170.0,0.0
Australia,2024-W01,0.0,0.0,170.0,0.0
Australia,2024-W02,0.0,0.0,170.0,0.0
Australia,2024-W03,0.0,0.0,170.0,0.0
Australia,2024-W04,0.0,0.0,170.0,0.0
Australia,2024-W05,6.0,0.0,176.0,0.0
Australia,2024-W06,0.0,0.0,176.0,0.0
Australia,2024-W07,0.0,0.0,176.0,0.0
Australia,2024-W08,0.0,0.0,176.0,0.0
Australia,2024-W09,0.0,0.0,176.0,0.0
Australia,2024-W10,0.0,0.0,176.0,0.0
Australia,2024-W11,0.0,0.0,176.0,0.0
Australia,2024-W12,0.0,0.0,176.0,0.0
Australia,2024-W13,0.0,0.0,176.0,0.0
Australia,2024-W14,0.0,0.0,176.0,0.0
Australia,2024-W15,0.0,0.0,176.0,0.0
Australia,2024-W16,0.0,0.0,176.0,0.0
Australia,2024-W17,0.0,0.0,176.0,0.0
Australia,2024-W18,5.0,0.0,181.0,0.0
Australia,2024-W19,0.0,0.0,181.0,0.0
Australia,2024-W20,0.0,0.0,181.0,0.0
Australia,2024-W21,0.0,0.0,181.0,0.0
Australia,2024-W22,33.0,0.0,214.0,0.0
Australia,2024-W23,0.0,0.0,214.0,0.0
Australia,2024-W24,0.0,0.0,214.0,0.0
Australia,2024-W25,0.0,0.0,214.0,0.0
Australia,2024-W26,64.0,0.0,278.0,0.0
Australia,2024-W27,0.0,0.0,278.0,0.0
Australia,2024-W28,0.0,0.0,278.0,0.0
Australia,2024-W29,14.0,0.0,292.0,0.0
Australia,2024-W30,42.0,0.0,334.0,0.0
Australia,2024-W31,45.0,0.0,379.0,0.0
Australia,2024-W32,0.0,0.0,379.0,0.0
Australia,2024-W33,0.0,0.0,379.0,0.0
Australia,2024-W34,74.0,0.0,453.0,0.0
Australia,2024-W35,171.0,0.0,624.0,0.0
Australia,2024-W36,35.0,0.0,659.0,0.0
Australia,2024-W37,84.0,0.0,743.0,0.0
Australia,2024-W38,92.0,0.0,835.0,0.0
Australia,2024-W39,91.0,0.0,926.0,0.0
Australia,2024-W40,72.0,0.0,998.0,0.0
Australia,2024-W41,77.0,0.0,1075.0,0.0
Australia,2024-W42,79.0,0.0,1154.0,0.0
Australia,2024-W43,68.0,0.0,1222.0,0.0
Australia,2024-W44,79.0,0.0,1301.0,0.0
Australia,2024-W45,57.0,0.0,1358.0,0.0
Australia,2024-W46,49.0,0.0,1407.0,0.0
Australia,2024-W47,29.0,0.0,1436.0,0.0
Australia,2024-W48,34.0,0.0,1470.0,0.0
Australia,2024-W49,0.0,0.0,1470.0,0.0
Australia,2024-W50,52.0,0.0,1522.0,0.0
Australia,2024-W51,19.0,0.0,1541.0,0.0
Australia,2024-W52,13.0,0.0,1554.0,0.0
Australia,2025-W01,47.0,0.0,1601.0,0.0
Australia,2025-W02,7.0,0.0,1608.0,0.0
Australia,2025-W03,17.0,0.0,1625.0,0.0
Australia,2025-W04,19.0,0.0,1644.0,0.0
Australia,2025-W05,9.0,0.0,1653.0,0.0
Australia,2025-W06,14.0,0.0,1667.0,0.0
Australia,2025-W07,14.0,0.0,1681.0,0.0
Australia,2025-W08,3.0,0.0,1684.0,0.0
Australia,2025-W09,6.0,0.0,1690.0,0.0
Australia,2025-W10,7.0,0.0,1697.0,0.0
Australia,2025-W11,0.0,0.0,1697.0,0.0
Australia,2025-W12,0.0,0.0,1697.0,0.0
Australia,2025-W13,3.0,0.0,1700.0,0.0
Australia,2025-W14,3.0,0.0,1703.0,0.0
Australia,2025-W15,5.0,0.0,1708.0,0.0
Australia,2025-W16,2.0,0.0,1710.0,0.0
Australia,2025-W17,2.0,0.0,1712.0,0.0
Australia,2025-W18,3.0,0.0,1715.0,0.0
Australia,2025-W19,5.0,0.0,1720.0,0.0
Australia,2025-W20,3.0,0.0,1723.0,0.0
Australia,2025-W21,3.0,0.0,1726.0,0.0
Australia,2025-W22,0.0,0.0,1726.0,0.0
Australia,2025-W23,1.0,0.0,1727.0,0.0
Australia,2025-W24,0.0,0.0,1727.0,0.0
Australia,2025-W25,0.0,0.0,1727.0,0.0
Australia,2025-W26,0.0,0.0,1727.0,0.0
Australia,2025-W27,1.0,0.0,1728.0,0.0
Australia,2025-W28,0.0,0.0,1728.0,0.0
Australia,2025-W29,0.0,0.0,1728.0,0.0
Australia,2025-W30,0.0,0.0,1728.0,0.0
Australia,2025-W31,12.0,0.0,1740.0,0.0
Australia,2025-W32,0.0,0.0,1740.0,0.0
Australia,2025-W33,0.0,0.0,1740.0,0.0
Australia,2025-W34,0.0,0.0,1740.0,0.0
Australia,2025-W35,17.0,0.0,1757.0,0.0
Australia,2025-W36,0.0,0.0,1757.0,0.0
Australia,2025-W37,0.0,0.0,1757.0,0.0
Australia,2025-W38,0.0,0.0,1757.0,0.0
Australia,2025-W39,0.0,0.0,1757.0,0.0
Australia,2025-W40,14.0,0.0,1771.0,0.0
Australia,2025-W41,0.0,0.0,1771.0,0.0
Australia,2025-W42,0.0,0.0,1771.0,0.0
Australia,2025-W43,0.0,0.0,1771.0,0.0
Australia,2025-W44,19.0,0.0,1790.0,0.0
Australia,2025-W45,0.0,0.0,1790.0,0.0
Australia,2025-W46,0.0,0.0,1790.0,0.0
Australia,2025-W47,0.0,0.0,1790.0,0.0
Australia,2025-W48,12.0,0.0,1802.0,0.0
Australia,2025-W49,0.0,0.0,1802.0,0.0
Australia,2025-W50,0.0,0.0,1802.0,0.0
Australia,2025-W51,0.0,0.0,1802.0,0.0
Australia,2025-W52,0.0,0.0,1802.0,0.0
Australia,2026-W01,5.0,0.0,1807.0,0.0
Austria,2022-W21,1.0,0.0,1.0,0.0
Austria,2022-W22,0.0,0.0,1.0,0.0
Austria,2022-W23,0.0,0.0,1.0,0.0
Austria,2022-W24,10.0,0.0,11.0,0.0
Austria,2022-W25,9.0,0.0,20.0,0.0
Austria,2022-W26,17.0,0.0,37.0,0.0
Austria,2022-W27,25.0,0.0,62.0,0.0
Austria,2022-W28,12.0,0.0,74.0,0.0
Austria,2022-W29,17.0,0.0,91.0,0.0
Austria,2022-W30,27.0,0.0,118.0,0.0
Austria,2022-W31,36.0,0.0,154.0,0.0
Austria,2022-W32,45.0,0.0,199.0,0.0
Austria,2022-W33,18.0,0.0,217.0,0.0
Austria,2022-W34,41.0,0.0,258.0,0.0
Austria,2022-W35,15.0,0.0,273.0,0.0
Austria,2022-W36,13.0,0.0,286.0,0.0
Austria,2022-W37,15.0,0.0,301.0,0.0
Austria,2022-W38,6.0,0.0,307.0,0.0
Austria,2022-W39,6.0,0.0,313.0,0.0
Austria,2022-W40,4.0,0.0,317.0,0.0
Austria,2022-W41,3.0,0.0,320.0,0.0
Austria,2022-W42,3.0,0.0,323.0,0.0
Austria,2022-W43,0.0,0.0,323.0,0.0
Austria,2022-W44,2.0,0.0,325.0,0.0
Austria,2022-W45,0.0,0.0,325.0,0.0
Austria,2022-W46,1.0,0.0,326.0,0.0
Austria,2022-W47,0.0,0.0,326.0,0.0
Austria,2022-W48,1.0,0.0,327.0,0.0
Austria,2022-W49,0.0,0.0,327.0,0.0
Austria,2022-W50,0.0,0.0,327.0,0.0
Austria,2022-W51,0.0,0.0,327.0,0.0
Austria,2022-W52,0.0,0.0,327.0,0.0
Austria,2023-W01,0.0,0.0,327.0,0.0
Austria,2023-W02,0.0,0.0,327.0,0.0
Austria,2023-W03,0.0,0.0,327.0,0.0
Austria,2023-W04,0.0,0.0,327.0,0.0
Austria,2023-W05,0.0,0.0,327.0,0.0
Austria,2023-W06,0.0,0.0,327.0,0.0
Austria,2023-W07,0.0,0.0,327.0,0.0
Austria,2023-W08,0.0,0.0,327.0,0.0
Austria,2023-W09,0.0,0.0,327.0,0.0
Austria,2023-W10,0.0,0.0,327.0,0.0
Austria,2023-W11,0.0,0.0,327.0,0.0
Austria,2023-W12,0.0,0.0,327.0,0.0
Austria,2023-W13,0.0,0.0,327.0,0.0
Austria,2023-W14,0.0,0.0,327.0,0.0
Austria,2023-W15,0.0,0.0,327.0,0.0
Austria,2023-W16,1.0,0.0,328.0,0.0
Austria,2023-W17,0.0,0.0,328.0,0.0
Austria,2023-W18,0.0,0.0,328.0,0.0
Austria,2023-W19,0.0,0.0,328.0,0.0
Austria,2023-W20,0.0,0.0,328.0,0.0
Austria,2023-W21,0.0,0.0,328.0,0.0
Austria,2023-W22,0.0,0.0,328.0,0.0
Austria,2023-W23,0.0,0.0,328.0,0.0
Austria,2023-W24,0.0,0.0,328.0,0.0
Austria,2023-W25,0.0,0.0,328.0,0.0
Austria,2023-W26,0.0,0.0,328.0,0.0
Austria,2023-W27,0.0,0.0,328.0,0.0
Austria,2023-W28,0.0,0.0,328.0,0.0
Austria,2023-W29,0.0,0.0,328.0,0.0
Austria,2023-W30,0.0,0.0,328.0,0.0
Austria,2023-W31,0.0,0.0,328.0,0.0
Austria,2023-W32,0.0,0.0,328.0,0.0
Austria,2023-W33,0.0,0.0,328.0,0.0
Austria,2023-W34,0.0,0.0,328.0,0.0
Austria,2023-W35,0.0,0.0,328.0,0.0
Austria,2023-W36,0.0,0.0,328.0,0.0
Austria,2023-W37,0.0,0.0,328.0,0.0
Austria,2023-W38,1.0,0.0,329.0,0.0
Austria,2023-W39,1.0,0.0,330.0,0.0
Austria,2023-W40,0.0,0.0,330.0,0.0
Austria,2023-W41,0.0,0.0,330.0,0.0
Austria,2023-W42,0.0,0.0,330.0,0.0
Austria,2023-W43,0.0,0.0,330.0,0.0
Austria,2023-W44,1.0,0.0,331.0,0.0
Austria,2023-W45,0.0,0.0,331.0,0.0
Austria,2023-W46,0.0,0.0,331.0,0.0
Austria,2023-W47,0.0,0.0,331.0,0.0
Austria,2023-W48,2.0,0.0,333.0,0.0
Austria,2023-W49,0.0,0.0,333.0,0.0
Austria,2023-W50,0.0,0.0,333.0,0.0
Austria,2023-W51,0.0,0.0,333.0,0.0
Austria,2023-W52,5.0,0.0,338.0,0.0
Austria,2024-W01,0.0,0.0,338.0,0.0
Austria,2024-W02,0.0,0.0,338.0,0.0
Austria,2024-W03,0.0,0.0,338.0,0.0
Austria,2024-W04,0.0,0.0,338.0,0.0
Austria,2024-W05,3.0,0.0,341.0,0.0
Austria,2024-W06,0.0,0.0,341.0,0.0
Austria,2024-W07,0.0,0.0,341.0,0.0
Austria,2024-W08,0.0,0.0,341.0,0.0
Austria,2024-W09,4.0,1.0,345.0,1.0
Austria,2024-W10,0.0,0.0,345.0,1.0
Austria,2024-W11,0.0,0.0,345.0,1.0
Austria,2024-W12,0.0,0.0,345.0,1.0
Austria,2024-W13,0.0,0.0,345.0,1.0
Austria,2024-W14,0.0,0.0,345.0,1.0
Austria,2024-W15,0.0,0.0,345.0,1.0
Austria,2024-W16,0.0,0.0,345.0,1.0
Austria,2024-W17,0.0,0.0,345.0,1.0
Austria,2024-W18,1.0,0.0,346.0,1.0
Austria,2024-W19,0.0,0.0,346.0,1.0
Austria,2024-W20,0.0,0.0,346.0,1.0
Austria,2024-W21,0.0,0.0,346.0,1.0
Austria,2024-W22,2.0,0.0,348.0,1.0
Austria,2024-W23,0.0,0.0,348.0,1.0
Austria,2024-W24,0.0,0.0,348.0,1.0
Austria,2024-W25,0.0,0.0,348.0,1.0
Austria,2024-W26,0.0,0.0,348.0,1.0
Austria,2024-W27,0.0,0.0,348.0,1.0
Austria,2024-W28,0.0,0.0,348.0,1.0
Austria,2024-W29,0.0,0.0,348.0,1.0
Austria,2024-W30,0.0,0.0,348.0,1.0
Austria,2024-W31,0.0,0.0,348.0,1.0
Austria,2024-W32,0.0,0.0,348.0,1.0
Austria,2024-W33,0.0,0.0,348.0,1.0
Austria,2024-W34,0.0,0.0,348.0,1.0
Austria,2024-W35,2.0,0.0,350.0,1.0
Austria,2024-W36,0.0,0.0,350.0,1.0
Austria,2024-W37,0.0,0.0,350.0,1.0
Austria,2024-W38,0.0,0.0,350.0,1.0
Austria,2024-W39,0.0,0.0,350.0,1.0
Austria,2024-W40,3.0,0.0,353.0,1.0
Austria,2024-W41,0.0,0.0,353.0,1.0
Austria,2024-W42,0.0,0.0,353.0,1.0
Austria,2024-W43,0.0,0.0,353.0,1.0
Austria,2024-W44,3.0,0.0,356.0,1.0
Austria,2024-W45,0.0,0.0,356.0,1.0
Austria,2024-W46,0.0,0.0,356.0,1.0
Austria,2024-W47,0.0,0.0,356.0,1.0
Austria,2024-W48,7.0,0.0,363.0,1.0
Austria,2024-W49,0.0,0.0,363.0,1.0
Austria,2024-W50,0.0,0.0,363.0,1.0
Austria,2024-W51,0.0,0.0,363.0,1.0
Austria,2024-W52,0.0,0.0,363.0,1.0
Austria,2025-W01,4.0,0.0,367.0,1.0
Austria,2025-W02,1.0,0.0,368.0,1.0
Austria,2025-W03,0.0,0.0,368.0,1.0
Austria,2025-W04,0.0,0.0,368.0,1.0
Austria,2025-W05,0.0,0.0,368.0,1.0
Austria,2025-W06,0.0,0.0,368.0,1.0
Austria,2025-W07,0.0,0.0,368.0,1.0
Austria,2025-W08,0.0,0.0,368.0,1.0
Austria,2025-W09,3.0,0.0,371.0,1.0
Austria,2025-W10,0.0,0.0,371.0,1.0
Austria,2025-W11,0.0,0.0,371.0,1.0
Austria,2025-W12,0.0,0.0,371.0,1.0
Austria,2025-W13,0.0,0.0,371.0,1.0
Austria,2025-W14,1.0,0.0,372.0,1.0
Austria,2025-W15,0.0,0.0,372.0,1.0
Austria,2025-W16,0.0,0.0,372.0,1.0
Austria,2025-W17,0.0,0.0,372.0,1.0
Austria,2025-W18,2.0,0.0,374.0,1.0
Austria,2025-W19,0.0,0.0,374.0,1.0
Austria,2025-W20,2.0,0.0,376.0,1.0
Austria,2025-W21,0.0,0.0,376.0,1.0
Austria,2025-W22,0.0,0.0,376.0,1.0
Austria,2025-W23,0.0,0.0,376.0,1.0
Austria,2025-W24,1.0,0.0,377.0,1.0
Austria,2025-W25,0.0,0.0,377.0,1.0
Austria,2025-W26,0.0,0.0,377.0,1.0
Austria,2025-W27,0.0,0.0,377.0,1.0
Austria,2025-W28,1.0,0.0,378.0,1.0
Austria,2025-W29,0.0,0.0,378.0,1.0
Austria,2025-W30,0.0,0.0,378.0,1.0
Austria,2025-W31,0.0,0.0,378.0,1.0
Austria,2025-W32,0.0,0.0,378.0,1.0
Austria,2025-W33,3.0,0.0,381.0,1.0
Austria,2025-W34,0.0,0.0,381.0,1.0
Austria,2025-W35,0.0,0.0,381.0,1.0
Austria,2025-W36,0.0,0.0,381.0,1.0
Austria,2025-W37,0.0,0.0,381.0,1.0
Austria,2025-W38,0.0,0.0,381.0,1.0
Austria,2025-W39,0.0,0.0,381.0,1.0
Austria,2025-W40,0.0,0.0,381.0,1.0
Austria,2025-W41,0.0,0.0,381.0,1.0
Austria,2025-W42,0.0,0.0,381.0,1.0
Austria,2025-W43,0.0,0.0,381.0,1.0
Austria,2025-W44,0.0,0.0,381.0,1.0
Austria,2025-W45,0.0,0.0,381.0,1.0
Austria,2025-W46,6.0,0.0,387.0,1.0
Austria,2025-W47,0.0,0.0,387.0,1.0
Austria,2025-W48,0.0,0.0,387.0,1.0
Austria,2025-W49,0.0,0.0,387.0,1.0
Austria,2025-W50,0.0,0.0,387.0,1.0
Austria,2025-W51,0.0,0.0,387.0,1.0
Austria,2025-W52,0.0,0.0,387.0,1.0
Azerbaijan,2025-W02,1.0,0.0,1.0,0.0
Azerbaijan,2025-W03,0.0,0.0,1.0,0.0
Azerbaijan,2025-W04,0.0,0.0,1.0,0.0
Azerbaijan,2025-W05,0.0,0.0,1.0,0.0
Azerbaijan,2025-W06,0.0,0.0,1.0,0.0
Azerbaijan,2025-W07,0.0,0.0,1.0,0.0
Azerbaijan,2025-W08,0.0,0.0,1.0,0.0
Azerbaijan,2025-W09,0.0,0.0,1.0,0.0
Azerbaijan,2025-W10,0.0,0.0,1.0,0.0
Azerbaijan,2025-W11,0.0,0.0,1.0,0.0
Azerbaijan,2025-W12,0.0,0.0,1.0,0.0
Azerbaijan,2025-W13,0.0,0.0,1.0,0.0
Azerbaijan,2025-W14,0.0,0.0,1.0,0.0
Azerbaijan,2025-W15,0.0,0.0,1.0,0.0
Azerbaijan,2025-W16,0.0,0.0,1.0,0.0
Azerbaijan,2025-W17,0.0,0.0,1.0,0.0
Azerbaijan,2025-W18,0.0,0.0,1.0,0.0
Azerbaijan,2025-W19,0.0,0.0,1.0,0.0
Azerbaijan,2025-W20,0.0,0.0,1.0,0.0
Azerbaijan,2025-W21,0.0,0.0,1.0,0.0
Azerbaijan,2025-W22,0.0,0.0,1.0,0.0
Azerbaijan,2025-W23,0.0,0.0,1.0,0.0
Azerbaijan,2025-W24,0.0,0.0,1.0,0.0
Azerbaijan,2025-W25,0.0,0.0,1.0,0.0
Azerbaijan,2025-W26,0.0,0.0,1.0,0.0
Azerbaijan,2025-W27,0.0,0.0,1.0,0.0
Azerbaijan,2025-W28,0.0,0.0,1.0,0.0
Azerbaijan,2025-W29,0.0,0.0,1.0,0.0
Azerbaijan,2025-W30,0.0,0.0,1.0,0.0
Azerbaijan,2025-W31,0.0,0.0,1.0,0.0
Azerbaijan,2025-W32,0.0,0.0,1.0,0.0
Azerbaijan,2025-W33,0.0,0.0,1.0,0.0
Azerbaijan,2025-W34,0.0,0.0,1.0,0.0
Azerbaijan,2025-W35,0.0,0.0,1.0,0.0
Azerbaijan,2025-W36,0.0,0.0,1.0,0.0
Azerbaijan,2025-W37,0.0,0.0,1.0,0.0
Azerbaijan,2025-W38,0.0,0.0,1.0,0.0
Azerbaijan,2025-W39,0.0,0.0,1.0,0.0
Azerbaijan,2025-W40,0.0,0.0,1.0,0.0
Azerbaijan,2025-W41,0.0,0.0,1.0,0.0
Azerbaijan,2025-W42,0.0,0.0,1.0,0.0
Azerbaijan,2025-W43,0.0,0.0,1.0,0.0
Azerbaijan,2025-W44,0.0,0.0,1.0,0.0
Azerbaijan,2025-W45,0.0,0.0,1.0,0.0
Azerbaijan,2025-W46,0.0,0.0,1.0,0.0
Azerbaijan,2025-W47,0.0,0.0,1.0,0.0
Azerbaijan,2025-W48,0.0,0.0,1.0,0.0
Azerbaijan,2025-W49,0.0,0.0,1.0,0.0
Azerbaijan,2025-W50,0.0,0.0,1.0,0.0
Azerbaijan,2025-W51,0.0,0.0,1.0,0.0
Azerbaijan,2025-W52,0.0,0.0,1.0,0.0
Bahamas,2022-W23,1.0,0.0,1.0,0.0
Bahamas,2022-W24,0.0,0.0,1.0,0.0
Bahamas,2022-W25,0.0,0.0,1.0,0.0
Bahamas,2022-W26,0.0,0.0,1.0,0.0
Bahamas,2022-W27,0.0,0.0,1.0,0.0
Bahamas,2022-W28,0.0,0.0,1.0,0.0
Bahamas,2022-W29,0.0,0.0,1.0,0.0
Bahamas,2022-W30,0.0,0.0,1.0,0.0
Bahamas,2022-W31,1.0,0.0,2.0,0.0
Bahamas,2022-W32,0.0,0.0,2.0,0.0
Bahamas,2022-W33,0.0,0.0,2.0,0.0
Bahamas,2022-W34,0.0,0.0,2.0,0.0
Bahamas,2022-W35,0.0,0.0,2.0,0.0
Bahamas,2022-W36,0.0,0.0,2.0,0.0
Bahamas,2022-W37,0.0,0.0,2.0,0.0
Bahamas,2022-W38,0.0,0.0,2.0,0.0
Bahamas,2022-W39,0.0,0.0,2.0,0.0
Bahamas,2022-W40,0.0,0.0,2.0,0.0
Bahamas,2022-W41,0.0,0.0,2.0,0.0
Bahamas,2022-W42,0.0,0.0,2.0,0.0
Bahamas,2022-W43,0.0,0.0,2.0,0.0
Bahamas,2022-W44,0.0,0.0,2.0,0.0
Bahamas,2022-W45,0.0,0.0,2.0,0.0
Bahamas,2022-W46,0.0,0.0,2.0,0.0
Bahamas,2022-W47,0.0,0.0,2.0,0.0
Bahamas,2022-W48,0.0,0.0,2.0,0.0
Bahamas,2022-W49,0.0,0.0,2.0,0.0
Bahamas,2022-W50,0.0,0.0,2.0,0.0
Bahamas,2022-W51,0.0,0.0,2.0,0.0
Bahamas,2022-W52,0.0,0.0,2.0,0.0
Bahamas,2023-W01,0.0,0.0,2.0,0.0
Bahamas,2023-W02,0.0,0.0,2.0,0.0
Bahamas,2023-W03,0.0,0.0,2.0,0.0
Bahamas,2023-W04,0.0,0.0,2.0,0.0
Bahamas,2023-W05,0.0,0.0,2.0,0.0
Bahamas,2023-W06,0.0,0.0,2.0,0.0
Bahamas,2023-W07,0.0,0.0,2.0,0.0
Bahamas,2023-W08,0.0,0.0,2.0,0.0
Bahamas,2023-W09,0.0,0.0,2.0,0.0
Bahamas,2023-W10,0.0,0.0,2.0,0.0
Bahamas,2023-W11,0.0,0.0,2.0,0.0
Bahamas,2023-W12,0.0,0.0,2.0,0.0
Bahamas,2023-W13,0.0,0.0,2.0,0.0
Bahamas,2023-W14,0.0,0.0,2.0,0.0
Bahamas,2023-W15,0.0,0.0,2.0,0.0
Bahamas,2023-W16,0.0,0.0,2.0,0.0
Bahamas,2023-W17,0.0,0.0,2.0,0.0
Bahamas,2023-W18,0.0,0.0,2.0,0.0
Bahamas,2023-W19,0.0,0.0,2.0,0.0
Bahamas,2023-W20,0.0,0.0,2.0,0.0
Bahamas,2023-W21,0.0,0.0,2.0,0.0
Bahamas,2023-W22,2.0,0.0,4.0,0.0
Bahamas,2023-W23,0.0,0.0,4.0,0.0
Bahamas,2023-W24,0.0,0.0,4.0,0.0
Bahamas,2023-W25,0.0,0.0,4.0,0.0
Bahamas,2023-W26,0.0,0.0,4.0,0.0
Bahamas,2023-W27,0.0,0.0,4.0,0.0
Bahamas,2023-W28,0.0,0.0,4.0,0.0
Bahamas,2023-W29,0.0,0.0,4.0,0.0
Bahamas,2023-W30,0.0,0.0,4.0,0.0
Bahamas,2023-W31,0.0,0.0,4.0,0.0
Bahamas,2023-W32,0.0,0.0,4.0,0.0
Bahamas,2023-W33,0.0,0.0,4.0,0.0
Bahamas,2023-W34,0.0,0.0,4.0,0.0
Bahamas,2023-W35,0.0,0.0,4.0,0.0
Bahamas,2023-W36,0.0,0.0,4.0,0.0
Bahamas,2023-W37,0.0,0.0,4.0,0.0
Bahamas,2023-W38,0.0,0.0,4.0,0.0
Bahamas,2023-W39,0.0,0.0,4.0,0.0
Bahamas,2023-W40,0.0,0.0,4.0,0.0
Bahamas,2023-W41,0.0,0.0,4.0,0.0
Bahamas,2023-W42,0.0,0.0,4.0,0.0
Bahamas,2023-W43,0.0,0.0,4.0,0.0
Bahamas,2023-W44,0.0,0.0,4.0,0.0
Bahamas,2023-W45,0.0,0.0,4.0,0.0
Bahamas,2023-W46,0.0,0.0,4.0,0.0
Bahamas,2023-W47,0.0,0.0,4.0,0.0
Bahamas,2023-W48,0.0,0.0,4.0,0.0
Bahamas,2023-W49,0.0,0.0,4.0,0.0
Bahamas,2023-W50,0.0,0.0,4.0,0.0
Bahamas,2023-W51,0.0,0.0,4.0,0.0
Bahamas,2023-W52,0.0,0.0,4.0,0.0
Bahamas,2024-W01,0.0,0.0,4.0,0.0
Bahamas,2024-W02,0.0,0.0,4.0,0.0
Bahamas,2024-W03,0.0,0.0,4.0,0.0
Bahamas,2024-W04,0.0,0.0,4.0,0.0
Bahamas,2024-W05,0.0,0.0,4.0,0.0
Bahamas,2024-W06,0.0,0.0,4.0,0.0
Bahamas,2024-W07,0.0,0.0,4.0,0.0
Bahamas,2024-W08,0.0,0.0,4.0,0.0
Bahamas,2024-W09,0.0,0.0,4.0,0.0
Bahamas,2024-W10,0.0,0.0,4.0,0.0
Bahamas,2024-W11,0.0,0.0,4.0,0.0
Bahamas,2024-W12,0.0,0.0,4.0,0.0
Bahamas,2024-W13,0.0,0.0,4.0,0.0
Bahamas,2024-W14,0.0,0.0,4.0,0.0
Bahamas,2024-W15,0.0,0.0,4.0,0.0
Bahamas,2024-W16,0.0,0.0,4.0,0.0
Bahamas,2024-W17,0.0,0.0,4.0,0.0
Bahamas,2024-W18,0.0,0.0,4.0,0.0
Bahamas,2024-W19,0.0,0.0,4.0,0.0
Bahamas,2024-W20,0.0,0.0,4.0,0.0
Bahamas,2024-W21,0.0,0.0,4.0,0.0
Bahamas,2024-W22,0.0,0.0,4.0,0.0
Bahamas,2024-W23,0.0,0.0,4.0,0.0
Bahamas,2024-W24,0.0,0.0,4.0,0.0
Bahamas,2024-W25,0.0,0.0,4.0,0.0
Bahamas,2024-W26,0.0,0.0,4.0,0.0
Bahamas,2024-W27,0.0,0.0,4.0,0.0
Bahamas,2024-W28,0.0,0.0,4.0,0.0
Bahamas,2024-W29,0.0,0.0,4.0,0.0
Bahamas,2024-W30,0.0,0.0,4.0,0.0
Bahamas,2024-W31,0.0,0.0,4.0,0.0
Bahamas,2024-W32,0.0,0.0,4.0,0.0
Bahamas,2024-W33,0.0,0.0,4.0,0.0
Bahamas,2024-W34,0.0,0.0,4.0,0.0
Bahamas,2024-W35,0.0,0.0,4.0,0.0
Bahamas,2024-W36,0.0,0.0,4.0,0.0
Bahamas,2024-W37,0.0,0.0,4.0,0.0
Bahamas,2024-W38,0.0,0.0,4.0,0.0
Bahamas,2024-W39,0.0,0.0,4.0,0.0
Bahamas,2024-W40,0.0,0.0,4.0,0.0
Bahamas,2024-W41,0.0,0.0,4.0,0.0
Bahamas,2024-W42,0.0,0.0,4.0,0.0
Bahamas,2024-W43,0.0,0.0,4.0,0.0
Bahamas,2024-W44,0.0,0.0,4.0,0.0
Bahamas,2024-W45,0.0,0.0,4.0,0.0
Bahamas,2024-W46,0.0,0.0,4.0,0.0
Bahamas,2024-W47,0.0,0.0,4.0,0.0
Bahamas,2024-W48,0.0,0.0,4.0,0.0
Bahamas,2024-W49,0.0,0.0,4.0,0.0
Bahamas,2024-W50,0.0,0.0,4.0,0.0
Bahamas,2024-W51,0.0,0.0,4.0,0.0
Bahamas,2024-W52,0.0,0.0,4.0,0.0
Bahamas,2025-W01,0.0,0.0,4.0,0.0
Bahamas,2025-W02,0.0,0.0,4.0,0.0
Bahamas,2025-W03,0.0,0.0,4.0,0.0
Bahamas,2025-W04,0.0,0.0,4.0,0.0
Bahamas,2025-W05,0.0,0.0,4.0,0.0
Bahamas,2025-W06,0.0,0.0,4.0,0.0
Bahamas,2025-W07,0.0,0.0,4.0,0.0
Bahamas,2025-W08,0.0,0.0,4.0,0.0
Bahamas,2025-W09,0.0,0.0,4.0,0.0
Bahamas,2025-W10,0.0,0.0,4.0,0.0
Bahamas,2025-W11,0.0,0.0,4.0,0.0
Bahamas,2025-W12,0.0,0.0,4.0,0.0
Bahamas,2025-W13,0.0,0.0,4.0,0.0
Bahamas,2025-W14,0.0,0.0,4.0,0.0
Bahamas,2025-W15,0.0,0.0,4.0,0.0
Bahamas,2025-W16,0.0,0.0,4.0,0.0
Bahamas,2025-W17,0.0,0.0,4.0,0.0
Bahamas,2025-W18,0.0,0.0,4.0,0.0
Bahamas,2025-W19,0.0,0.0,4.0,0.0
Bahamas,2025-W20,0.0,0.0,4.0,0.0
Bahamas,2025-W21,0.0,0.0,4.0,0.0
Bahamas,2025-W22,0.0,0.0,4.0,0.0
Bahamas,2025-W23,0.0,0.0,4.0,0.0
Bahamas,2025-W24,0.0,0.0,4.0,0.0
Bahamas,2025-W25,0.0,0.0,4.0,0.0
Bahamas,2025-W26,0.0,0.0,4.0,0.0
Bahamas,2025-W27,0.0,0.0,4.0,0.0
Bahamas,2025-W28,0.0,0.0,4.0,0.0
Bahamas,2025-W29,0.0,0.0,4.0,0.0
Bahamas,2025-W30,0.0,0.0,4.0,0.0
Bahamas,2025-W31,0.0,0.0,4.0,0.0
Bahamas,2025-W32,0.0,0.0,4.0,0.0
Bahamas,2025-W33,0.0,0.0,4.0,0.0
Bahamas,2025-W34,0.0,0.0,4.0,0.0
Bahamas,2025-W35,0.0,0.0,4.0,0.0
Bahamas,2025-W36,0.0,0.0,4.0,0.0
Bahamas,2025-W37,0.0,0.0,4.0,0.0
Bahamas,2025-W38,0.0,0.0,4.0,0.0
Bahamas,2025-W39,0.0,0.0,4.0,0.0
Bahamas,2025-W40,0.0,0.0,4.0,0.0
Bahamas,2025-W41,0.0,0.0,4.0,0.0
Bahamas,2025-W42,0.0,0.0,4.0,0.0
Bahamas,2025-W43,0.0,0.0,4.0,0.0
Bahamas,2025-W44,0.0,0.0,4.0,0.0
Bahamas,2025-W45,0.0,0.0,4.0,0.0
Bahamas,2025-W46,0.0,0.0,4.0,0.0
Bahamas,2025-W47,0.0,0.0,4.0,0.0
Bahamas,2025-W48,0.0,0.0,4.0,0.0
Bahamas,2025-W49,0.0,0.0,4.0,0.0
Bahamas,2025-W50,0.0,0.0,4.0,0.0
Bahamas,2025-W51,0.0,0.0,4.0,0.0
Bahamas,2025-W52,0.0,0.0,4.0,0.0
Bahamas,2026-W01,0.0,0.0,4.0,0.0
Bahrain,2022-W37,1.0,0.0,1.0,0.0
Bahrain,2022-W38,0.0,0.0,1.0,0.0
Bahrain,2022-W39,0.0,0.0,1.0,0.0
Bahrain,2022-W40,0.0,0.0,1.0,0.0
Bahrain,2022-W41,0.0,0.0,1.0,0.0
Bahrain,2022-W42,0.0,0.0,1.0,0.0
Bahrain,2022-W43,0.0,0.0,1.0,0.0
Bahrain,2022-W44,0.0,0.0,1.0,0.0
Bahrain,2022-W45,0.0,0.0,1.0,0.0
Bahrain,2022-W46,0.0,0.0,1.0,0.0
Bahrain,2022-W47,0.0,0.0,1.0,0.0
Bahrain,2022-W48,0.0,0.0,1.0,0.0
Bahrain,2022-W49,0.0,0.0,1.0,0.0
Bahrain,2022-W50,0.0,0.0,1.0,0.0
Bahrain,2022-W51,0.0,0.0,1.0,0.0
Bahrain,2022-W52,0.0,0.0,1.0,0.0
Bahrain,2023-W01,0.0,0.0,1.0,0.0
Bahrain,2023-W02,0.0,0.0,1.0,0.0
Bahrain,2023-W03,0.0,0.0,1.0,0.0
Bahrain,2023-W04,0.0,0.0,1.0,0.0
Bahrain,2023-W05,0.0,0.0,1.0,0.0
Bahrain,2023-W06,0.0,0.0,1.0,0.0
Bahrain,2023-W07,0.0,0.0,1.0,0.0
Bahrain,2023-W08,0.0,0.0,1.0,0.0
Bahrain,2023-W09,0.0,0.0,1.0,0.0
Bahrain,2023-W10,0.0,0.0,1.0,0.0
Bahrain,2023-W11,0.0,0.0,1.0,0.0
Bahrain,2023-W12,0.0,0.0,1.0,0.0
Bahrain,2023-W13,0.0,0.0,1.0,0.0
Bahrain,2023-W14,0.0,0.0,1.0,0.0
Bahrain,2023-W15,1.0,0.0,2.0,0.0
Bahrain,2023-W16,0.0,0.0,2.0,0.0
Bahrain,2023-W17,0.0,0.0,2.0,0.0
Bahrain,2023-W18,0.0,0.0,2.0,0.0
Bahrain,2023-W19,0.0,0.0,2.0,0.0
Bahrain,2023-W20,0.0,0.0,2.0,0.0
Bahrain,2023-W21,0.0,0.0,2.0,0.0
Bahrain,2023-W22,0.0,0.0,2.0,0.0
Bahrain,2023-W23,0.0,0.0,2.0,0.0
Bahrain,2023-W24,0.0,0.0,2.0,0.0
Bahrain,2023-W25,0.0,0.0,2.0,0.0
Bahrain,2023-W26,0.0,0.0,2.0,0.0
Bahrain,2023-W27,0.0,0.0,2.0,0.0
Bahrain,2023-W28,0.0,0.0,2.0,0.0
Bahrain,2023-W29,0.0,0.0,2.0,0.0
Bahrain,2023-W30,0.0,0.0,2.0,0.0
Bahrain,2023-W31,0.0,0.0,2.0,0.0
Bahrain,2023-W32,0.0,0.0,2.0,0.0
Bahrain,2023-W33,0.0,0.0,2.0,0.0
Bahrain,2023-W34,0.0,0.0,2.0,0.0
Bahrain,2023-W35,0.0,0.0,2.0,0.0
Bahrain,2023-W36,0.0,0.0,2.0,0.0
Bahrain,2023-W37,0.0,0.0,2.0,0.0
Bahrain,2023-W38,0.0,0.0,2.0,0.0
Bahrain,2023-W39,0.0,0.0,2.0,0.0
Bahrain,2023-W40,0.0,0.0,2.0,0.0
Bahrain,2023-W41,0.0,0.0,2.0,0.0
Bahrain,2023-W42,0.0,0.0,2.0,0.0
Bahrain,2023-W43,0.0,0.0,2.0,0.0
Bahrain,2023-W44,0.0,0.0,2.0,0.0
Bahrain,2023-W45,0.0,0.0,2.0,0.0
Bahrain,2023-W46,0.0,0.0,2.0,0.0
Bahrain,2023-W47,0.0,0.0,2.0,0.0
Bahrain,2023-W48,0.0,0.0,2.0,0.0
Bahrain,2023-W49,0.0,0.0,2.0,0.0
Bahrain,2023-W50,0.0,0.0,2.0,0.0
Bahrain,2023-W51,0.0,0.0,2.0,0.0
Bahrain,2023-W52,0.0,0.0,2.0,0.0
Bahrain,2024-W01,0.0,0.0,2.0,0.0
Bahrain,2024-W02,0.0,0.0,2.0,0.0
Bahrain,2024-W03,0.0,0.0,2.0,0.0
Bahrain,2024-W04,0.0,0.0,2.0,0.0
Bahrain,2024-W05,0.0,0.0,2.0,0.0
Bahrain,2024-W06,0.0,0.0,2.0,0.0
Bahrain,2024-W07,0.0,0.0,2.0,0.0
Bahrain,2024-W08,0.0,0.0,2.0,0.0
Bahrain,2024-W09,0.0,0.0,2.0,0.0
Bahrain,2024-W10,0.0,0.0,2.0,0.0
Bahrain,2024-W11,0.0,0.0,2.0,0.0
Bahrain,2024-W12,0.0,0.0,2.0,0.0
Bahrain,2024-W13,0.0,0.0,2.0,0.0
Bahrain,2024-W14,0.0,0.0,2.0,0.0
Bahrain,2024-W15,0.0,0.0,2.0,0.0
Bahrain,2024-W16,0.0,0.0,2.0,0.0
Bahrain,2024-W17,0.0,0.0,2.0,0.0
Bahrain,2024-W18,0.0,0.0,2.0,0.0
Bahrain,2024-W19,0.0,0.0,2.0,0.0
Bahrain,2024-W20,0.0,0.0,2.0,0.0
Bahrain,2024-W21,0.0,0.0,2.0,0.0
Bahrain,2024-W22,0.0,0.0,2.0,0.0
Bahrain,2024-W23,0.0,0.0,2.0,0.0
Bahrain,2024-W24,0.0,0.0,2.0,0.0
Bahrain,2024-W25,0.0,0.0,2.0,0.0
Bahrain,2024-W26,0.0,0.0,2.0,0.0
Bahrain,2024-W27,0.0,0.0,2.0,0.0
Bahrain,2024-W28,0.0,0.0,2.0,0.0
Bahrain,2024-W29,0.0,0.0,2.0,0.0
Bahrain,2024-W30,0.0,0.0,2.0,0.0
Bahrain,2024-W31,0.0,0.0,2.0,0.0
Bahrain,2024-W32,0.0,0.0,2.0,0.0
Bahrain,2024-W33,0.0,0.0,2.0,0.0
Bahrain,2024-W34,0.0,0.0,2.0,0.0
Bahrain,2024-W35,0.0,0.0,2.0,0.0
Bahrain,2024-W36,0.0,0.0,2.0,0.0
Bahrain,2024-W37,0.0,0.0,2.0,0.0
Bahrain,2024-W38,0.0,0.0,2.0,0.0
Bahrain,2024-W39,0.0,0.0,2.0,0.0
Bahrain,2024-W40,0.0,0.0,2.0,0.0
Bahrain,2024-W41,0.0,0.0,2.0,0.0
Bahrain,2024-W42,0.0,0.0,2.0,0.0
Bahrain,2024-W43,0.0,0.0,2.0,0.0
Bahrain,2024-W44,0.0,0.0,2.0,0.0
Bahrain,2024-W45,0.0,0.0,2.0,0.0
Bahrain,2024-W46,0.0,0.0,2.0,0.0
Bahrain,2024-W47,0.0,0.0,2.0,0.0
Bahrain,2024-W48,0.0,0.0,2.0,0.0
Bahrain,2024-W49,0.0,0.0,2.0,0.0
Bahrain,2024-W50,0.0,0.0,2.0,0.0
Bahrain,2024-W51,0.0,0.0,2.0,0.0
Bahrain,2024-W52,0.0,0.0,2.0,0.0
Bahrain,2025-W01,0.0,0.0,2.0,0.0
Bahrain,2025-W02,0.0,0.0,2.0,0.0
Bahrain,2025-W03,0.0,0.0,2.0,0.0
Bahrain,2025-W04,0.0,0.0,2.0,0.0
Bahrain,2025-W05,0.0,0.0,2.0,0.0
Bahrain,2025-W06,0.0,0.0,2.0,0.0
Bahrain,2025-W07,0.0,0.0,2.0,0.0
Bahrain,2025-W08,0.0,0.0,2.0,0.0
Bahrain,2025-W09,0.0,0.0,2.0,0.0
Bahrain,2025-W10,0.0,0.0,2.0,0.0
Bahrain,2025-W11,0.0,0.0,2.0,0.0
Bahrain,2025-W12,0.0,0.0,2.0,0.0
Bahrain,2025-W13,0.0,0.0,2.0,0.0
Bahrain,2025-W14,0.0,0.0,2.0,0.0
Bahrain,2025-W15,0.0,0.0,2.0,0.0
Bahrain,2025-W16,1.0,0.0,3.0,0.0
Barbados,2022-W29,1.0,0.0,1.0,0.0
Barbados,2022-W30,0.0,0.0,1.0,0.0
Barbados,2022-W31,0.0,0.0,1.0,0.0
Barbados,2022-W32,0.0,0.0,1.0,0.0
Barbados,2022-W33,0.0,0.0,1.0,0.0
Barbados,2022-W34,0.0,0.0,1.0,0.0
Barbados,2022-W35,0.0,0.0,1.0,0.0
Barbados,2022-W36,0.0,0.0,1.0,0.0
Barbados,2022-W37,0.0,0.0,1.0,0.0
Barbados,2022-W38,0.0,0.0,1.0,0.0
Barbados,2022-W39,0.0,0.0,1.0,0.0
Barbados,2022-W40,0.0,0.0,1.0,0.0
Barbados,2022-W41,0.0,0.0,1.0,0.0
Barbados,2022-W42,0.0,0.0,1.0,0.0
Barbados,2022-W43,0.0,0.0,1.0,0.0
Barbados,2022-W44,0.0,0.0,1.0,0.0
Barbados,2022-W45,0.0,0.0,1.0,0.0
Barbados,2022-W46,0.0,0.0,1.0,0.0
Barbados,2022-W47,0.0,0.0,1.0,0.0
Barbados,2022-W48,0.0,0.0,1.0,0.0
Barbados,2022-W49,0.0,0.0,1.0,0.0
Barbados,2022-W50,0.0,0.0,1.0,0.0
Barbados,2022-W51,0.0,0.0,1.0,0.0
Barbados,2022-W52,0.0,0.0,1.0,0.0
Barbados,2023-W01,0.0,0.0,1.0,0.0
Barbados,2023-W02,0.0,0.0,1.0,0.0
Barbados,2023-W03,0.0,0.0,1.0,0.0
Barbados,2023-W04,0.0,0.0,1.0,0.0
Barbados,2023-W05,0.0,0.0,1.0,0.0
Barbados,2023-W06,0.0,0.0,1.0,0.0
Barbados,2023-W07,0.0,0.0,1.0,0.0
Barbados,2023-W08,0.0,0.0,1.0,0.0
Barbados,2023-W09,0.0,0.0,1.0,0.0
Barbados,2023-W10,0.0,0.0,1.0,0.0
Barbados,2023-W11,0.0,0.0,1.0,0.0
Barbados,2023-W12,0.0,0.0,1.0,0.0
Barbados,2023-W13,0.0,0.0,1.0,0.0
Barbados,2023-W14,0.0,0.0,1.0,0.0
Barbados,2023-W15,0.0,0.0,1.0,0.0
Barbados,2023-W16,0.0,0.0,1.0,0.0
Barbados,2023-W17,0.0,0.0,1.0,0.0
Barbados,2023-W18,0.0,0.0,1.0,0.0
Barbados,2023-W19,0.0,0.0,1.0,0.0
Barbados,2023-W20,0.0,0.0,1.0,0.0
Barbados,2023-W21,0.0,0.0,1.0,0.0
Barbados,2023-W22,0.0,0.0,1.0,0.0
Barbados,2023-W23,0.0,0.0,1.0,0.0
Barbados,2023-W24,0.0,0.0,1.0,0.0
Barbados,2023-W25,0.0,0.0,1.0,0.0
Barbados,2023-W26,0.0,0.0,1.0,0.0
Barbados,2023-W27,0.0,0.0,1.0,0.0
Barbados,2023-W28,0.0,0.0,1.0,0.0
Barbados,2023-W29,0.0,0.0,1.0,0.0
Barbados,2023-W30,0.0,0.0,1.0,0.0
Barbados,2023-W31,0.0,0.0,1.0,0.0
Barbados,2023-W32,0.0,0.0,1.0,0.0
Barbados,2023-W33,0.0,0.0,1.0,0.0
Barbados,2023-W34,0.0,0.0,1.0,0.0
Barbados,2023-W35,0.0,0.0,1.0,0.0
Barbados,2023-W36,0.0,0.0,1.0,0.0
Barbados,2023-W37,0.0,0.0,1.0,0.0
Barbados,2023-W38,0.0,0.0,1.0,0.0
Barbados,2023-W39,0.0,0.0,1.0,0.0
Barbados,2023-W40,0.0,0.0,1.0,0.0
Barbados,2023-W41,0.0,0.0,1.0,0.0
Barbados,2023-W42,0.0,0.0,1.0,0.0
Barbados,2023-W43,0.0,0.0,1.0,0.0
Barbados,2023-W44,0.0,0.0,1.0,0.0
Barbados,2023-W45,0.0,0.0,1.0,0.0
Barbados,2023-W46,0.0,0.0,1.0,0.0
Barbados,2023-W47,0.0,0.0,1.0,0.0
Barbados,2023-W48,0.0,0.0,1.0,0.0
Barbados,2023-W49,0.0,0.0,1.0,0.0
Barbados,2023-W50,0.0,0.0,1.0,0.0
Barbados,2023-W51,0.0,0.0,1.0,0.0
Barbados,2023-W52,0.0,0.0,1.0,0.0
Barbados,2024-W01,0.0,0.0,1.0,0.0
Barbados,2024-W02,0.0,0.0,1.0,0.0
Barbados,2024-W03,0.0,0.0,1.0,0.0
Barbados,2024-W04,0.0,0.0,1.0,0.0
Barbados,2024-W05,0.0,0.0,1.0,0.0
Barbados,2024-W06,0.0,0.0,1.0,0.0
Barbados,2024-W07,0.0,0.0,1.0,0.0
Barbados,2024-W08,0.0,0.0,1.0,0.0
Barbados,2024-W09,0.0,0.0,1.0,0.0
Barbados,2024-W10,0.0,0.0,1.0,0.0
Barbados,2024-W11,0.0,0.0,1.0,0.0
Barbados,2024-W12,0.0,0.0,1.0,0.0
Barbados,2024-W13,0.0,0.0,1.0,0.0
Barbados,2024-W14,0.0,0.0,1.0,0.0
Barbados,2024-W15,0.0,0.0,1.0,0.0
Barbados,2024-W16,0.0,0.0,1.0,0.0
Barbados,2024-W17,0.0,0.0,1.0,0.0
Barbados,2024-W18,0.0,0.0,1.0,0.0
Barbados,2024-W19,0.0,0.0,1.0,0.0
Barbados,2024-W20,0.0,0.0,1.0,0.0
Barbados,2024-W21,0.0,0.0,1.0,0.0
Barbados,2024-W22,0.0,0.0,1.0,0.0
Barbados,2024-W23,0.0,0.0,1.0,0.0
Barbados,2024-W24,0.0,0.0,1.0,0.0
Barbados,2024-W25,0.0,0.0,1.0,0.0
Barbados,2024-W26,0.0,0.0,1.0,0.0
Barbados,2024-W27,0.0,0.0,1.0,0.0
Barbados,2024-W28,0.0,0.0,1.0,0.0
Barbados,2024-W29,0.0,0.0,1.0,0.0
Barbados,2024-W30,0.0,0.0,1.0,0.0
Barbados,2024-W31,0.0,0.0,1.0,0.0
Barbados,2024-W32,0.0,0.0,1.0,0.0
Barbados,2024-W33,0.0,0.0,1.0,0.0
Barbados,2024-W34,0.0,0.0,1.0,0.0
Barbados,2024-W35,0.0,0.0,1.0,0.0
Barbados,2024-W36,0.0,0.0,1.0,0.0
Barbados,2024-W37,0.0,0.0,1.0,0.0
Barbados,2024-W38,0.0,0.0,1.0,0.0
Barbados,2024-W39,0.0,0.0,1.0,0.0
Barbados,2024-W40,0.0,0.0,1.0,0.0
Barbados,2024-W41,0.0,0.0,1.0,0.0
Barbados,2024-W42,0.0,0.0,1.0,0.0
Barbados,2024-W43,0.0,0.0,1.0,0.0
Barbados,2024-W44,0.0,0.0,1.0,0.0
Barbados,2024-W45,0.0,0.0,1.0,0.0
Barbados,2024-W46,0.0,0.0,1.0,0.0
Barbados,2024-W47,0.0,0.0,1.0,0.0
Barbados,2024-W48,0.0,0.0,1.0,0.0
Barbados,2024-W49,0.0,0.0,1.0,0.0
Barbados,2024-W50,0.0,0.0,1.0,0.0
Barbados,2024-W51,0.0,0.0,1.0,0.0
Barbados,2024-W52,0.0,0.0,1.0,0.0
Barbados,2025-W01,0.0,0.0,1.0,0.0
Barbados,2025-W02,0.0,0.0,1.0,0.0
Barbados,2025-W03,0.0,0.0,1.0,0.0
Barbados,2025-W04,0.0,0.0,1.0,0.0
Barbados,2025-W05,0.0,0.0,1.0,0.0
Barbados,2025-W06,0.0,0.0,1.0,0.0
Barbados,2025-W07,0.0,0.0,1.0,0.0
Barbados,2025-W08,0.0,0.0,1.0,0.0
Barbados,2025-W09,0.0,0.0,1.0,0.0
Barbados,2025-W10,0.0,0.0,1.0,0.0
Barbados,2025-W11,0.0,0.0,1.0,0.0
Barbados,2025-W12,0.0,0.0,1.0,0.0
Barbados,2025-W13,0.0,0.0,1.0,0.0
Barbados,2025-W14,0.0,0.0,1.0,0.0
Barbados,2025-W15,0.0,0.0,1.0,0.0
Barbados,2025-W16,0.0,0.0,1.0,0.0
Barbados,2025-W17,0.0,0.0,1.0,0.0
Barbados,2025-W18,0.0,0.0,1.0,0.0
Barbados,2025-W19,0.0,0.0,1.0,0.0
Barbados,2025-W20,0.0,0.0,1.0,0.0
Barbados,2025-W21,0.0,0.0,1.0,0.0
Barbados,2025-W22,0.0,0.0,1.0,0.0
Barbados,2025-W23,0.0,0.0,1.0,0.0
Barbados,2025-W24,0.0,0.0,1.0,0.0
Barbados,2025-W25,0.0,0.0,1.0,0.0
Barbados,2025-W26,0.0,0.0,1.0,0.0
Barbados,2025-W27,0.0,0.0,1.0,0.0
Barbados,2025-W28,0.0,0.0,1.0,0.0
Barbados,2025-W29,0.0,0.0,1.0,0.0
Barbados,2025-W30,0.0,0.0,1.0,0.0
Barbados,2025-W31,0.0,0.0,1.0,0.0
Barbados,2025-W32,0.0,0.0,1.0,0.0
Barbados,2025-W33,0.0,0.0,1.0,0.0
Barbados,2025-W34,0.0,0.0,1.0,0.0
Barbados,2025-W35,0.0,0.0,1.0,0.0
Barbados,2025-W36,0.0,0.0,1.0,0.0
Barbados,2025-W37,0.0,0.0,1.0,0.0
Barbados,2025-W38,0.0,0.0,1.0,0.0
Barbados,2025-W39,0.0,0.0,1.0,0.0
Barbados,2025-W40,0.0,0.0,1.0,0.0
Barbados,2025-W41,0.0,0.0,1.0,0.0
Barbados,2025-W42,0.0,0.0,1.0,0.0
Barbados,2025-W43,0.0,0.0,1.0,0.0
Barbados,2025-W44,0.0,0.0,1.0,0.0
Barbados,2025-W45,0.0,0.0,1.0,0.0
Barbados,2025-W46,0.0,0.0,1.0,0.0
Barbados,2025-W47,0.0,0.0,1.0,0.0
Barbados,2025-W48,0.0,0.0,1.0,0.0
Barbados,2025-W49,0.0,0.0,1.0,0.0
Barbados,2025-W50,0.0,0.0,1.0,0.0
Barbados,2025-W51,0.0,0.0,1.0,0.0
Barbados,2025-W52,0.0,0.0,1.0,0.0
Barbados,2026-W01,0.0,0.0,1.0,0.0
Belgium,2022-W20,3.0,0.0,3.0,0.0
Belgium,2022-W21,3.0,0.0,6.0,0.0
Belgium,2022-W22,11.0,0.0,17.0,0.0
Belgium,2022-W23,7.0,0.0,24.0,0.0
Belgium,2022-W24,38.0,0.0,62.0,0.0
Belgium,2022-W25,15.0,0.0,77.0,0.0
Belgium,2022-W26,40.0,0.0,117.0,0.0
Belgium,2022-W27,52.0,0.0,169.0,0.0
Belgium,2022-W28,56.0,0.0,225.0,0.0
Belgium,2022-W29,87.0,0.0,312.0,0.0
Belgium,2022-W30,81.0,0.0,393.0,0.0
Belgium,2022-W31,89.0,0.0,482.0,0.0
Belgium,2022-W32,64.0,0.0,546.0,0.0
Belgium,2022-W33,78.0,0.0,624.0,0.0
Belgium,2022-W34,47.0,0.0,671.0,0.0
Belgium,2022-W35,35.0,1.0,706.0,1.0
Belgium,2022-W36,20.0,0.0,726.0,1.0
Belgium,2022-W37,18.0,0.0,744.0,1.0
Belgium,2022-W38,13.0,0.0,757.0,1.0
Belgium,2022-W39,13.0,0.0,770.0,1.0
Belgium,2022-W40,5.0,0.0,775.0,1.0
Belgium,2022-W41,4.0,0.0,779.0,1.0
Belgium,2022-W42,6.0,0.0,785.0,1.0
Belgium,2022-W43,0.0,0.0,785.0,1.0
Belgium,2022-W44,0.0,0.0,785.0,1.0
Belgium,2022-W45,0.0,0.0,785.0,1.0
Belgium,2022-W46,1.0,0.0,786.0,1.0
Belgium,2022-W47,3.0,0.0,789.0,1.0
Belgium,2022-W48,0.0,0.0,789.0,1.0
Belgium,2022-W49,1.0,0.0,790.0,1.0
Belgium,2022-W50,0.0,0.0,790.0,1.0
Belgium,2022-W51,0.0,0.0,790.0,1.0
Belgium,2022-W52,0.0,0.0,790.0,1.0
Belgium,2023-W01,0.0,0.0,790.0,1.0
Belgium,2023-W02,0.0,0.0,790.0,1.0
Belgium,2023-W03,0.0,0.0,790.0,1.0
Belgium,2023-W04,0.0,0.0,790.0,1.0
Belgium,2023-W05,3.0,0.0,793.0,1.0
Belgium,2023-W06,0.0,0.0,793.0,1.0
Belgium,2023-W07,0.0,0.0,793.0,1.0
Belgium,2023-W08,0.0,0.0,793.0,1.0
Belgium,2023-W09,0.0,1.0,793.0,2.0
Belgium,2023-W10,0.0,0.0,793.0,2.0
Belgium,2023-W11,0.0,0.0,793.0,2.0
Belgium,2023-W12,0.0,0.0,793.0,2.0
Belgium,2023-W13,0.0,0.0,793.0,2.0
Belgium,2023-W14,0.0,0.0,793.0,2.0
Belgium,2023-W15,0.0,0.0,793.0,2.0
Belgium,2023-W16,0.0,0.0,793.0,2.0
Belgium,2023-W17,0.0,0.0,793.0,2.0
Belgium,2023-W18,0.0,0.0,793.0,2.0
Belgium,2023-W19,0.0,0.0,793.0,2.0
Belgium,2023-W20,0.0,0.0,793.0,2.0
Belgium,2023-W21,0.0,0.0,793.0,2.0
Belgium,2023-W22,0.0,0.0,793.0,2.0
Belgium,2023-W23,2.0,0.0,795.0,2.0
Belgium,2023-W24,0.0,0.0,795.0,2.0
Belgium,2023-W25,0.0,0.0,795.0,2.0
Belgium,2023-W26,0.0,0.0,795.0,2.0
Belgium,2023-W27,0.0,0.0,795.0,2.0
Belgium,2023-W28,0.0,0.0,795.0,2.0
Belgium,2023-W29,0.0,0.0,795.0,2.0
Belgium,2023-W30,0.0,0.0,795.0,2.0
Belgium,2023-W31,0.0,0.0,795.0,2.0
Belgium,2023-W32,0.0,0.0,795.0,2.0
Belgium,2023-W33,0.0,0.0,795.0,2.0
Belgium,2023-W34,0.0,0.0,795.0,2.0
Belgium,2023-W35,0.0,0.0,795.0,2.0
Belgium,2023-W36,0.0,0.0,795.0,2.0
Belgium,2023-W37,0.0,0.0,795.0,2.0
Belgium,2023-W38,0.0,0.0,795.0,2.0
Belgium,2023-W39,0.0,0.0,795.0,2.0
Belgium,2023-W40,0.0,0.0,795.0,2.0
Belgium,2023-W41,0.0,0.0,795.0,2.0
Belgium,2023-W42,0.0,0.0,795.0,2.0
Belgium,2023-W43,0.0,0.0,795.0,2.0
Belgium,2023-W44,0.0,0.0,795.0,2.0
Belgium,2023-W45,0.0,0.0,795.0,2.0
Belgium,2023-W46,0.0,0.0,795.0,2.0
Belgium,2023-W47,0.0,0.0,795.0,2.0
Belgium,2023-W48,2.0,0.0,797.0,2.0
Belgium,2023-W49,0.0,0.0,797.0,2.0
Belgium,2023-W50,0.0,0.0,797.0,2.0
Belgium,2023-W51,0.0,0.0,797.0,2.0
Belgium,2023-W52,3.0,0.0,800.0,2.0
Belgium,2024-W01,0.0,0.0,800.0,2.0
Belgium,2024-W02,0.0,0.0,800.0,2.0
Belgium,2024-W03,0.0,0.0,800.0,2.0
Belgium,2024-W04,0.0,0.0,800.0,2.0
Belgium,2024-W05,3.0,0.0,803.0,2.0
Belgium,2024-W06,0.0,0.0,803.0,2.0
Belgium,2024-W07,0.0,0.0,803.0,2.0
Belgium,2024-W08,0.0,0.0,803.0,2.0
Belgium,2024-W09,2.0,0.0,805.0,2.0
Belgium,2024-W10,0.0,0.0,805.0,2.0
Belgium,2024-W11,0.0,0.0,805.0,2.0
Belgium,2024-W12,0.0,0.0,805.0,2.0
Belgium,2024-W13,1.0,0.0,806.0,2.0
Belgium,2024-W14,0.0,0.0,806.0,2.0
Belgium,2024-W15,0.0,0.0,806.0,2.0
Belgium,2024-W16,0.0,0.0,806.0,2.0
Belgium,2024-W17,0.0,0.0,806.0,2.0
Belgium,2024-W18,3.0,0.0,809.0,2.0
Belgium,2024-W19,0.0,0.0,809.0,2.0
Belgium,2024-W20,0.0,0.0,809.0,2.0
Belgium,2024-W21,0.0,0.0,809.0,2.0
Belgium,2024-W22,0.0,0.0,809.0,2.0
Belgium,2024-W23,0.0,0.0,809.0,2.0
Belgium,2024-W24,0.0,0.0,809.0,2.0
Belgium,2024-W25,0.0,0.0,809.0,2.0
Belgium,2024-W26,1.0,0.0,810.0,2.0
Belgium,2024-W27,0.0,0.0,810.0,2.0
Belgium,2024-W28,0.0,0.0,810.0,2.0
Belgium,2024-W29,0.0,0.0,810.0,2.0
Belgium,2024-W30,0.0,0.0,810.0,2.0
Belgium,2024-W31,1.0,0.0,811.0,2.0
Belgium,2024-W32,0.0,0.0,811.0,2.0
Belgium,2024-W33,0.0,0.0,811.0,2.0
Belgium,2024-W34,0.0,0.0,811.0,2.0
Belgium,2024-W35,3.0,0.0,814.0,2.0
Belgium,2024-W36,0.0,0.0,814.0,2.0
Belgium,2024-W37,0.0,0.0,814.0,2.0
Belgium,2024-W38,0.0,0.0,814.0,2.0
Belgium,2024-W39,0.0,0.0,814.0,2.0
Belgium,2024-W40,8.0,0.0,822.0,2.0
Belgium,2024-W41,0.0,0.0,822.0,2.0
Belgium,2024-W42,0.0,0.0,822.0,2.0
Belgium,2024-W43,0.0,0.0,822.0,2.0
Belgium,2024-W44,17.0,0.0,839.0,2.0
Belgium,2024-W45,0.0,0.0,839.0,2.0
Belgium,2024-W46,0.0,0.0,839.0,2.0
Belgium,2024-W47,0.0,0.0,839.0,2.0
Belgium,2024-W48,6.0,0.0,845.0,2.0
Belgium,2024-W49,0.0,0.0,845.0,2.0
Belgium,2024-W50,0.0,0.0,845.0,2.0
Belgium,2024-W51,0.0,0.0,845.0,2.0
Belgium,2024-W52,0.0,0.0,845.0,2.0
Belgium,2025-W01,7.0,0.0,852.0,2.0
Belgium,2025-W02,4.0,0.0,856.0,2.0
Belgium,2025-W03,0.0,0.0,856.0,2.0
Belgium,2025-W04,0.0,0.0,856.0,2.0
Belgium,2025-W05,0.0,0.0,856.0,2.0
Belgium,2025-W06,0.0,0.0,856.0,2.0
Belgium,2025-W07,0.0,0.0,856.0,2.0
Belgium,2025-W08,0.0,0.0,856.0,2.0
Belgium,2025-W09,2.0,0.0,858.0,2.0
Belgium,2025-W10,0.0,0.0,858.0,2.0
Belgium,2025-W11,0.0,0.0,858.0,2.0
Belgium,2025-W12,0.0,0.0,858.0,2.0
Belgium,2025-W13,0.0,0.0,858.0,2.0
Belgium,2025-W14,1.0,0.0,859.0,2.0
Belgium,2025-W15,0.0,0.0,859.0,2.0
Belgium,2025-W16,0.0,0.0,859.0,2.0
Belgium,2025-W17,0.0,0.0,859.0,2.0
Belgium,2025-W18,17.0,0.0,876.0,2.0
Belgium,2025-W19,0.0,0.0,876.0,2.0
Belgium,2025-W20,10.0,0.0,886.0,2.0
Belgium,2025-W21,0.0,0.0,886.0,2.0
Belgium,2025-W22,0.0,0.0,886.0,2.0
Belgium,2025-W23,0.0,0.0,886.0,2.0
Belgium,2025-W24,9.0,0.0,895.0,2.0
Belgium,2025-W25,0.0,0.0,895.0,2.0
Belgium,2025-W26,0.0,0.0,895.0,2.0
Belgium,2025-W27,0.0,0.0,895.0,2.0
Belgium,2025-W28,0.0,0.0,895.0,2.0
Belgium,2025-W29,0.0,0.0,895.0,2.0
Belgium,2025-W30,0.0,0.0,895.0,2.0
Belgium,2025-W31,0.0,0.0,895.0,2.0
Belgium,2025-W32,0.0,0.0,895.0,2.0
Belgium,2025-W33,12.0,0.0,907.0,2.0
Belgium,2025-W34,0.0,0.0,907.0,2.0
Belgium,2025-W35,0.0,0.0,907.0,2.0
Belgium,2025-W36,0.0,0.0,907.0,2.0
Belgium,2025-W37,0.0,0.0,907.0,2.0
Belgium,2025-W38,0.0,0.0,907.0,2.0
Belgium,2025-W39,0.0,0.0,907.0,2.0
Belgium,2025-W40,0.0,0.0,907.0,2.0
Belgium,2025-W41,9.0,0.0,916.0,2.0
Belgium,2025-W42,0.0,0.0,916.0,2.0
Belgium,2025-W43,0.0,0.0,916.0,2.0
Belgium,2025-W44,0.0,0.0,916.0,2.0
Belgium,2025-W45,0.0,0.0,916.0,2.0
Belgium,2025-W46,1.0,0.0,917.0,2.0
Belgium,2025-W47,0.0,0.0,917.0,2.0
Belgium,2025-W48,0.0,0.0,917.0,2.0
Belgium,2025-W49,0.0,0.0,917.0,2.0
Belgium,2025-W50,0.0,0.0,917.0,2.0
Belgium,2025-W51,0.0,0.0,917.0,2.0
Belgium,2025-W52,0.0,0.0,917.0,2.0
Benin,2022-W17,0.0,0.0,0.0,0.0
Benin,2022-W18,0.0,0.0,0.0,0.0
Benin,2022-W19,0.0,0.0,0.0,0.0
Benin,2022-W20,0.0,0.0,0.0,0.0
Benin,2022-W21,0.0,0.0,0.0,0.0
Benin,2022-W22,0.0,0.0,0.0,0.0
Benin,2022-W23,0.0,0.0,0.0,0.0
Benin,2022-W24,0.0,0.0,0.0,0.0
Benin,2022-W25,3.0,0.0,3.0,0.0
Benin,2022-W26,0.0,0.0,3.0,0.0
Benin,2022-W27,0.0,0.0,3.0,0.0
Benin,2022-W28,0.0,0.0,3.0,0.0
Benin,2022-W29,0.0,0.0,3.0,0.0
Benin,2022-W30,0.0,0.0,3.0,0.0
Benin,2022-W31,0.0,0.0,3.0,0.0
Benin,2022-W32,0.0,0.0,3.0,0.0
Benin,2022-W33,0.0,0.0,3.0,0.0
Benin,2022-W34,0.0,0.0,3.0,0.0
Benin,2022-W35,0.0,0.0,3.0,0.0
Benin,2022-W36,0.0,0.0,3.0,0.0
Benin,2022-W37,0.0,0.0,3.0,0.0
Benin,2022-W38,0.0,0.0,3.0,0.0
Benin,2022-W39,0.0,0.0,3.0,0.0
Benin,2022-W40,0.0,0.0,3.0,0.0
Benin,2022-W41,0.0,0.0,3.0,0.0
Benin,2022-W42,0.0,0.0,3.0,0.0
Benin,2022-W43,0.0,0.0,3.0,0.0
Benin,2022-W44,0.0,0.0,3.0,0.0
Benin,2022-W45,0.0,0.0,3.0,0.0
Benin,2022-W46,0.0,0.0,3.0,0.0
Benin,2022-W47,0.0,0.0,3.0,0.0
Benin,2022-W48,0.0,0.0,3.0,0.0
Benin,2022-W49,0.0,0.0,3.0,0.0
Benin,2022-W50,0.0,0.0,3.0,0.0
Benin,2022-W51,0.0,0.0,3.0,0.0
Benin,2022-W52,0.0,0.0,3.0,0.0
Benin,2023-W01,0.0,0.0,3.0,0.0
Benin,2023-W02,0.0,0.0,3.0,0.0
Benin,2023-W03,0.0,0.0,3.0,0.0
Benin,2023-W04,0.0,0.0,3.0,0.0
Benin,2023-W05,0.0,0.0,3.0,0.0
Benin,2023-W06,0.0,0.0,3.0,0.0
Benin,2023-W07,0.0,0.0,3.0,0.0
Benin,2023-W08,0.0,0.0,3.0,0.0
Benin,2023-W09,0.0,0.0,3.0,0.0
Benin,2023-W10,0.0,0.0,3.0,0.0
Benin,2023-W11,0.0,0.0,3.0,0.0
Benin,2023-W12,0.0,0.0,3.0,0.0
Benin,2023-W13,0.0,0.0,3.0,0.0
Benin,2023-W14,0.0,0.0,3.0,0.0
Benin,2023-W15,0.0,0.0,3.0,0.0
Benin,2023-W16,0.0,0.0,3.0,0.0
Benin,2023-W17,0.0,0.0,3.0,0.0
Benin,2023-W18,0.0,0.0,3.0,0.0
Benin,2023-W19,0.0,0.0,3.0,0.0
Benin,2023-W20,0.0,0.0,3.0,0.0
Benin,2023-W21,0.0,0.0,3.0,0.0
Benin,2023-W22,0.0,0.0,3.0,0.0
Benin,2023-W23,0.0,0.0,3.0,0.0
Benin,2023-W24,0.0,0.0,3.0,0.0
Benin,2023-W25,0.0,0.0,3.0,0.0
Benin,2023-W26,0.0,0.0,3.0,0.0
Benin,2023-W27,0.0,0.0,3.0,0.0
Benin,2023-W28,0.0,0.0,3.0,0.0
Benin,2023-W29,0.0,0.0,3.0,0.0
Benin,2023-W30,0.0,0.0,3.0,0.0
Benin,2023-W31,0.0,0.0,3.0,0.0
Benin,2023-W32,0.0,0.0,3.0,0.0
Benin,2023-W33,0.0,0.0,3.0,0.0
Benin,2023-W34,0.0,0.0,3.0,0.0
Benin,2023-W35,0.0,0.0,3.0,0.0
Benin,2023-W36,0.0,0.0,3.0,0.0
Benin,2023-W37,0.0,0.0,3.0,0.0
Benin,2023-W38,0.0,0.0,3.0,0.0
Benin,2023-W39,0.0,0.0,3.0,0.0
Benin,2023-W40,0.0,0.0,3.0,0.0
Benin,2023-W41,0.0,0.0,3.0,0.0
Benin,2023-W42,0.0,0.0,3.0,0.0
Benin,2023-W43,0.0,0.0,3.0,0.0
Benin,2023-W44,0.0,0.0,3.0,0.0
Benin,2023-W45,0.0,0.0,3.0,0.0
Benin,2023-W46,0.0,0.0,3.0,0.0
Benin,2023-W47,0.0,0.0,3.0,0.0
Benin,2023-W48,0.0,0.0,3.0,0.0
Benin,2023-W49,0.0,0.0,3.0,0.0
Benin,2023-W50,0.0,0.0,3.0,0.0
Benin,2023-W51,0.0,0.0,3.0,0.0
Benin,2023-W52,0.0,0.0,3.0,0.0
Benin,2024-W01,0.0,0.0,3.0,0.0
Benin,2024-W02,0.0,0.0,3.0,0.0
Benin,2024-W03,0.0,0.0,3.0,0.0
Benin,2024-W04,0.0,0.0,3.0,0.0
Benin,2024-W05,0.0,0.0,3.0,0.0
Benin,2024-W06,0.0,0.0,3.0,0.0
Benin,2024-W07,0.0,0.0,3.0,0.0
Benin,2024-W08,0.0,0.0,3.0,0.0
Benin,2024-W09,0.0,0.0,3.0,0.0
Benin,2024-W10,0.0,0.0,3.0,0.0
Benin,2024-W11,0.0,0.0,3.0,0.0
Benin,2024-W12,0.0,0.0,3.0,0.0
Benin,2024-W13,0.0,0.0,3.0,0.0
Benin,2024-W14,0.0,0.0,3.0,0.0
Benin,2024-W15,0.0,0.0,3.0,0.0
Benin,2024-W16,0.0,0.0,3.0,0.0
Benin,2024-W17,0.0,0.0,3.0,0.0
Benin,2024-W18,0.0,0.0,3.0,0.0
Benin,2024-W19,0.0,0.0,3.0,0.0
Benin,2024-W20,0.0,0.0,3.0,0.0
Benin,2024-W21,0.0,0.0,3.0,0.0
Benin,2024-W22,0.0,0.0,3.0,0.0
Benin,2024-W23,0.0,0.0,3.0,0.0
Benin,2024-W24,0.0,0.0,3.0,0.0
Benin,2024-W25,0.0,0.0,3.0,0.0
Benin,2024-W26,0.0,0.0,3.0,0.0
Benin,2024-W27,0.0,0.0,3.0,0.0
Benin,2024-W28,0.0,0.0,3.0,0.0
Benin,2024-W29,0.0,0.0,3.0,0.0
Benin,2024-W30,0.0,0.0,3.0,0.0
Benin,2024-W31,0.0,0.0,3.0,0.0
Benin,2024-W32,0.0,0.0,3.0,0.0
Benin,2024-W33,0.0,0.0,3.0,0.0
Benin,2024-W34,0.0,0.0,3.0,0.0
Benin,2024-W35,0.0,0.0,3.0,0.0
Benin,2024-W36,0.0,0.0,3.0,0.0
Benin,2024-W37,0.0,0.0,3.0,0.0
Benin,2024-W38,0.0,0.0,3.0,0.0
Benin,2024-W39,0.0,0.0,3.0,0.0
Benin,2024-W40,0.0,0.0,3.0,0.0
Benin,2024-W41,0.0,0.0,3.0,0.0
Benin,2024-W42,0.0,0.0,3.0,0.0
Benin,2024-W43,0.0,0.0,3.0,0.0
Benin,2024-W44,0.0,0.0,3.0,0.0
Benin,2024-W45,0.0,0.0,3.0,0.0
Benin,2024-W46,0.0,0.0,3.0,0.0
Benin,2024-W47,0.0,0.0,3.0,0.0
Benin,2024-W48,0.0,0.0,3.0,0.0
Benin,2024-W49,0.0,0.0,3.0,0.0
Benin,2024-W50,0.0,0.0,3.0,0.0
Benin,2024-W51,0.0,0.0,3.0,0.0
Benin,2024-W52,0.0,0.0,3.0,0.0
Bermuda,2022-W29,1.0,0.0,1.0,0.0
Bermuda,2022-W30,0.0,0.0,1.0,0.0
Bermuda,2022-W31,0.0,0.0,1.0,0.0
Bermuda,2022-W32,0.0,0.0,1.0,0.0
Bermuda,2022-W33,0.0,0.0,1.0,0.0
Bermuda,2022-W34,0.0,0.0,1.0,0.0
Bermuda,2022-W35,0.0,0.0,1.0,0.0
Bermuda,2022-W36,0.0,0.0,1.0,0.0
Bermuda,2022-W37,0.0,0.0,1.0,0.0
Bermuda,2022-W38,0.0,0.0,1.0,0.0
Bermuda,2022-W39,0.0,0.0,1.0,0.0
Bermuda,2022-W40,0.0,0.0,1.0,0.0
Bermuda,2022-W41,0.0,0.0,1.0,0.0
Bermuda,2022-W42,0.0,0.0,1.0,0.0
Bermuda,2022-W43,0.0,0.0,1.0,0.0
Bermuda,2022-W44,0.0,0.0,1.0,0.0
Bermuda,2022-W45,0.0,0.0,1.0,0.0
Bermuda,2022-W46,0.0,0.0,1.0,0.0
Bermuda,2022-W47,0.0,0.0,1.0,0.0
Bermuda,2022-W48,0.0,0.0,1.0,0.0
Bermuda,2022-W49,0.0,0.0,1.0,0.0
Bermuda,2022-W50,0.0,0.0,1.0,0.0
Bermuda,2022-W51,0.0,0.0,1.0,0.0
Bermuda,2022-W52,0.0,0.0,1.0,0.0
Bermuda,2023-W01,0.0,0.0,1.0,0.0
Bermuda,2023-W02,0.0,0.0,1.0,0.0
Bermuda,2023-W03,0.0,0.0,1.0,0.0
Bermuda,2023-W04,0.0,0.0,1.0,0.0
Bermuda,2023-W05,0.0,0.0,1.0,0.0
Bermuda,2023-W06,0.0,0.0,1.0,0.0
Bermuda,2023-W07,0.0,0.0,1.0,0.0
Bermuda,2023-W08,0.0,0.0,1.0,0.0
Bermuda,2023-W09,0.0,0.0,1.0,0.0
Bermuda,2023-W10,0.0,0.0,1.0,0.0
Bermuda,2023-W11,0.0,0.0,1.0,0.0
Bermuda,2023-W12,0.0,0.0,1.0,0.0
Bermuda,2023-W13,0.0,0.0,1.0,0.0
Bermuda,2023-W14,0.0,0.0,1.0,0.0
Bermuda,2023-W15,0.0,0.0,1.0,0.0
Bermuda,2023-W16,0.0,0.0,1.0,0.0
Bermuda,2023-W17,0.0,0.0,1.0,0.0
Bermuda,2023-W18,0.0,0.0,1.0,0.0
Bermuda,2023-W19,0.0,0.0,1.0,0.0
Bermuda,2023-W20,0.0,0.0,1.0,0.0
Bermuda,2023-W21,0.0,0.0,1.0,0.0
Bermuda,2023-W22,0.0,0.0,1.0,0.0
Bermuda,2023-W23,0.0,0.0,1.0,0.0
Bermuda,2023-W24,0.0,0.0,1.0,0.0
Bermuda,2023-W25,0.0,0.0,1.0,0.0
Bermuda,2023-W26,0.0,0.0,1.0,0.0
Bermuda,2023-W27,0.0,0.0,1.0,0.0
Bermuda,2023-W28,0.0,0.0,1.0,0.0
Bermuda,2023-W29,0.0,0.0,1.0,0.0
Bermuda,2023-W30,0.0,0.0,1.0,0.0
Bermuda,2023-W31,0.0,0.0,1.0,0.0
Bermuda,2023-W32,0.0,0.0,1.0,0.0
Bermuda,2023-W33,0.0,0.0,1.0,0.0
Bermuda,2023-W34,0.0,0.0,1.0,0.0
Bermuda,2023-W35,0.0,0.0,1.0,0.0
Bermuda,2023-W36,0.0,0.0,1.0,0.0
Bermuda,2023-W37,0.0,0.0,1.0,0.0
Bermuda,2023-W38,0.0,0.0,1.0,0.0
Bermuda,2023-W39,0.0,0.0,1.0,0.0
Bermuda,2023-W40,0.0,0.0,1.0,0.0
Bermuda,2023-W41,0.0,0.0,1.0,0.0
Bermuda,2023-W42,0.0,0.0,1.0,0.0
Bermuda,2023-W43,0.0,0.0,1.0,0.0
Bermuda,2023-W44,0.0,0.0,1.0,0.0
Bermuda,2023-W45,0.0,0.0,1.0,0.0
Bermuda,2023-W46,0.0,0.0,1.0,0.0
Bermuda,2023-W47,0.0,0.0,1.0,0.0
Bermuda,2023-W48,0.0,0.0,1.0,0.0
Bermuda,2023-W49,0.0,0.0,1.0,0.0
Bermuda,2023-W50,0.0,0.0,1.0,0.0
Bermuda,2023-W51,0.0,0.0,1.0,0.0
Bermuda,2023-W52,0.0,0.0,1.0,0.0
Bermuda,2024-W01,0.0,0.0,1.0,0.0
Bermuda,2024-W02,0.0,0.0,1.0,0.0
Bermuda,2024-W03,0.0,0.0,1.0,0.0
Bermuda,2024-W04,0.0,0.0,1.0,0.0
Bermuda,2024-W05,0.0,0.0,1.0,0.0
Bermuda,2024-W06,0.0,0.0,1.0,0.0
Bermuda,2024-W07,0.0,0.0,1.0,0.0
Bermuda,2024-W08,0.0,0.0,1.0,0.0
Bermuda,2024-W09,0.0,0.0,1.0,0.0
Bermuda,2024-W10,0.0,0.0,1.0,0.0
Bermuda,2024-W11,0.0,0.0,1.0,0.0
Bermuda,2024-W12,0.0,0.0,1.0,0.0
Bermuda,2024-W13,0.0,0.0,1.0,0.0
Bermuda,2024-W14,0.0,0.0,1.0,0.0
Bermuda,2024-W15,0.0,0.0,1.0,0.0
Bermuda,2024-W16,0.0,0.0,1.0,0.0
Bermuda,2024-W17,0.0,0.0,1.0,0.0
Bermuda,2024-W18,0.0,0.0,1.0,0.0
Bermuda,2024-W19,0.0,0.0,1.0,0.0
Bermuda,2024-W20,0.0,0.0,1.0,0.0
Bermuda,2024-W21,0.0,0.0,1.0,0.0
Bermuda,2024-W22,0.0,0.0,1.0,0.0
Bermuda,2024-W23,0.0,0.0,1.0,0.0
Bermuda,2024-W24,0.0,0.0,1.0,0.0
Bermuda,2024-W25,0.0,0.0,1.0,0.0
Bermuda,2024-W26,0.0,0.0,1.0,0.0
Bermuda,2024-W27,0.0,0.0,1.0,0.0
Bermuda,2024-W28,0.0,0.0,1.0,0.0
Bermuda,2024-W29,0.0,0.0,1.0,0.0
Bermuda,2024-W30,0.0,0.0,1.0,0.0
Bermuda,2024-W31,0.0,0.0,1.0,0.0
Bermuda,2024-W32,0.0,0.0,1.0,0.0
Bermuda,2024-W33,0.0,0.0,1.0,0.0
Bermuda,2024-W34,0.0,0.0,1.0,0.0
Bermuda,2024-W35,0.0,0.0,1.0,0.0
Bermuda,2024-W36,0.0,0.0,1.0,0.0
Bermuda,2024-W37,0.0,0.0,1.0,0.0
Bermuda,2024-W38,0.0,0.0,1.0,0.0
Bermuda,2024-W39,0.0,0.0,1.0,0.0
Bermuda,2024-W40,0.0,0.0,1.0,0.0
Bermuda,2024-W41,0.0,0.0,1.0,0.0
Bermuda,2024-W42,0.0,0.0,1.0,0.0
Bermuda,2024-W43,0.0,0.0,1.0,0.0
Bermuda,2024-W44,0.0,0.0,1.0,0.0
Bermuda,2024-W45,0.0,0.0,1.0,0.0
Bermuda,2024-W46,0.0,0.0,1.0,0.0
Bermuda,2024-W47,0.0,0.0,1.0,0.0
Bermuda,2024-W48,0.0,0.0,1.0,0.0
Bermuda,2024-W49,0.0,0.0,1.0,0.0
Bermuda,2024-W50,0.0,0.0,1.0,0.0
Bermuda,2024-W51,0.0,0.0,1.0,0.0
Bermuda,2024-W52,0.0,0.0,1.0,0.0
Bermuda,2025-W01,0.0,0.0,1.0,0.0
Bermuda,2025-W02,0.0,0.0,1.0,0.0
Bermuda,2025-W03,0.0,0.0,1.0,0.0
Bermuda,2025-W04,0.0,0.0,1.0,0.0
Bermuda,2025-W05,0.0,0.0,1.0,0.0
Bermuda,2025-W06,0.0,0.0,1.0,0.0
Bermuda,2025-W07,0.0,0.0,1.0,0.0
Bermuda,2025-W08,0.0,0.0,1.0,0.0
Bermuda,2025-W09,0.0,0.0,1.0,0.0
Bermuda,2025-W10,0.0,0.0,1.0,0.0
Bermuda,2025-W11,0.0,0.0,1.0,0.0
Bermuda,2025-W12,0.0,0.0,1.0,0.0
Bermuda,2025-W13,0.0,0.0,1.0,0.0
Bermuda,2025-W14,0.0,0.0,1.0,0.0
Bermuda,2025-W15,0.0,0.0,1.0,0.0
Bermuda,2025-W16,0.0,0.0,1.0,0.0
Bermuda,2025-W17,0.0,0.0,1.0,0.0
Bermuda,2025-W18,0.0,0.0,1.0,0.0
Bermuda,2025-W19,0.0,0.0,1.0,0.0
Bermuda,2025-W20,0.0,0.0,1.0,0.0
Bermuda,2025-W21,0.0,0.0,1.0,0.0
Bermuda,2025-W22,0.0,0.0,1.0,0.0
Bermuda,2025-W23,0.0,0.0,1.0,0.0
Bermuda,2025-W24,0.0,0.0,1.0,0.0
Bermuda,2025-W25,0.0,0.0,1.0,0.0
Bermuda,2025-W26,0.0,0.0,1.0,0.0
Bermuda,2025-W27,0.0,0.0,1.0,0.0
Bermuda,2025-W28,0.0,0.0,1.0,0.0
Bermuda,2025-W29,0.0,0.0,1.0,0.0
Bermuda,2025-W30,0.0,0.0,1.0,0.0
Bermuda,2025-W31,0.0,0.0,1.0,0.0
Bermuda,2025-W32,0.0,0.0,1.0,0.0
Bermuda,2025-W33,0.0,0.0,1.0,0.0
Bermuda,2025-W34,0.0,0.0,1.0,0.0
Bermuda,2025-W35,0.0,0.0,1.0,0.0
Bermuda,2025-W36,0.0,0.0,1.0,0.0
Bermuda,2025-W37,0.0,0.0,1.0,0.0
Bermuda,2025-W38,0.0,0.0,1.0,0.0
Bermuda,2025-W39,0.0,0.0,1.0,0.0
Bermuda,2025-W40,0.0,0.0,1.0,0.0
Bermuda,2025-W41,0.0,0.0,1.0,0.0
Bermuda,2025-W42,0.0,0.0,1.0,0.0
Bermuda,2025-W43,0.0,0.0,1.0,0.0
Bermuda,2025-W44,0.0,0.0,1.0,0.0
Bermuda,2025-W45,0.0,0.0,1.0,0.0
Bermuda,2025-W46,0.0,0.0,1.0,0.0
Bermuda,2025-W47,0.0,0.0,1.0,0.0
Bermuda,2025-W48,0.0,0.0,1.0,0.0
Bermuda,2025-W49,0.0,0.0,1.0,0.0
Bermuda,2025-W50,0.0,0.0,1.0,0.0
Bermuda,2025-W51,0.0,0.0,1.0,0.0
Bermuda,2025-W52,0.0,0.0,1.0,0.0
Bermuda,2026-W01,0.0,0.0,1.0,0.0
Bolivia,2022-W31,5.0,0.0,5.0,0.0
Bolivia,2022-W32,10.0,0.0,15.0,0.0
Bolivia,2022-W33,27.0,0.0,42.0,0.0
Bolivia,2022-W34,23.0,0.0,65.0,0.0
Bolivia,2022-W35,25.0,0.0,90.0,0.0
Bolivia,2022-W36,29.0,0.0,119.0,0.0
Bolivia,2022-W37,26.0,0.0,145.0,0.0
Bolivia,2022-W38,29.0,0.0,174.0,0.0
Bolivia,2022-W39,26.0,0.0,200.0,0.0
Bolivia,2022-W40,17.0,0.0,217.0,0.0
Bolivia,2022-W41,17.0,0.0,234.0,0.0
Bolivia,2022-W42,6.0,0.0,240.0,0.0
Bolivia,2022-W43,1.0,0.0,241.0,0.0
Bolivia,2022-W44,1.0,0.0,242.0,0.0
Bolivia,2022-W45,6.0,0.0,248.0,0.0
Bolivia,2022-W46,3.0,0.0,251.0,0.0
Bolivia,2022-W47,2.0,0.0,253.0,0.0
Bolivia,2022-W48,6.0,0.0,259.0,0.0
Bolivia,2022-W49,1.0,0.0,260.0,0.0
Bolivia,2022-W50,1.0,0.0,261.0,0.0
Bolivia,2022-W51,0.0,0.0,261.0,0.0
Bolivia,2022-W52,0.0,0.0,261.0,0.0
Bolivia,2023-W01,1.0,0.0,262.0,0.0
Bolivia,2023-W02,1.0,0.0,263.0,0.0
Bolivia,2023-W03,0.0,0.0,263.0,0.0
Bolivia,2023-W04,0.0,0.0,263.0,0.0
Bolivia,2023-W05,1.0,0.0,264.0,0.0
Bolivia,2023-W06,0.0,0.0,264.0,0.0
Bolivia,2023-W07,0.0,0.0,264.0,0.0
Bolivia,2023-W08,1.0,0.0,265.0,0.0
Bolivia,2023-W09,0.0,0.0,265.0,0.0
Bolivia,2023-W10,0.0,0.0,265.0,0.0
Bolivia,2023-W11,0.0,0.0,265.0,0.0
Bolivia,2023-W12,0.0,0.0,265.0,0.0
Bolivia,2023-W13,0.0,0.0,265.0,0.0
Bolivia,2023-W14,0.0,0.0,265.0,0.0
Bolivia,2023-W15,0.0,0.0,265.0,0.0
Bolivia,2023-W16,0.0,0.0,265.0,0.0
Bolivia,2023-W17,0.0,0.0,265.0,0.0
Bolivia,2023-W18,0.0,0.0,265.0,0.0
Bolivia,2023-W19,0.0,0.0,265.0,0.0
Bolivia,2023-W20,0.0,0.0,265.0,0.0
Bolivia,2023-W21,0.0,0.0,265.0,0.0
Bolivia,2023-W22,0.0,0.0,265.0,0.0
Bolivia,2023-W23,0.0,0.0,265.0,0.0
Bolivia,2023-W24,0.0,0.0,265.0,0.0
Bolivia,2023-W25,0.0,0.0,265.0,0.0
Bolivia,2023-W26,0.0,0.0,265.0,0.0
Bolivia,2023-W27,0.0,0.0,265.0,0.0
Bolivia,2023-W28,0.0,0.0,265.0,0.0
Bolivia,2023-W29,0.0,0.0,265.0,0.0
Bolivia,2023-W30,0.0,0.0,265.0,0.0
Bolivia,2023-W31,0.0,0.0,265.0,0.0
Bolivia,2023-W32,0.0,0.0,265.0,0.0
Bolivia,2023-W33,0.0,0.0,265.0,0.0
Bolivia,2023-W34,0.0,0.0,265.0,0.0
Bolivia,2023-W35,0.0,0.0,265.0,0.0
Bolivia,2023-W36,0.0,0.0,265.0,0.0
Bolivia,2023-W37,0.0,0.0,265.0,0.0
Bolivia,2023-W38,0.0,0.0,265.0,0.0
Bolivia,2023-W39,0.0,0.0,265.0,0.0
Bolivia,2023-W40,0.0,0.0,265.0,0.0
Bolivia,2023-W41,0.0,0.0,265.0,0.0
Bolivia,2023-W42,0.0,0.0,265.0,0.0
Bolivia,2023-W43,0.0,0.0,265.0,0.0
Bolivia,2023-W44,0.0,0.0,265.0,0.0
Bolivia,2023-W45,0.0,0.0,265.0,0.0
Bolivia,2023-W46,0.0,0.0,265.0,0.0
Bolivia,2023-W47,0.0,0.0,265.0,0.0
Bolivia,2023-W48,0.0,0.0,265.0,0.0
Bolivia,2023-W49,0.0,0.0,265.0,0.0
Bolivia,2023-W50,0.0,0.0,265.0,0.0
Bolivia,2023-W51,0.0,0.0,265.0,0.0
Bolivia,2023-W52,0.0,0.0,265.0,0.0
Bolivia,2024-W01,0.0,0.0,265.0,0.0
Bolivia,2024-W02,0.0,0.0,265.0,0.0
Bolivia,2024-W03,0.0,0.0,265.0,0.0
Bolivia,2024-W04,0.0,0.0,265.0,0.0
Bolivia,2024-W05,0.0,0.0,265.0,0.0
Bolivia,2024-W06,1.0,0.0,266.0,0.0
Bolivia,2024-W07,0.0,0.0,266.0,0.0
Bolivia,2024-W08,0.0,0.0,266.0,0.0
Bolivia,2024-W09,0.0,0.0,266.0,0.0
Bolivia,2024-W10,0.0,0.0,266.0,0.0
Bolivia,2024-W11,0.0,0.0,266.0,0.0
Bolivia,2024-W12,0.0,0.0,266.0,0.0
Bolivia,2024-W13,0.0,0.0,266.0,0.0
Bolivia,2024-W14,0.0,0.0,266.0,0.0
Bolivia,2024-W15,0.0,0.0,266.0,0.0
Bolivia,2024-W16,0.0,0.0,266.0,0.0
Bolivia,2024-W17,0.0,0.0,266.0,0.0
Bolivia,2024-W18,0.0,0.0,266.0,0.0
Bolivia,2024-W19,0.0,0.0,266.0,0.0
Bolivia,2024-W20,0.0,0.0,266.0,0.0
Bolivia,2024-W21,0.0,0.0,266.0,0.0
Bolivia,2024-W22,0.0,0.0,266.0,0.0
Bolivia,2024-W23,0.0,0.0,266.0,0.0
Bolivia,2024-W24,0.0,0.0,266.0,0.0
Bolivia,2024-W25,0.0,0.0,266.0,0.0
Bolivia,2024-W26,0.0,0.0,266.0,0.0
Bolivia,2024-W27,0.0,0.0,266.0,0.0
Bolivia,2024-W28,0.0,0.0,266.0,0.0
Bolivia,2024-W29,0.0,0.0,266.0,0.0
Bolivia,2024-W30,0.0,0.0,266.0,0.0
Bolivia,2024-W31,0.0,0.0,266.0,0.0
Bolivia,2024-W32,0.0,0.0,266.0,0.0
Bolivia,2024-W33,0.0,0.0,266.0,0.0
Bolivia,2024-W34,0.0,0.0,266.0,0.0
Bolivia,2024-W35,0.0,0.0,266.0,0.0
Bolivia,2024-W36,0.0,0.0,266.0,0.0
Bolivia,2024-W37,0.0,0.0,266.0,0.0
Bolivia,2024-W38,0.0,0.0,266.0,0.0
Bolivia,2024-W39,0.0,0.0,266.0,0.0
Bolivia,2024-W40,0.0,0.0,266.0,0.0
Bolivia,2024-W41,0.0,0.0,266.0,0.0
Bolivia,2024-W42,0.0,0.0,266.0,0.0
Bolivia,2024-W43,0.0,0.0,266.0,0.0
Bolivia,2024-W44,0.0,0.0,266.0,0.0
Bolivia,2024-W45,0.0,0.0,266.0,0.0
Bolivia,2024-W46,0.0,0.0,266.0,0.0
Bolivia,2024-W47,0.0,0.0,266.0,0.0
Bolivia,2024-W48,0.0,0.0,266.0,0.0
Bolivia,2024-W49,0.0,0.0,266.0,0.0
Bolivia,2024-W50,0.0,0.0,266.0,0.0
Bolivia,2024-W51,0.0,0.0,266.0,0.0
Bolivia,2024-W52,0.0,0.0,266.0,0.0
Bolivia,2025-W01,0.0,0.0,266.0,0.0
Bolivia,2025-W02,0.0,0.0,266.0,0.0
Bolivia,2025-W03,0.0,0.0,266.0,0.0
Bolivia,2025-W04,0.0,0.0,266.0,0.0
Bolivia,2025-W05,0.0,0.0,266.0,0.0
Bolivia,2025-W06,0.0,0.0,266.0,0.0
Bolivia,2025-W07,0.0,0.0,266.0,0.0
Bolivia,2025-W08,0.0,0.0,266.0,0.0
Bolivia,2025-W09,0.0,0.0,266.0,0.0
Bolivia,2025-W10,0.0,0.0,266.0,0.0
Bolivia,2025-W11,0.0,0.0,266.0,0.0
Bolivia,2025-W12,0.0,0.0,266.0,0.0
Bolivia,2025-W13,0.0,0.0,266.0,0.0
Bolivia,2025-W14,0.0,0.0,266.0,0.0
Bolivia,2025-W15,0.0,0.0,266.0,0.0
Bolivia,2025-W16,0.0,0.0,266.0,0.0
Bolivia,2025-W17,0.0,0.0,266.0,0.0
Bolivia,2025-W18,0.0,0.0,266.0,0.0
Bolivia,2025-W19,0.0,0.0,266.0,0.0
Bolivia,2025-W20,0.0,0.0,266.0,0.0
Bolivia,2025-W21,0.0,0.0,266.0,0.0
Bolivia,2025-W22,0.0,0.0,266.0,0.0
Bolivia,2025-W23,0.0,0.0,266.0,0.0
Bolivia,2025-W24,0.0,0.0,266.0,0.0
Bolivia,2025-W25,0.0,0.0,266.0,0.0
Bolivia,2025-W26,0.0,0.0,266.0,0.0
Bolivia,2025-W27,0.0,0.0,266.0,0.0
Bolivia,2025-W28,0.0,0.0,266.0,0.0
Bolivia,2025-W29,0.0,0.0,266.0,0.0
Bolivia,2025-W30,0.0,0.0,266.0,0.0
Bolivia,2025-W31,0.0,0.0,266.0,0.0
Bolivia,2025-W32,0.0,0.0,266.0,0.0
Bolivia,2025-W33,1.0,0.0,267.0,0.0
Bolivia,2025-W34,0.0,0.0,267.0,0.0
Bolivia,2025-W35,0.0,0.0,267.0,0.0
Bolivia,2025-W36,0.0,0.0,267.0,0.0
Bolivia,2025-W37,2.0,0.0,269.0,0.0
Bolivia,2025-W38,0.0,0.0,269.0,0.0
Bolivia,2025-W39,0.0,0.0,269.0,0.0
Bolivia,2025-W40,0.0,0.0,269.0,0.0
Bolivia,2025-W41,2.0,0.0,271.0,0.0
Bolivia,2025-W42,6.0,0.0,277.0,0.0
Bolivia,2025-W43,1.0,0.0,278.0,0.0
Bolivia,2025-W44,0.0,0.0,278.0,0.0
Bolivia,2025-W45,0.0,0.0,278.0,0.0
Bolivia,2025-W46,0.0,0.0,278.0,0.0
Bolivia,2025-W47,0.0,0.0,278.0,0.0
Bolivia,2025-W48,0.0,0.0,278.0,0.0
Bolivia,2025-W49,0.0,0.0,278.0,0.0
Bolivia,2025-W50,0.0,0.0,278.0,0.0
Bolivia,2025-W51,0.0,0.0,278.0,0.0
Bolivia,2025-W52,0.0,0.0,278.0,0.0
Bolivia,2026-W01,0.0,0.0,278.0,0.0
Bosnia and Herzegovina,2022-W28,0.0,0.0,0.0,0.0
Bosnia and Herzegovina,2022-W29,1.0,0.0,1.0,0.0
Bosnia and Herzegovina,2022-W30,0.0,0.0,1.0,0.0
Bosnia and Herzegovina,2022-W31,0.0,0.0,1.0,0.0
Bosnia and Herzegovina,2022-W32,2.0,0.0,3.0,0.0
Bosnia and Herzegovina,2022-W33,0.0,0.0,3.0,0.0
Bosnia and Herzegovina,2022-W34,0.0,0.0,3.0,0.0
Bosnia and Herzegovina,2022-W35,0.0,0.0,3.0,0.0
Bosnia and Herzegovina,2022-W36,0.0,0.0,3.0,0.0
Bosnia and Herzegovina,2022-W37,0.0,0.0,3.0,0.0
Bosnia and Herzegovina,2022-W38,0.0,0.0,3.0,0.0
Bosnia and Herzegovina,2022-W39,2.0,0.0,5.0,0.0
Bosnia and Herzegovina,2022-W40,1.0,0.0,6.0,0.0
Bosnia and Herzegovina,2022-W41,3.0,0.0,9.0,0.0
Bosnia and Herzegovina,2022-W42,0.0,0.0,9.0,0.0
Bosnia and Herzegovina,2022-W43,0.0,0.0,9.0,0.0
Bosnia and Herzegovina,2022-W44,0.0,0.0,9.0,0.0
Bosnia and Herzegovina,2022-W45,0.0,0.0,9.0,0.0
Bosnia and Herzegovina,2022-W46,0.0,0.0,9.0,0.0
Bosnia and Herzegovina,2022-W47,0.0,0.0,9.0,0.0
Bosnia and Herzegovina,2022-W48,0.0,0.0,9.0,0.0
Bosnia and Herzegovina,2022-W49,0.0,0.0,9.0,0.0
Bosnia and Herzegovina,2022-W50,0.0,0.0,9.0,0.0
Bosnia and Herzegovina,2022-W51,0.0,0.0,9.0,0.0
Bosnia and Herzegovina,2022-W52,0.0,0.0,9.0,0.0
Bosnia and Herzegovina,2023-W01,0.0,0.0,9.0,0.0
Bosnia and Herzegovina,2023-W02,0.0,0.0,9.0,0.0
Bosnia and Herzegovina,2023-W03,0.0,0.0,9.0,0.0
Bosnia and Herzegovina,2023-W04,0.0,0.0,9.0,0.0
Bosnia and Herzegovina,2023-W05,0.0,0.0,9.0,0.0
Bosnia and Herzegovina,2023-W06,0.0,0.0,9.0,0.0
Bosnia and Herzegovina,2023-W07,0.0,0.0,9.0,0.0
Bosnia and Herzegovina,2023-W08,0.0,0.0,9.0,0.0
Bosnia and Herzegovina,2023-W09,0.0,0.0,9.0,0.0
Bosnia and Herzegovina,2023-W10,0.0,0.0,9.0,0.0
Bosnia and Herzegovina,2023-W11,0.0,0.0,9.0,0.0
Bosnia and Herzegovina,2023-W12,0.0,0.0,9.0,0.0
Bosnia and Herzegovina,2023-W13,0.0,0.0,9.0,0.0
Bosnia and Herzegovina,2023-W14,0.0,0.0,9.0,0.0
Bosnia and Herzegovina,2023-W15,0.0,0.0,9.0,0.0
Bosnia and Herzegovina,2023-W16,0.0,0.0,9.0,0.0
Bosnia and Herzegovina,2023-W17,0.0,0.0,9.0,0.0
Bosnia and Herzegovina,2023-W18,0.0,0.0,9.0,0.0
Bosnia and Herzegovina,2023-W19,0.0,0.0,9.0,0.0
Bosnia and Herzegovina,2023-W20,0.0,0.0,9.0,0.0
Bosnia and Herzegovina,2023-W21,0.0,0.0,9.0,0.0
Bosnia and Herzegovina,2023-W22,0.0,0.0,9.0,0.0
Bosnia and Herzegovina,2023-W23,0.0,0.0,9.0,0.0
Bosnia and Herzegovina,2023-W24,0.0,0.0,9.0,0.0
Bosnia and Herzegovina,2023-W25,0.0,0.0,9.0,0.0
Bosnia and Herzegovina,2023-W26,0.0,0.0,9.0,0.0
Bosnia and Herzegovina,2023-W27,0.0,0.0,9.0,0.0
Bosnia and Herzegovina,2023-W28,0.0,0.0,9.0,0.0
Bosnia and Herzegovina,2023-W29,0.0,0.0,9.0,0.0
Bosnia and Herzegovina,2023-W30,0.0,0.0,9.0,0.0
Bosnia and Herzegovina,2023-W31,0.0,0.0,9.0,0.0
Bosnia and Herzegovina,2023-W32,0.0,0.0,9.0,0.0
Bosnia and Herzegovina,2023-W33,0.0,0.0,9.0,0.0
Bosnia and Herzegovina,2023-W34,0.0,0.0,9.0,0.0
Bosnia and Herzegovina,2023-W35,0.0,0.0,9.0,0.0
Bosnia and Herzegovina,2023-W36,0.0,0.0,9.0,0.0
Bosnia and Herzegovina,2023-W37,0.0,0.0,9.0,0.0
Bosnia and Herzegovina,2023-W38,0.0,0.0,9.0,0.0
Bosnia and Herzegovina,2023-W39,0.0,0.0,9.0,0.0
Bosnia and Herzegovina,2023-W40,0.0,0.0,9.0,0.0
Bosnia and Herzegovina,2023-W41,0.0,0.0,9.0,0.0
Bosnia and Herzegovina,2023-W42,0.0,0.0,9.0,0.0
Bosnia and Herzegovina,2023-W43,0.0,0.0,9.0,0.0
Bosnia and Herzegovina,2023-W44,0.0,0.0,9.0,0.0
Bosnia and Herzegovina,2023-W45,0.0,0.0,9.0,0.0
Bosnia and Herzegovina,2023-W46,0.0,0.0,9.0,0.0
Bosnia and Herzegovina,2023-W47,0.0,0.0,9.0,0.0
Bosnia and Herzegovina,2023-W48,0.0,0.0,9.0,0.0
Bosnia and Herzegovina,2023-W49,0.0,0.0,9.0,0.0
Bosnia and Herzegovina,2023-W50,0.0,0.0,9.0,0.0
Bosnia and Herzegovina,2023-W51,0.0,0.0,9.0,0.0
Bosnia and Herzegovina,2023-W52,0.0,0.0,9.0,0.0
Bosnia and Herzegovina,2024-W01,0.0,0.0,9.0,0.0
Bosnia and Herzegovina,2024-W02,0.0,0.0,9.0,0.0
Bosnia and Herzegovina,2024-W03,0.0,0.0,9.0,0.0
Bosnia and Herzegovina,2024-W04,0.0,0.0,9.0,0.0
Bosnia and Herzegovina,2024-W05,0.0,0.0,9.0,0.0
Bosnia and Herzegovina,2024-W06,0.0,0.0,9.0,0.0
Bosnia and Herzegovina,2024-W07,0.0,0.0,9.0,0.0
Bosnia and Herzegovina,2024-W08,0.0,0.0,9.0,0.0
Bosnia and Herzegovina,2024-W09,0.0,0.0,9.0,0.0
Bosnia and Herzegovina,2024-W10,0.0,0.0,9.0,0.0
Bosnia and Herzegovina,2024-W11,0.0,0.0,9.0,0.0
Bosnia and Herzegovina,2024-W12,0.0,0.0,9.0,0.0
Bosnia and Herzegovina,2024-W13,0.0,0.0,9.0,0.0
Bosnia and Herzegovina,2024-W14,0.0,0.0,9.0,0.0
Bosnia and Herzegovina,2024-W15,0.0,0.0,9.0,0.0
Bosnia and Herzegovina,2024-W16,0.0,0.0,9.0,0.0
Bosnia and Herzegovina,2024-W17,0.0,0.0,9.0,0.0
Bosnia and Herzegovina,2024-W18,0.0,0.0,9.0,0.0
Bosnia and Herzegovina,2024-W19,0.0,0.0,9.0,0.0
Bosnia and Herzegovina,2024-W20,0.0,0.0,9.0,0.0
Bosnia and Herzegovina,2024-W21,0.0,0.0,9.0,0.0
Bosnia and Herzegovina,2024-W22,0.0,0.0,9.0,0.0
Bosnia and Herzegovina,2024-W23,0.0,0.0,9.0,0.0
Bosnia and Herzegovina,2024-W24,0.0,0.0,9.0,0.0
Bosnia and Herzegovina,2024-W25,0.0,0.0,9.0,0.0
Bosnia and Herzegovina,2024-W26,0.0,0.0,9.0,0.0
Bosnia and Herzegovina,2024-W27,0.0,0.0,9.0,0.0
Bosnia and Herzegovina,2024-W28,0.0,0.0,9.0,0.0
Bosnia and Herzegovina,2024-W29,0.0,0.0,9.0,0.0
Bosnia and Herzegovina,2024-W30,0.0,0.0,9.0,0.0
Bosnia and Herzegovina,2024-W31,0.0,0.0,9.0,0.0
Bosnia and Herzegovina,2024-W32,0.0,0.0,9.0,0.0
Bosnia and Herzegovina,2024-W33,0.0,0.0,9.0,0.0
Bosnia and Herzegovina,2024-W34,0.0,0.0,9.0,0.0
Bosnia and Herzegovina,2024-W35,0.0,0.0,9.0,0.0
Bosnia and Herzegovina,2024-W36,0.0,0.0,9.0,0.0
Bosnia and Herzegovina,2024-W37,0.0,0.0,9.0,0.0
Bosnia and Herzegovina,2024-W38,0.0,0.0,9.0,0.0
Bosnia and Herzegovina,2024-W39,0.0,0.0,9.0,0.0
Bosnia and Herzegovina,2024-W40,0.0,0.0,9.0,0.0
Bosnia and Herzegovina,2024-W41,0.0,0.0,9.0,0.0
Bosnia and Herzegovina,2024-W42,0.0,0.0,9.0,0.0
Bosnia and Herzegovina,2024-W43,0.0,0.0,9.0,0.0
Bosnia and Herzegovina,2024-W44,0.0,0.0,9.0,0.0
Bosnia and Herzegovina,2024-W45,0.0,0.0,9.0,0.0
Bosnia and Herzegovina,2024-W46,0.0,0.0,9.0,0.0
Bosnia and Herzegovina,2024-W47,0.0,0.0,9.0,0.0
Bosnia and Herzegovina,2024-W48,0.0,0.0,9.0,0.0
Bosnia and Herzegovina,2024-W49,0.0,0.0,9.0,0.0
Bosnia and Herzegovina,2024-W50,0.0,0.0,9.0,0.0
Bosnia and Herzegovina,2024-W51,0.0,0.0,9.0,0.0
Bosnia and Herzegovina,2024-W52,0.0,0.0,9.0,0.0
Bosnia and Herzegovina,2025-W01,0.0,0.0,9.0,0.0
Bosnia and Herzegovina,2025-W02,0.0,0.0,9.0,0.0
Bosnia and Herzegovina,2025-W03,0.0,0.0,9.0,0.0
Bosnia and Herzegovina,2025-W04,0.0,0.0,9.0,0.0
Bosnia and Herzegovina,2025-W05,0.0,0.0,9.0,0.0
Bosnia and Herzegovina,2025-W06,0.0,0.0,9.0,0.0
Bosnia and Herzegovina,2025-W07,0.0,0.0,9.0,0.0
Bosnia and Herzegovina,2025-W08,0.0,0.0,9.0,0.0
Bosnia and Herzegovina,2025-W09,0.0,0.0,9.0,0.0
Bosnia and Herzegovina,2025-W10,0.0,0.0,9.0,0.0
Bosnia and Herzegovina,2025-W11,0.0,0.0,9.0,0.0
Bosnia and Herzegovina,2025-W12,0.0,0.0,9.0,0.0
Bosnia and Herzegovina,2025-W13,0.0,0.0,9.0,0.0
Bosnia and Herzegovina,2025-W14,0.0,0.0,9.0,0.0
Bosnia and Herzegovina,2025-W15,0.0,0.0,9.0,0.0
Bosnia and Herzegovina,2025-W16,0.0,0.0,9.0,0.0
Bosnia and Herzegovina,2025-W17,0.0,0.0,9.0,0.0
Bosnia and Herzegovina,2025-W18,0.0,0.0,9.0,0.0
Bosnia and Herzegovina,2025-W19,0.0,0.0,9.0,0.0
Bosnia and Herzegovina,2025-W20,0.0,0.0,9.0,0.0
Bosnia and Herzegovina,2025-W21,0.0,0.0,9.0,0.0
Bosnia and Herzegovina,2025-W22,0.0,0.0,9.0,0.0
Bosnia and Herzegovina,2025-W23,0.0,0.0,9.0,0.0
Bosnia and Herzegovina,2025-W24,0.0,0.0,9.0,0.0
Bosnia and Herzegovina,2025-W25,0.0,0.0,9.0,0.0
Bosnia and Herzegovina,2025-W26,0.0,0.0,9.0,0.0
Bosnia and Herzegovina,2025-W27,0.0,0.0,9.0,0.0
Bosnia and Herzegovina,2025-W28,0.0,0.0,9.0,0.0
Bosnia and Herzegovina,2025-W29,0.0,0.0,9.0,0.0
Bosnia and Herzegovina,2025-W30,0.0,0.0,9.0,0.0
Bosnia and Herzegovina,2025-W31,0.0,0.0,9.0,0.0
Bosnia and Herzegovina,2025-W32,0.0,0.0,9.0,0.0
Bosnia and Herzegovina,2025-W33,0.0,0.0,9.0,0.0
Bosnia and Herzegovina,2025-W34,0.0,0.0,9.0,0.0
Bosnia and Herzegovina,2025-W35,0.0,0.0,9.0,0.0
Bosnia and Herzegovina,2025-W36,0.0,0.0,9.0,0.0
Bosnia and Herzegovina,2025-W37,0.0,0.0,9.0,0.0
Bosnia and Herzegovina,2025-W38,0.0,0.0,9.0,0.0
Bosnia and Herzegovina,2025-W39,0.0,0.0,9.0,0.0
Bosnia and Herzegovina,2025-W40,0.0,0.0,9.0,0.0
Bosnia and Herzegovina,2025-W41,0.0,0.0,9.0,0.0
Bosnia and Herzegovina,2025-W42,0.0,0.0,9.0,0.0
Bosnia and Herzegovina,2025-W43,0.0,0.0,9.0,0.0
Bosnia and Herzegovina,2025-W44,0.0,0.0,9.0,0.0
Bosnia and Herzegovina,2025-W45,0.0,0.0,9.0,0.0
Bosnia and Herzegovina,2025-W46,0.0,0.0,9.0,0.0
Bosnia and Herzegovina,2025-W47,0.0,0.0,9.0,0.0
Bosnia and Herzegovina,2025-W48,0.0,0.0,9.0,0.0
Bosnia and Herzegovina,2025-W49,0.0,0.0,9.0,0.0
Bosnia and Herzegovina,2025-W50,0.0,0.0,9.0,0.0
Bosnia and Herzegovina,2025-W51,0.0,0.0,9.0,0.0
Bosnia and Herzegovina,2025-W52,0.0,0.0,9.0,0.0
Brazil,2022-W19,1.0,0.0,1.0,0.0
Brazil,2022-W20,1.0,0.0,2.0,0.0
Brazil,2022-W21,1.0,0.0,3.0,0.0
Brazil,2022-W22,6.0,0.0,9.0,0.0
Brazil,2022-W23,10.0,0.0,19.0,0.0
Brazil,2022-W24,28.0,0.0,47.0,0.0
Brazil,2022-W25,99.0,0.0,146.0,0.0
Brazil,2022-W26,178.0,0.0,324.0,0.0
Brazil,2022-W27,299.0,0.0,623.0,0.0
Brazil,2022-W28,520.0,0.0,1143.0,0.0
Brazil,2022-W29,771.0,0.0,1914.0,0.0
Brazil,2022-W30,932.0,1.0,2846.0,1.0
Brazil,2022-W31,965.0,0.0,3811.0,1.0
Brazil,2022-W32,922.0,0.0,4733.0,1.0
Brazil,2022-W33,885.0,0.0,5618.0,1.0
Brazil,2022-W34,740.0,0.0,6358.0,1.0
Brazil,2022-W35,663.0,1.0,7021.0,2.0
Brazil,2022-W36,637.0,0.0,7658.0,2.0
Brazil,2022-W37,525.0,0.0,8183.0,2.0
Brazil,2022-W38,466.0,0.0,8649.0,2.0
Brazil,2022-W39,373.0,1.0,9022.0,3.0
Brazil,2022-W40,299.0,0.0,9321.0,3.0
Brazil,2022-W41,260.0,4.0,9581.0,7.0
Brazil,2022-W42,214.0,1.0,9795.0,8.0
Brazil,2022-W43,189.0,1.0,9984.0,9.0
Brazil,2022-W44,149.0,2.0,10133.0,11.0
Brazil,2022-W45,127.0,1.0,10260.0,12.0
Brazil,2022-W46,137.0,0.0,10397.0,12.0
Brazil,2022-W47,119.0,1.0,10516.0,13.0
Brazil,2022-W48,76.0,1.0,10592.0,14.0
Brazil,2022-W49,105.0,0.0,10697.0,14.0
Brazil,2022-W50,64.0,0.0,10761.0,14.0
Brazil,2022-W51,55.0,0.0,10816.0,14.0
Brazil,2022-W52,38.0,0.0,10854.0,14.0
Brazil,2023-W01,69.0,1.0,10923.0,15.0
Brazil,2023-W02,36.0,0.0,10959.0,15.0
Brazil,2023-W03,37.0,0.0,10996.0,15.0
Brazil,2023-W04,25.0,0.0,11021.0,15.0
Brazil,2023-W05,19.0,0.0,11040.0,15.0
Brazil,2023-W06,14.0,0.0,11054.0,15.0
Brazil,2023-W07,9.0,0.0,11063.0,15.0
Brazil,2023-W08,11.0,0.0,11074.0,15.0
Brazil,2023-W09,13.0,0.0,11087.0,15.0
Brazil,2023-W10,13.0,0.0,11100.0,15.0
Brazil,2023-W11,11.0,0.0,11111.0,15.0
Brazil,2023-W12,11.0,0.0,11122.0,15.0
Brazil,2023-W13,4.0,0.0,11126.0,15.0
Brazil,2023-W14,1.0,0.0,11127.0,15.0
Brazil,2023-W15,3.0,0.0,11130.0,15.0
Brazil,2023-W16,16.0,1.0,11146.0,16.0
Brazil,2023-W17,6.0,0.0,11152.0,16.0
Brazil,2023-W18,8.0,0.0,11160.0,16.0
Brazil,2023-W19,5.0,0.0,11165.0,16.0
Brazil,2023-W20,4.0,0.0,11169.0,16.0
Brazil,2023-W21,4.0,0.0,11173.0,16.0
Brazil,2023-W22,6.0,0.0,11179.0,16.0
Brazil,2023-W23,5.0,0.0,11184.0,16.0
Brazil,2023-W24,6.0,0.0,11190.0,16.0
Brazil,2023-W25,3.0,0.0,11193.0,16.0
Brazil,2023-W26,6.0,0.0,11199.0,16.0
Brazil,2023-W27,5.0,0.0,11204.0,16.0
Brazil,2023-W28,14.0,0.0,11218.0,16.0
Brazil,2023-W29,10.0,0.0,11228.0,16.0
Brazil,2023-W30,9.0,0.0,11237.0,16.0
Brazil,2023-W31,13.0,0.0,11250.0,16.0
Brazil,2023-W32,8.0,0.0,11258.0,16.0
Brazil,2023-W33,6.0,0.0,11264.0,16.0
Brazil,2023-W34,11.0,0.0,11275.0,16.0
Brazil,2023-W35,12.0,0.0,11287.0,16.0
Brazil,2023-W36,13.0,0.0,11300.0,16.0
Brazil,2023-W37,15.0,0.0,11315.0,16.0
Brazil,2023-W38,16.0,0.0,11331.0,16.0
Brazil,2023-W39,12.0,0.0,11343.0,16.0
Brazil,2023-W40,17.0,0.0,11360.0,16.0
Brazil,2023-W41,32.0,0.0,11392.0,16.0
Brazil,2023-W42,32.0,0.0,11424.0,16.0
Brazil,2023-W43,29.0,0.0,11453.0,16.0
Brazil,2023-W44,33.0,0.0,11486.0,16.0
Brazil,2023-W45,21.0,0.0,11507.0,16.0
Brazil,2023-W46,32.0,0.0,11539.0,16.0
Brazil,2023-W47,24.0,0.0,11563.0,16.0
Brazil,2023-W48,21.0,0.0,11584.0,16.0
Brazil,2023-W49,28.0,0.0,11612.0,16.0
Brazil,2023-W50,25.0,0.0,11637.0,16.0
Brazil,2023-W51,24.0,0.0,11661.0,16.0
Brazil,2023-W52,30.0,0.0,11691.0,16.0
Brazil,2024-W01,58.0,0.0,11749.0,16.0
Brazil,2024-W02,42.0,0.0,11791.0,16.0
Brazil,2024-W03,41.0,0.0,11832.0,16.0
Brazil,2024-W04,35.0,0.0,11867.0,16.0
Brazil,2024-W05,34.0,0.0,11901.0,16.0
Brazil,2024-W06,30.0,0.0,11931.0,16.0
Brazil,2024-W07,33.0,0.0,11964.0,16.0
Brazil,2024-W08,36.0,0.0,12000.0,16.0
Brazil,2024-W09,27.0,0.0,12027.0,16.0
Brazil,2024-W10,21.0,0.0,12048.0,16.0
Brazil,2024-W11,24.0,0.0,12072.0,16.0
Brazil,2024-W12,25.0,0.0,12097.0,16.0
Brazil,2024-W13,22.0,0.0,12119.0,16.0
Brazil,2024-W14,25.0,0.0,12144.0,16.0
Brazil,2024-W15,18.0,0.0,12162.0,16.0
Brazil,2024-W16,11.0,0.0,12173.0,16.0
Brazil,2024-W17,19.0,0.0,12192.0,16.0
Brazil,2024-W18,19.0,0.0,12211.0,16.0
Brazil,2024-W19,16.0,0.0,12227.0,16.0
Brazil,2024-W20,17.0,0.0,12244.0,16.0
Brazil,2024-W21,7.0,0.0,12251.0,16.0
Brazil,2024-W22,15.0,0.0,12266.0,16.0
Brazil,2024-W23,12.0,0.0,12278.0,16.0
Brazil,2024-W24,8.0,0.0,12286.0,16.0
Brazil,2024-W25,8.0,0.0,12294.0,16.0
Brazil,2024-W26,15.0,0.0,12309.0,16.0
Brazil,2024-W27,15.0,0.0,12324.0,16.0
Brazil,2024-W28,22.0,0.0,12346.0,16.0
Brazil,2024-W29,25.0,0.0,12371.0,16.0
Brazil,2024-W30,33.0,0.0,12404.0,16.0
Brazil,2024-W31,35.0,0.0,12439.0,16.0
Brazil,2024-W32,57.0,0.0,12496.0,16.0
Brazil,2024-W33,67.0,0.0,12563.0,16.0
Brazil,2024-W34,85.0,0.0,12648.0,16.0
Brazil,2024-W35,80.0,0.0,12728.0,16.0
Brazil,2024-W36,89.0,0.0,12817.0,16.0
Brazil,2024-W37,63.0,0.0,12880.0,16.0
Brazil,2024-W38,62.0,0.0,12942.0,16.0
Brazil,2024-W39,68.0,0.0,13010.0,16.0
Brazil,2024-W40,83.0,0.0,13093.0,16.0
Brazil,2024-W41,78.0,0.0,13171.0,16.0
Brazil,2024-W42,59.0,0.0,13230.0,16.0
Brazil,2024-W43,80.0,0.0,13310.0,16.0
Brazil,2024-W44,66.0,0.0,13376.0,16.0
Brazil,2024-W45,69.0,0.0,13445.0,16.0
Brazil,2024-W46,50.0,0.0,13495.0,16.0
Brazil,2024-W47,50.0,0.0,13545.0,16.0
Brazil,2024-W48,57.0,0.0,13602.0,16.0
Brazil,2024-W49,45.0,0.0,13647.0,16.0
Brazil,2024-W50,37.0,0.0,13684.0,16.0
Brazil,2024-W51,24.0,0.0,13708.0,16.0
Brazil,2024-W52,26.0,0.0,13734.0,16.0
Brazil,2025-W01,26.0,0.0,13760.0,16.0
Brazil,2025-W02,25.0,0.0,13785.0,16.0
Brazil,2025-W03,28.0,0.0,13813.0,16.0
Brazil,2025-W04,46.0,0.0,13859.0,16.0
Brazil,2025-W05,36.0,0.0,13895.0,16.0
Brazil,2025-W06,28.0,0.0,13923.0,16.0
Brazil,2025-W07,20.0,1.0,13943.0,17.0
Brazil,2025-W08,23.0,0.0,13966.0,17.0
Brazil,2025-W09,23.0,0.0,13989.0,17.0
Brazil,2025-W10,40.0,0.0,14029.0,17.0
Brazil,2025-W11,42.0,0.0,14071.0,17.0
Brazil,2025-W12,31.0,0.0,14102.0,17.0
Brazil,2025-W13,23.0,0.0,14125.0,17.0
Brazil,2025-W14,19.0,0.0,14144.0,17.0
Brazil,2025-W15,28.0,0.0,14172.0,17.0
Brazil,2025-W16,19.0,0.0,14191.0,17.0
Brazil,2025-W17,24.0,0.0,14215.0,17.0
Brazil,2025-W18,32.0,0.0,14247.0,17.0
Brazil,2025-W19,37.0,0.0,14284.0,17.0
Brazil,2025-W20,19.0,0.0,14303.0,17.0
Brazil,2025-W21,20.0,0.0,14323.0,17.0
Brazil,2025-W22,20.0,0.0,14343.0,17.0
Brazil,2025-W23,32.0,0.0,14375.0,17.0
Brazil,2025-W24,7.0,0.0,14382.0,17.0
Brazil,2025-W25,20.0,0.0,14402.0,17.0
Brazil,2025-W26,17.0,0.0,14419.0,17.0
Brazil,2025-W27,15.0,0.0,14434.0,17.0
Brazil,2025-W28,18.0,1.0,14452.0,18.0
Brazil,2025-W29,22.0,0.0,14474.0,18.0
Brazil,2025-W30,19.0,0.0,14493.0,18.0
Brazil,2025-W31,10.0,0.0,14503.0,18.0
Brazil,2025-W32,28.0,0.0,14531.0,18.0
Brazil,2025-W33,20.0,0.0,14551.0,18.0
Brazil,2025-W34,12.0,0.0,14563.0,18.0
Brazil,2025-W35,15.0,0.0,14578.0,18.0
Brazil,2025-W36,15.0,0.0,14593.0,18.0
Brazil,2025-W37,16.0,0.0,14609.0,18.0
Brazil,2025-W38,16.0,0.0,14625.0,18.0
Brazil,2025-W39,9.0,0.0,14634.0,18.0
Brazil,2025-W40,9.0,0.0,14643.0,18.0
Brazil,2025-W41,4.0,0.0,14647.0,18.0
Brazil,2025-W42,6.0,0.0,14653.0,18.0
Brazil,2025-W43,6.0,0.0,14659.0,18.0
Brazil,2025-W44,8.0,0.0,14667.0,18.0
Brazil,2025-W45,4.0,0.0,14671.0,18.0
Brazil,2025-W46,5.0,0.0,14676.0,18.0
Brazil,2025-W47,2.0,0.0,14678.0,18.0
Brazil,2025-W48,0.0,0.0,14678.0,18.0
Brazil,2025-W49,0.0,0.0,14678.0,18.0
Brazil,2025-W50,0.0,0.0,14678.0,18.0
Brazil,2025-W51,0.0,0.0,14678.0,18.0
Brazil,2025-W52,0.0,0.0,14678.0,18.0
Brazil,2026-W01,0.0,0.0,14678.0,18.0
Bulgaria,2022-W25,2.0,0.0,2.0,0.0
Bulgaria,2022-W26,1.0,0.0,3.0,0.0
Bulgaria,2022-W27,0.0,0.0,3.0,0.0
Bulgaria,2022-W28,0.0,0.0,3.0,0.0
Bulgaria,2022-W29,0.0,0.0,3.0,0.0
Bulgaria,2022-W30,1.0,0.0,4.0,0.0
Bulgaria,2022-W31,0.0,0.0,4.0,0.0
Bulgaria,2022-W32,0.0,0.0,4.0,0.0
Bulgaria,2022-W33,0.0,0.0,4.0,0.0
Bulgaria,2022-W34,0.0,0.0,4.0,0.0
Bulgaria,2022-W35,0.0,0.0,4.0,0.0
Bulgaria,2022-W36,1.0,0.0,5.0,0.0
Bulgaria,2022-W37,1.0,0.0,6.0,0.0
Bulgaria,2022-W38,0.0,0.0,6.0,0.0
Bulgaria,2022-W39,0.0,0.0,6.0,0.0
Bulgaria,2022-W40,0.0,0.0,6.0,0.0
Bulgaria,2022-W41,0.0,0.0,6.0,0.0
Bulgaria,2022-W42,0.0,0.0,6.0,0.0
Bulgaria,2022-W43,0.0,0.0,6.0,0.0
Bulgaria,2022-W44,0.0,0.0,6.0,0.0
Bulgaria,2022-W45,0.0,0.0,6.0,0.0
Bulgaria,2022-W46,0.0,0.0,6.0,0.0
Bulgaria,2022-W47,0.0,0.0,6.0,0.0
Bulgaria,2022-W48,0.0,0.0,6.0,0.0
Bulgaria,2022-W49,0.0,0.0,6.0,0.0
Bulgaria,2022-W50,0.0,0.0,6.0,0.0
Bulgaria,2022-W51,0.0,0.0,6.0,0.0
Bulgaria,2022-W52,0.0,0.0,6.0,0.0
Bulgaria,2023-W01,0.0,0.0,6.0,0.0
Bulgaria,2023-W02,0.0,0.0,6.0,0.0
Bulgaria,2023-W03,0.0,0.0,6.0,0.0
Bulgaria,2023-W04,0.0,0.0,6.0,0.0
Bulgaria,2023-W05,0.0,0.0,6.0,0.0
Bulgaria,2023-W06,0.0,0.0,6.0,0.0
Bulgaria,2023-W07,0.0,0.0,6.0,0.0
Bulgaria,2023-W08,0.0,0.0,6.0,0.0
Bulgaria,2023-W09,0.0,0.0,6.0,0.0
Bulgaria,2023-W10,0.0,0.0,6.0,0.0
Bulgaria,2023-W11,0.0,0.0,6.0,0.0
Bulgaria,2023-W12,0.0,0.0,6.0,0.0
Bulgaria,2023-W13,0.0,0.0,6.0,0.0
Bulgaria,2023-W14,0.0,0.0,6.0,0.0
Bulgaria,2023-W15,0.0,0.0,6.0,0.0
Bulgaria,2023-W16,0.0,0.0,6.0,0.0
Bulgaria,2023-W17,0.0,0.0,6.0,0.0
Bulgaria,2023-W18,0.0,0.0,6.0,0.0
Bulgaria,2023-W19,0.0,0.0,6.0,0.0
Bulgaria,2023-W20,0.0,0.0,6.0,0.0
Bulgaria,2023-W21,0.0,0.0,6.0,0.0
Bulgaria,2023-W22,0.0,0.0,6.0,0.0
Bulgaria,2023-W23,0.0,0.0,6.0,0.0
Bulgaria,2023-W24,0.0,0.0,6.0,0.0
Bulgaria,2023-W25,0.0,0.0,6.0,0.0
Bulgaria,2023-W26,0.0,0.0,6.0,0.0
Bulgaria,2023-W27,0.0,0.0,6.0,0.0
Bulgaria,2023-W28,0.0,0.0,6.0,0.0
Bulgaria,2023-W29,0.0,0.0,6.0,0.0
Bulgaria,2023-W30,0.0,0.0,6.0,0.0
Bulgaria,2023-W31,0.0,0.0,6.0,0.0
Bulgaria,2023-W32,0.0,0.0,6.0,0.0
Bulgaria,2023-W33,0.0,0.0,6.0,0.0
Bulgaria,2023-W34,0.0,0.0,6.0,0.0
Bulgaria,2023-W35,0.0,0.0,6.0,0.0
Bulgaria,2023-W36,0.0,0.0,6.0,0.0
Bulgaria,2023-W37,0.0,0.0,6.0,0.0
Bulgaria,2023-W38,0.0,0.0,6.0,0.0
Bulgaria,2023-W39,0.0,0.0,6.0,0.0
Bulgaria,2023-W40,0.0,0.0,6.0,0.0
Bulgaria,2023-W41,0.0,0.0,6.0,0.0
Bulgaria,2023-W42,0.0,0.0,6.0,0.0
Bulgaria,2023-W43,0.0,0.0,6.0,0.0
Bulgaria,2023-W44,0.0,0.0,6.0,0.0
Bulgaria,2023-W45,0.0,0.0,6.0,0.0
Bulgaria,2023-W46,0.0,0.0,6.0,0.0
Bulgaria,2023-W47,0.0,0.0,6.0,0.0
Bulgaria,2023-W48,0.0,0.0,6.0,0.0
Bulgaria,2023-W49,0.0,0.0,6.0,0.0
Bulgaria,2023-W50,0.0,0.0,6.0,0.0
Bulgaria,2023-W51,0.0,0.0,6.0,0.0
Bulgaria,2023-W52,0.0,0.0,6.0,0.0
Bulgaria,2024-W01,0.0,0.0,6.0,0.0
Bulgaria,2024-W02,0.0,0.0,6.0,0.0
Bulgaria,2024-W03,0.0,0.0,6.0,0.0
Bulgaria,2024-W04,0.0,0.0,6.0,0.0
Bulgaria,2024-W05,0.0,0.0,6.0,0.0
Bulgaria,2024-W06,0.0,0.0,6.0,0.0
Bulgaria,2024-W07,0.0,0.0,6.0,0.0
Bulgaria,2024-W08,0.0,0.0,6.0,0.0
Bulgaria,2024-W09,0.0,0.0,6.0,0.0
Bulgaria,2024-W10,0.0,0.0,6.0,0.0
Bulgaria,2024-W11,0.0,0.0,6.0,0.0
Bulgaria,2024-W12,0.0,0.0,6.0,0.0
Bulgaria,2024-W13,0.0,0.0,6.0,0.0
Bulgaria,2024-W14,0.0,0.0,6.0,0.0
Bulgaria,2024-W15,0.0,0.0,6.0,0.0
Bulgaria,2024-W16,0.0,0.0,6.0,0.0
Bulgaria,2024-W17,0.0,0.0,6.0,0.0
Bulgaria,2024-W18,0.0,0.0,6.0,0.0
Bulgaria,2024-W19,0.0,0.0,6.0,0.0
Bulgaria,2024-W20,0.0,0.0,6.0,0.0
Bulgaria,2024-W21,0.0,0.0,6.0,0.0
Bulgaria,2024-W22,1.0,0.0,7.0,0.0
Bulgaria,2024-W23,0.0,0.0,7.0,0.0
Bulgaria,2024-W24,0.0,0.0,7.0,0.0
Bulgaria,2024-W25,0.0,0.0,7.0,0.0
Bulgaria,2024-W26,0.0,0.0,7.0,0.0
Bulgaria,2024-W27,0.0,0.0,7.0,0.0
Bulgaria,2024-W28,0.0,0.0,7.0,0.0
Bulgaria,2024-W29,0.0,0.0,7.0,0.0
Bulgaria,2024-W30,0.0,0.0,7.0,0.0
Bulgaria,2024-W31,0.0,0.0,7.0,0.0
Bulgaria,2024-W32,0.0,0.0,7.0,0.0
Bulgaria,2024-W33,0.0,0.0,7.0,0.0
Bulgaria,2024-W34,0.0,0.0,7.0,0.0
Bulgaria,2024-W35,0.0,0.0,7.0,0.0
Bulgaria,2024-W36,0.0,0.0,7.0,0.0
Bulgaria,2024-W37,0.0,0.0,7.0,0.0
Bulgaria,2024-W38,0.0,0.0,7.0,0.0
Bulgaria,2024-W39,0.0,0.0,7.0,0.0
Bulgaria,2024-W40,0.0,0.0,7.0,0.0
Bulgaria,2024-W41,0.0,0.0,7.0,0.0
Bulgaria,2024-W42,0.0,0.0,7.0,0.0
Bulgaria,2024-W43,0.0,0.0,7.0,0.0
Bulgaria,2024-W44,0.0,0.0,7.0,0.0
Bulgaria,2024-W45,0.0,0.0,7.0,0.0
Bulgaria,2024-W46,0.0,0.0,7.0,0.0
Bulgaria,2024-W47,0.0,0.0,7.0,0.0
Bulgaria,2024-W48,1.0,0.0,8.0,0.0
Bulgaria,2024-W49,0.0,0.0,8.0,0.0
Bulgaria,2024-W50,0.0,0.0,8.0,0.0
Bulgaria,2024-W51,0.0,0.0,8.0,0.0
Bulgaria,2024-W52,0.0,0.0,8.0,0.0
Bulgaria,2025-W01,2.0,0.0,10.0,0.0
Bulgaria,2025-W02,1.0,0.0,11.0,0.0
Bulgaria,2025-W03,0.0,0.0,11.0,0.0
Bulgaria,2025-W04,0.0,0.0,11.0,0.0
Bulgaria,2025-W05,0.0,0.0,11.0,0.0
Bulgaria,2025-W06,0.0,0.0,11.0,0.0
Bulgaria,2025-W07,0.0,0.0,11.0,0.0
Bulgaria,2025-W08,0.0,0.0,11.0,0.0
Bulgaria,2025-W09,0.0,0.0,11.0,0.0
Bulgaria,2025-W10,0.0,0.0,11.0,0.0
Bulgaria,2025-W11,0.0,0.0,11.0,0.0
Bulgaria,2025-W12,0.0,0.0,11.0,0.0
Bulgaria,2025-W13,0.0,0.0,11.0,0.0
Bulgaria,2025-W14,0.0,0.0,11.0,0.0
Bulgaria,2025-W15,0.0,0.0,11.0,0.0
Bulgaria,2025-W16,0.0,0.0,11.0,0.0
Bulgaria,2025-W17,0.0,0.0,11.0,0.0
Bulgaria,2025-W18,0.0,0.0,11.0,0.0
Bulgaria,2025-W19,0.0,0.0,11.0,0.0
Bulgaria,2025-W20,0.0,0.0,11.0,0.0
Bulgaria,2025-W21,0.0,0.0,11.0,0.0
Bulgaria,2025-W22,0.0,0.0,11.0,0.0
Bulgaria,2025-W23,0.0,0.0,11.0,0.0
Bulgaria,2025-W24,0.0,0.0,11.0,0.0
Bulgaria,2025-W25,0.0,0.0,11.0,0.0
Bulgaria,2025-W26,0.0,0.0,11.0,0.0
Bulgaria,2025-W27,0.0,0.0,11.0,0.0
Bulgaria,2025-W28,0.0,0.0,11.0,0.0
Bulgaria,2025-W29,0.0,0.0,11.0,0.0
Bulgaria,2025-W30,0.0,0.0,11.0,0.0
Bulgaria,2025-W31,0.0,0.0,11.0,0.0
Bulgaria,2025-W32,0.0,0.0,11.0,0.0
Bulgaria,2025-W33,0.0,0.0,11.0,0.0
Bulgaria,2025-W34,0.0,0.0,11.0,0.0
Bulgaria,2025-W35,0.0,0.0,11.0,0.0
Bulgaria,2025-W36,0.0,0.0,11.0,0.0
Bulgaria,2025-W37,0.0,0.0,11.0,0.0
Bulgaria,2025-W38,0.0,0.0,11.0,0.0
Bulgaria,2025-W39,0.0,0.0,11.0,0.0
Bulgaria,2025-W40,0.0,0.0,11.0,0.0
Bulgaria,2025-W41,0.0,0.0,11.0,0.0
Bulgaria,2025-W42,0.0,0.0,11.0,0.0
Bulgaria,2025-W43,0.0,0.0,11.0,0.0
Bulgaria,2025-W44,0.0,0.0,11.0,0.0
Bulgaria,2025-W45,0.0,0.0,11.0,0.0
Bulgaria,2025-W46,0.0,0.0,11.0,0.0
Bulgaria,2025-W47,0.0,0.0,11.0,0.0
Bulgaria,2025-W48,0.0,0.0,11.0,0.0
Bulgaria,2025-W49,0.0,0.0,11.0,0.0
Bulgaria,2025-W50,0.0,0.0,11.0,0.0
Bulgaria,2025-W51,0.0,0.0,11.0,0.0
Bulgaria,2025-W52,0.0,0.0,11.0,0.0
Burundi,2024-W29,0.0,0.0,0.0,0.0
Burundi,2024-W30,9.0,0.0,9.0,0.0
Burundi,2024-W31,31.0,0.0,40.0,0.0
Burundi,2024-W32,43.0,0.0,83.0,0.0
Burundi,2024-W33,70.0,0.0,153.0,0.0
Burundi,2024-W34,78.0,0.0,231.0,0.0
Burundi,2024-W35,97.0,0.0,328.0,0.0
Burundi,2024-W36,57.0,0.0,385.0,0.0
Burundi,2024-W37,179.0,0.0,564.0,0.0
Burundi,2024-W38,132.0,0.0,696.0,0.0
Burundi,2024-W39,157.0,0.0,853.0,0.0
Burundi,2024-W40,134.0,0.0,987.0,0.0
Burundi,2024-W41,183.0,0.0,1170.0,0.0
Burundi,2024-W42,117.0,0.0,1287.0,0.0
Burundi,2024-W43,222.0,0.0,1509.0,0.0
Burundi,2024-W44,209.0,0.0,1718.0,0.0
Burundi,2024-W45,145.0,0.0,1863.0,0.0
Burundi,2024-W46,187.0,1.0,2050.0,1.0
Burundi,2024-W47,187.0,0.0,2237.0,1.0
Burundi,2024-W48,165.0,0.0,2402.0,1.0
Burundi,2024-W49,144.0,0.0,2546.0,1.0
Burundi,2024-W50,171.0,0.0,2717.0,1.0
Burundi,2024-W51,144.0,0.0,2861.0,1.0
Burundi,2024-W52,85.0,0.0,2946.0,1.0
Burundi,2025-W01,89.0,0.0,3035.0,1.0
Burundi,2025-W02,81.0,0.0,3116.0,1.0
Burundi,2025-W03,120.0,0.0,3236.0,1.0
Burundi,2025-W04,52.0,0.0,3288.0,1.0
Burundi,2025-W05,71.0,0.0,3359.0,1.0
Burundi,2025-W06,69.0,0.0,3428.0,1.0
Burundi,2025-W07,39.0,0.0,3467.0,1.0
Burundi,2025-W08,80.0,0.0,3547.0,1.0
Burundi,2025-W09,41.0,0.0,3588.0,1.0
Burundi,2025-W10,26.0,0.0,3614.0,1.0
Burundi,2025-W11,34.0,0.0,3648.0,1.0
Burundi,2025-W12,50.0,0.0,3698.0,1.0
Burundi,2025-W13,27.0,0.0,3725.0,1.0
Burundi,2025-W14,26.0,0.0,3751.0,1.0
Burundi,2025-W15,22.0,0.0,3773.0,1.0
Burundi,2025-W16,31.0,0.0,3804.0,1.0
Burundi,2025-W17,35.0,0.0,3839.0,1.0
Burundi,2025-W18,44.0,0.0,3883.0,1.0
Burundi,2025-W19,27.0,0.0,3910.0,1.0
Burundi,2025-W20,24.0,0.0,3934.0,1.0
Burundi,2025-W21,24.0,0.0,3958.0,1.0
Burundi,2025-W22,12.0,0.0,3970.0,1.0
Burundi,2025-W23,10.0,0.0,3980.0,1.0
Burundi,2025-W24,26.0,0.0,4006.0,1.0
Burundi,2025-W25,19.0,0.0,4025.0,1.0
Burundi,2025-W26,30.0,0.0,4055.0,1.0
Burundi,2025-W27,50.0,0.0,4105.0,1.0
Burundi,2025-W28,43.0,0.0,4148.0,1.0
Burundi,2025-W29,41.0,0.0,4189.0,1.0
Burundi,2025-W30,53.0,0.0,4242.0,1.0
Burundi,2025-W31,32.0,0.0,4274.0,1.0
Burundi,2025-W32,45.0,0.0,4319.0,1.0
Burundi,2025-W33,31.0,0.0,4350.0,1.0
Burundi,2025-W34,34.0,0.0,4384.0,1.0
Burundi,2025-W35,21.0,0.0,4405.0,1.0
Burundi,2025-W36,23.0,0.0,4428.0,1.0
Burundi,2025-W37,24.0,0.0,4452.0,1.0
Burundi,2025-W38,21.0,0.0,4473.0,1.0
Burundi,2025-W39,10.0,0.0,4483.0,1.0
Burundi,2025-W40,11.0,0.0,4494.0,1.0
Burundi,2025-W41,1.0,0.0,4495.0,1.0
Burundi,2025-W42,2.0,0.0,4497.0,1.0
Burundi,2025-W43,34.0,0.0,4531.0,1.0
Burundi,2025-W44,21.0,0.0,4552.0,1.0
Burundi,2025-W45,17.0,0.0,4569.0,1.0
Burundi,2025-W46,16.0,0.0,4585.0,1.0
Burundi,2025-W47,6.0,0.0,4591.0,1.0
Burundi,2025-W48,3.0,0.0,4594.0,1.0
Burundi,2025-W49,2.0,0.0,4596.0,1.0
Burundi,2025-W50,3.0,0.0,4599.0,1.0
Burundi,2025-W51,6.0,0.0,4605.0,1.0
Burundi,2025-W52,3.0,0.0,4608.0,1.0
Cambodia,2023-W50,1.0,0.0,1.0,0.0
Cambodia,2023-W51,0.0,0.0,1.0,0.0
Cambodia,2023-W52,0.0,0.0,1.0,0.0
Cambodia,2024-W01,2.0,0.0,3.0,0.0
Cambodia,2024-W02,0.0,0.0,3.0,0.0
Cambodia,2024-W03,0.0,0.0,3.0,0.0
Cambodia,2024-W04,0.0,0.0,3.0,0.0
Cambodia,2024-W05,1.0,0.0,4.0,0.0
Cambodia,2024-W06,0.0,0.0,4.0,0.0
Cambodia,2024-W07,0.0,0.0,4.0,0.0
Cambodia,2024-W08,9.0,0.0,13.0,0.0
Cameroon,2022-W17,1.0,0.0,4.0,1.0
Cameroon,2022-W18,0.0,0.0,4.0,1.0
Cameroon,2022-W19,0.0,0.0,4.0,1.0
Cameroon,2022-W20,0.0,0.0,4.0,1.0
Cameroon,2022-W21,0.0,0.0,4.0,1.0
Cameroon,2022-W22,1.0,0.0,5.0,1.0
Cameroon,2022-W23,0.0,0.0,5.0,1.0
Cameroon,2022-W24,1.0,0.0,6.0,1.0
Cameroon,2022-W25,0.0,0.0,6.0,1.0
Cameroon,2022-W26,2.0,0.0,8.0,1.0
Cameroon,2022-W27,0.0,0.0,8.0,1.0
Cameroon,2022-W28,0.0,0.0,8.0,1.0
Cameroon,2022-W29,0.0,0.0,8.0,1.0
Cameroon,2022-W30,0.0,0.0,8.0,1.0
Cameroon,2022-W31,0.0,2.0,8.0,3.0
Cameroon,2022-W32,0.0,0.0,8.0,3.0
Cameroon,2022-W33,0.0,0.0,8.0,3.0
Cameroon,2022-W34,0.0,0.0,8.0,3.0
Cameroon,2022-W35,0.0,0.0,8.0,3.0
Cameroon,2022-W36,1.0,0.0,9.0,3.0
Cameroon,2022-W37,0.0,0.0,9.0,3.0
Cameroon,2022-W38,1.0,0.0,10.0,3.0
Cameroon,2022-W39,0.0,0.0,10.0,3.0
Cameroon,2022-W40,0.0,0.0,10.0,3.0
Cameroon,2022-W41,2.0,0.0,12.0,3.0
Cameroon,2022-W42,0.0,0.0,12.0,3.0
Cameroon,2022-W43,4.0,0.0,16.0,3.0
Cameroon,2022-W44,0.0,0.0,16.0,3.0
Cameroon,2022-W45,2.0,0.0,18.0,3.0
Cameroon,2022-W46,0.0,0.0,18.0,3.0
Cameroon,2022-W47,0.0,0.0,18.0,3.0
Cameroon,2022-W48,0.0,0.0,18.0,3.0
Cameroon,2022-W49,0.0,0.0,18.0,3.0
Cameroon,2022-W50,0.0,0.0,18.0,3.0
Cameroon,2022-W51,0.0,0.0,18.0,3.0
Cameroon,2022-W52,0.0,0.0,18.0,3.0
Cameroon,2023-W01,0.0,0.0,18.0,3.0
Cameroon,2023-W02,0.0,0.0,18.0,3.0
Cameroon,2023-W03,0.0,0.0,18.0,3.0
Cameroon,2023-W04,0.0,0.0,18.0,3.0
Cameroon,2023-W05,0.0,0.0,18.0,3.0
Cameroon,2023-W06,0.0,0.0,18.0,3.0
Cameroon,2023-W07,0.0,0.0,18.0,3.0
Cameroon,2023-W08,0.0,0.0,18.0,3.0
Cameroon,2023-W09,0.0,0.0,18.0,3.0
Cameroon,2023-W10,0.0,0.0,18.0,3.0
Cameroon,2023-W11,0.0,0.0,18.0,3.0
Cameroon,2023-W12,0.0,0.0,18.0,3.0
Cameroon,2023-W13,0.0,0.0,18.0,3.0
Cameroon,2023-W14,0.0,0.0,18.0,3.0
Cameroon,2023-W15,0.0,0.0,18.0,3.0
Cameroon,2023-W16,0.0,0.0,18.0,3.0
Cameroon,2023-W17,0.0,0.0,18.0,3.0
Cameroon,2023-W18,0.0,0.0,18.0,3.0
Cameroon,2023-W19,0.0,0.0,18.0,3.0
Cameroon,2023-W20,12.0,0.0,30.0,3.0
Cameroon,2023-W21,1.0,0.0,31.0,3.0
Cameroon,2023-W22,1.0,0.0,32.0,3.0
Cameroon,2023-W23,8.0,0.0,40.0,3.0
Cameroon,2023-W24,0.0,0.0,40.0,3.0
Cameroon,2023-W25,1.0,0.0,41.0,3.0
Cameroon,2023-W26,0.0,0.0,41.0,3.0
Cameroon,2023-W27,0.0,0.0,41.0,3.0
Cameroon,2023-W28,1.0,0.0,42.0,3.0
Cameroon,2023-W29,0.0,0.0,42.0,3.0
Cameroon,2023-W30,1.0,0.0,43.0,3.0
Cameroon,2023-W31,0.0,0.0,43.0,3.0
Cameroon,2023-W32,0.0,0.0,43.0,3.0
Cameroon,2023-W33,0.0,0.0,43.0,3.0
Cameroon,2023-W34,0.0,0.0,43.0,3.0
Cameroon,2023-W35,0.0,0.0,43.0,3.0
Cameroon,2023-W36,1.0,0.0,44.0,3.0
Cameroon,2023-W37,0.0,0.0,44.0,3.0
Cameroon,2023-W38,0.0,0.0,44.0,3.0
Cameroon,2023-W39,0.0,0.0,44.0,3.0
Cameroon,2023-W40,1.0,0.0,45.0,3.0
Cameroon,2023-W41,0.0,0.0,45.0,3.0
Cameroon,2023-W42,0.0,0.0,45.0,3.0
Cameroon,2023-W43,0.0,0.0,45.0,3.0
Cameroon,2023-W44,0.0,0.0,45.0,3.0
Cameroon,2023-W45,0.0,0.0,45.0,3.0
Cameroon,2023-W46,0.0,0.0,45.0,3.0
Cameroon,2023-W47,0.0,0.0,45.0,3.0
Cameroon,2023-W48,0.0,0.0,45.0,3.0
Cameroon,2023-W49,0.0,0.0,45.0,3.0
Cameroon,2023-W50,0.0,0.0,45.0,3.0
Cameroon,2023-W51,0.0,0.0,45.0,3.0
Cameroon,2023-W52,0.0,0.0,45.0,3.0
Cameroon,2024-W01,0.0,0.0,45.0,3.0
Cameroon,2024-W02,1.0,1.0,46.0,4.0
Cameroon,2024-W03,0.0,0.0,46.0,4.0
Cameroon,2024-W04,0.0,0.0,46.0,4.0
Cameroon,2024-W05,0.0,0.0,46.0,4.0
Cameroon,2024-W06,0.0,0.0,46.0,4.0
Cameroon,2024-W07,0.0,0.0,46.0,4.0
Cameroon,2024-W08,0.0,0.0,46.0,4.0
Cameroon,2024-W09,0.0,0.0,46.0,4.0
Cameroon,2024-W10,0.0,0.0,46.0,4.0
Cameroon,2024-W11,0.0,0.0,46.0,4.0
Cameroon,2024-W12,0.0,0.0,46.0,4.0
Cameroon,2024-W13,0.0,0.0,46.0,4.0
Cameroon,2024-W14,1.0,1.0,47.0,5.0
Cameroon,2024-W15,0.0,0.0,47.0,5.0
Cameroon,2024-W16,0.0,0.0,47.0,5.0
Cameroon,2024-W17,0.0,0.0,47.0,5.0
Cameroon,2024-W18,0.0,0.0,47.0,5.0
Cameroon,2024-W19,0.0,0.0,47.0,5.0
Cameroon,2024-W20,0.0,0.0,47.0,5.0
Cameroon,2024-W21,0.0,0.0,47.0,5.0
Cameroon,2024-W22,0.0,0.0,47.0,5.0
Cameroon,2024-W23,0.0,0.0,47.0,5.0
Cameroon,2024-W24,0.0,0.0,47.0,5.0
Cameroon,2024-W25,1.0,0.0,48.0,5.0
Cameroon,2024-W26,0.0,0.0,48.0,5.0
Cameroon,2024-W27,2.0,0.0,50.0,5.0
Cameroon,2024-W28,0.0,0.0,50.0,5.0
Cameroon,2024-W29,0.0,0.0,50.0,5.0
Cameroon,2024-W30,0.0,0.0,50.0,5.0
Cameroon,2024-W31,0.0,0.0,50.0,5.0
Cameroon,2024-W32,0.0,0.0,50.0,5.0
Cameroon,2024-W33,0.0,0.0,50.0,5.0
Cameroon,2024-W34,0.0,0.0,50.0,5.0
Cameroon,2024-W35,0.0,0.0,50.0,5.0
Cameroon,2024-W36,1.0,0.0,51.0,5.0
Cameroon,2024-W37,0.0,0.0,51.0,5.0
Cameroon,2024-W38,0.0,0.0,51.0,5.0
Cameroon,2024-W39,0.0,0.0,51.0,5.0
Cameroon,2024-W40,0.0,0.0,51.0,5.0
Cameroon,2024-W41,0.0,0.0,51.0,5.0
Cameroon,2024-W42,0.0,0.0,51.0,5.0
Cameroon,2024-W43,0.0,0.0,51.0,5.0
Cameroon,2024-W44,0.0,0.0,51.0,5.0
Cameroon,2024-W45,0.0,0.0,51.0,5.0
Cameroon,2024-W46,3.0,0.0,54.0,5.0
Cameroon,2024-W47,0.0,0.0,54.0,5.0
Cameroon,2024-W48,0.0,0.0,54.0,5.0
Cameroon,2024-W49,0.0,0.0,54.0,5.0
Cameroon,2024-W50,0.0,0.0,54.0,5.0
Cameroon,2024-W51,0.0,0.0,54.0,5.0
Cameroon,2024-W52,0.0,0.0,54.0,5.0
Cameroon,2025-W01,0.0,0.0,54.0,5.0
Cameroon,2025-W02,0.0,0.0,54.0,5.0
Cameroon,2025-W03,0.0,0.0,54.0,5.0
Cameroon,2025-W04,0.0,0.0,54.0,5.0
Cameroon,2025-W05,0.0,0.0,54.0,5.0
Cameroon,2025-W06,0.0,0.0,54.0,5.0
Cameroon,2025-W07,0.0,0.0,54.0,5.0
Cameroon,2025-W08,0.0,0.0,54.0,5.0
Cameroon,2025-W09,0.0,0.0,54.0,5.0
Cameroon,2025-W10,0.0,0.0,54.0,5.0
Cameroon,2025-W11,0.0,0.0,54.0,5.0
Cameroon,2025-W12,0.0,0.0,54.0,5.0
Cameroon,2025-W13,0.0,0.0,54.0,5.0
Cameroon,2025-W14,0.0,0.0,54.0,5.0
Cameroon,2025-W15,0.0,0.0,54.0,5.0
Cameroon,2025-W16,0.0,0.0,54.0,5.0
Cameroon,2025-W17,0.0,0.0,54.0,5.0
Cameroon,2025-W18,0.0,0.0,54.0,5.0
Cameroon,2025-W19,0.0,0.0,54.0,5.0
Cameroon,2025-W20,0.0,0.0,54.0,5.0
Cameroon,2025-W21,0.0,0.0,54.0,5.0
Cameroon,2025-W22,0.0,0.0,54.0,5.0
Cameroon,2025-W23,0.0,0.0,54.0,5.0
Cameroon,2025-W24,0.0,0.0,54.0,5.0
Cameroon,2025-W25,0.0,0.0,54.0,5.0
Cameroon,2025-W26,0.0,0.0,54.0,5.0
Cameroon,2025-W27,0.0,0.0,54.0,5.0
Cameroon,2025-W28,1.0,0.0,55.0,5.0
Cameroon,2025-W29,2.0,0.0,57.0,5.0
Cameroon,2025-W30,0.0,0.0,57.0,5.0
Cameroon,2025-W31,2.0,0.0,59.0,5.0
Cameroon,2025-W32,0.0,0.0,59.0,5.0
Cameroon,2025-W33,0.0,0.0,59.0,5.0
Cameroon,2025-W34,0.0,0.0,59.0,5.0
Cameroon,2025-W35,0.0,0.0,59.0,5.0
Cameroon,2025-W36,0.0,0.0,59.0,5.0
Cameroon,2025-W37,0.0,0.0,59.0,5.0
Cameroon,2025-W38,0.0,0.0,59.0,5.0
Cameroon,2025-W39,0.0,0.0,59.0,5.0
Cameroon,2025-W40,0.0,0.0,59.0,5.0
Cameroon,2025-W41,0.0,0.0,59.0,5.0
Cameroon,2025-W42,0.0,0.0,59.0,5.0
Cameroon,2025-W43,0.0,0.0,59.0,5.0
Cameroon,2025-W44,0.0,0.0,59.0,5.0
Cameroon,2025-W45,0.0,0.0,59.0,5.0
Cameroon,2025-W46,1.0,0.0,60.0,5.0
Cameroon,2025-W47,1.0,0.0,61.0,5.0
Cameroon,2025-W48,0.0,0.0,61.0,5.0
Cameroon,2025-W49,0.0,0.0,61.0,5.0
Cameroon,2025-W50,1.0,0.0,62.0,5.0
Cameroon,2025-W51,0.0,0.0,62.0,5.0
Cameroon,2025-W52,2.0,0.0,64.0,5.0
Canada,2022-W17,0.0,0.0,3.0,0.0
Canada,2022-W18,12.0,0.0,15.0,0.0
Canada,2022-W19,16.0,0.0,31.0,0.0
Canada,2022-W20,28.0,0.0,59.0,0.0
Canada,2022-W21,48.0,0.0,107.0,0.0
Canada,2022-W22,66.0,0.0,173.0,0.0
Canada,2022-W23,63.0,0.0,236.0,0.0
Canada,2022-W24,69.0,0.0,305.0,0.0
Canada,2022-W25,108.0,0.0,413.0,0.0
Canada,2022-W26,146.0,0.0,559.0,0.0
Canada,2022-W27,131.0,0.0,690.0,0.0
Canada,2022-W28,133.0,0.0,823.0,0.0
Canada,2022-W29,134.0,0.0,957.0,0.0
Canada,2022-W30,89.0,0.0,1046.0,0.0
Canada,2022-W31,92.0,0.0,1138.0,0.0
Canada,2022-W32,106.0,0.0,1244.0,0.0
Canada,2022-W33,69.0,0.0,1313.0,0.0
Canada,2022-W34,40.0,0.0,1353.0,0.0
Canada,2022-W35,29.0,0.0,1382.0,0.0
Canada,2022-W36,18.0,0.0,1400.0,0.0
Canada,2022-W37,18.0,0.0,1418.0,0.0
Canada,2022-W38,13.0,0.0,1431.0,0.0
Canada,2022-W39,16.0,0.0,1447.0,0.0
Canada,2022-W40,6.0,0.0,1453.0,0.0
Canada,2022-W41,3.0,0.0,1456.0,0.0
Canada,2022-W42,2.0,0.0,1458.0,0.0
Canada,2022-W43,4.0,0.0,1462.0,0.0
Canada,2022-W44,3.0,0.0,1465.0,0.0
Canada,2022-W45,5.0,0.0,1470.0,0.0
Canada,2022-W46,3.0,0.0,1473.0,0.0
Canada,2022-W47,0.0,0.0,1473.0,0.0
Canada,2022-W48,1.0,0.0,1474.0,0.0
Canada,2022-W49,2.0,0.0,1476.0,0.0
Canada,2022-W50,4.0,0.0,1480.0,0.0
Canada,2022-W51,0.0,0.0,1480.0,0.0
Canada,2022-W52,0.0,0.0,1480.0,0.0
Canada,2023-W01,0.0,0.0,1480.0,0.0
Canada,2023-W02,1.0,0.0,1481.0,0.0
Canada,2023-W03,3.0,0.0,1484.0,0.0
Canada,2023-W04,1.0,0.0,1485.0,0.0
Canada,2023-W05,3.0,0.0,1488.0,0.0
Canada,2023-W06,2.0,0.0,1490.0,0.0
Canada,2023-W07,3.0,0.0,1493.0,0.0
Canada,2023-W08,1.0,0.0,1494.0,0.0
Canada,2023-W09,4.0,0.0,1498.0,0.0
Canada,2023-W10,2.0,0.0,1500.0,0.0
Canada,2023-W11,2.0,0.0,1502.0,0.0
Canada,2023-W12,1.0,0.0,1503.0,0.0
Canada,2023-W13,0.0,0.0,1503.0,0.0
Canada,2023-W14,0.0,0.0,1503.0,0.0
Canada,2023-W15,1.0,0.0,1504.0,0.0
Canada,2023-W16,3.0,0.0,1507.0,0.0
Canada,2023-W17,3.0,0.0,1510.0,0.0
Canada,2023-W18,2.0,0.0,1512.0,0.0
Canada,2023-W19,1.0,0.0,1513.0,0.0
Canada,2023-W20,2.0,0.0,1515.0,0.0
Canada,2023-W21,2.0,0.0,1517.0,0.0
Canada,2023-W22,3.0,0.0,1520.0,0.0
Canada,2023-W23,2.0,0.0,1522.0,0.0
Canada,2023-W24,0.0,0.0,1522.0,0.0
Canada,2023-W25,0.0,0.0,1522.0,0.0
Canada,2023-W26,2.0,0.0,1524.0,0.0
Canada,2023-W27,2.0,0.0,1526.0,0.0
Canada,2023-W28,0.0,0.0,1526.0,0.0
Canada,2023-W29,1.0,0.0,1527.0,0.0
Canada,2023-W30,0.0,0.0,1527.0,0.0
Canada,2023-W31,0.0,0.0,1527.0,0.0
Canada,2023-W32,4.0,0.0,1531.0,0.0
Canada,2023-W33,0.0,0.0,1531.0,0.0
Canada,2023-W34,0.0,0.0,1531.0,0.0
Canada,2023-W35,0.0,0.0,1531.0,0.0
Canada,2023-W36,1.0,0.0,1532.0,0.0
Canada,2023-W37,3.0,0.0,1535.0,0.0
Canada,2023-W38,1.0,0.0,1536.0,0.0
Canada,2023-W39,1.0,0.0,1537.0,0.0
Canada,2023-W40,0.0,0.0,1537.0,0.0
Canada,2023-W41,1.0,0.0,1538.0,0.0
Canada,2023-W42,2.0,0.0,1540.0,0.0
Canada,2023-W43,0.0,0.0,1540.0,0.0
Canada,2023-W44,0.0,0.0,1540.0,0.0
Canada,2023-W45,1.0,0.0,1541.0,0.0
Canada,2023-W46,2.0,0.0,1543.0,0.0
Canada,2023-W47,1.0,0.0,1544.0,0.0
Canada,2023-W48,3.0,0.0,1547.0,0.0
Canada,2023-W49,1.0,0.0,1548.0,0.0
Canada,2023-W50,0.0,0.0,1548.0,0.0
Canada,2023-W51,1.0,0.0,1549.0,0.0
Canada,2023-W52,1.0,0.0,1550.0,0.0
Canada,2024-W01,0.0,0.0,1550.0,0.0
Canada,2024-W02,1.0,0.0,1551.0,0.0
Canada,2024-W03,1.0,0.0,1552.0,0.0
Canada,2024-W04,3.0,0.0,1555.0,0.0
Canada,2024-W05,4.0,0.0,1559.0,0.0
Canada,2024-W06,7.0,0.0,1566.0,0.0
Canada,2024-W07,8.0,0.0,1574.0,0.0
Canada,2024-W08,8.0,0.0,1582.0,0.0
Canada,2024-W09,1.0,0.0,1583.0,0.0
Canada,2024-W10,6.0,0.0,1589.0,0.0
Canada,2024-W11,0.0,0.0,1589.0,0.0
Canada,2024-W12,2.0,0.0,1591.0,0.0
Canada,2024-W13,4.0,0.0,1595.0,0.0
Canada,2024-W14,4.0,0.0,1599.0,0.0
Canada,2024-W15,4.0,0.0,1603.0,0.0
Canada,2024-W16,3.0,0.0,1606.0,0.0
Canada,2024-W17,1.0,0.0,1607.0,0.0
Canada,2024-W18,3.0,0.0,1610.0,0.0
Canada,2024-W19,4.0,0.0,1614.0,0.0
Canada,2024-W20,8.0,0.0,1622.0,0.0
Canada,2024-W21,2.0,0.0,1624.0,0.0
Canada,2024-W22,7.0,0.0,1631.0,0.0
Canada,2024-W23,8.0,0.0,1639.0,0.0
Canada,2024-W24,8.0,0.0,1647.0,0.0
Canada,2024-W25,2.0,0.0,1649.0,0.0
Canada,2024-W26,12.0,0.0,1661.0,0.0
Canada,2024-W27,13.0,0.0,1674.0,0.0
Canada,2024-W28,10.0,0.0,1684.0,0.0
Canada,2024-W29,14.0,0.0,1698.0,0.0
Canada,2024-W30,19.0,0.0,1717.0,0.0
Canada,2024-W31,16.0,0.0,1733.0,0.0
Canada,2024-W32,20.0,0.0,1753.0,0.0
Canada,2024-W33,16.0,0.0,1769.0,0.0
Canada,2024-W34,8.0,0.0,1777.0,0.0
Canada,2024-W35,19.0,0.0,1796.0,0.0
Canada,2024-W36,15.0,0.0,1811.0,0.0
Canada,2024-W37,14.0,0.0,1825.0,0.0
Canada,2024-W38,20.0,0.0,1845.0,0.0
Canada,2024-W39,20.0,0.0,1865.0,0.0
Canada,2024-W40,16.0,0.0,1881.0,0.0
Canada,2024-W41,11.0,0.0,1892.0,0.0
Canada,2024-W42,14.0,0.0,1906.0,0.0
Canada,2024-W43,13.0,0.0,1919.0,0.0
Canada,2024-W44,14.0,0.0,1933.0,0.0
Canada,2024-W45,12.0,0.0,1945.0,0.0
Canada,2024-W46,12.0,0.0,1957.0,0.0
Canada,2024-W47,10.0,0.0,1967.0,0.0
Canada,2024-W48,12.0,0.0,1979.0,0.0
Canada,2024-W49,12.0,0.0,1991.0,0.0
Canada,2024-W50,12.0,0.0,2003.0,0.0
Canada,2024-W51,4.0,0.0,2007.0,0.0
Canada,2024-W52,7.0,0.0,2014.0,0.0
Canada,2025-W01,3.0,0.0,2017.0,0.0
Canada,2025-W02,10.0,0.0,2027.0,0.0
Canada,2025-W03,8.0,0.0,2035.0,0.0
Canada,2025-W04,11.0,0.0,2046.0,0.0
Canada,2025-W05,4.0,0.0,2050.0,0.0
Canada,2025-W06,5.0,0.0,2055.0,0.0
Canada,2025-W07,3.0,0.0,2058.0,0.0
Canada,2025-W08,1.0,0.0,2059.0,0.0
Canada,2025-W09,5.0,0.0,2064.0,0.0
Canada,2025-W10,5.0,0.0,2069.0,0.0
Canada,2025-W11,5.0,0.0,2074.0,0.0
Canada,2025-W12,5.0,0.0,2079.0,0.0
Canada,2025-W13,8.0,0.0,2087.0,0.0
Canada,2025-W14,1.0,0.0,2088.0,0.0
Canada,2025-W15,8.0,0.0,2096.0,0.0
Canada,2025-W16,3.0,0.0,2099.0,0.0
Canada,2025-W17,4.0,0.0,2103.0,0.0
Canada,2025-W18,4.0,0.0,2107.0,0.0
Canada,2025-W19,7.0,0.0,2114.0,0.0
Canada,2025-W20,8.0,0.0,2122.0,0.0
Canada,2025-W21,7.0,0.0,2129.0,0.0
Canada,2025-W22,6.0,0.0,2135.0,0.0
Canada,2025-W23,4.0,0.0,2139.0,0.0
Canada,2025-W24,10.0,0.0,2149.0,0.0
Canada,2025-W25,8.0,0.0,2157.0,0.0
Canada,2025-W26,11.0,0.0,2168.0,0.0
Canada,2025-W27,13.0,0.0,2181.0,0.0
Canada,2025-W28,12.0,0.0,2193.0,0.0
Canada,2025-W29,6.0,0.0,2199.0,0.0
Canada,2025-W30,8.0,0.0,2207.0,0.0
Canada,2025-W31,7.0,0.0,2214.0,0.0
Canada,2025-W32,6.0,0.0,2220.0,0.0
Canada,2025-W33,8.0,0.0,2228.0,0.0
Canada,2025-W34,4.0,0.0,2232.0,0.0
Canada,2025-W35,1.0,0.0,2233.0,0.0
Canada,2025-W36,7.0,0.0,2240.0,0.0
Canada,2025-W37,4.0,0.0,2244.0,0.0
Canada,2025-W38,3.0,0.0,2247.0,0.0
Canada,2025-W39,6.0,0.0,2253.0,0.0
Canada,2025-W40,3.0,0.0,2256.0,0.0
Canada,2025-W41,3.0,0.0,2259.0,0.0
Canada,2025-W42,2.0,0.0,2261.0,0.0
Canada,2025-W43,1.0,0.0,2262.0,0.0
Canada,2025-W44,5.0,0.0,2267.0,0.0
Canada,2025-W45,12.0,0.0,2279.0,0.0
Canada,2025-W46,8.0,0.0,2287.0,0.0
Canada,2025-W47,6.0,0.0,2293.0,0.0
Canada,2025-W48,4.0,0.0,2297.0,0.0
Canada,2025-W49,2.0,0.0,2299.0,0.0
Canada,2025-W50,2.0,0.0,2301.0,0.0
Canada,2025-W51,0.0,0.0,2301.0,0.0
Canada,2025-W52,0.0,0.0,2301.0,0.0
Canada,2026-W01,0.0,0.0,2301.0,0.0
Central African Republic,2022-W17,0.0,0.0,18.0,0.0
Central African Republic,2022-W18,0.0,0.0,18.0,0.0
Central African Republic,2022-W19,0.0,0.0,18.0,0.0
Central African Republic,2022-W20,0.0,0.0,18.0,0.0
Central African Republic,2022-W21,0.0,0.0,18.0,0.0
Central African Republic,2022-W22,0.0,0.0,18.0,0.0
Central African Republic,2022-W23,0.0,0.0,18.0,0.0
Central African Republic,2022-W24,0.0,0.0,18.0,0.0
Central African Republic,2022-W25,0.0,0.0,18.0,0.0
Central African Republic,2022-W26,0.0,0.0,18.0,0.0
Central African Republic,2022-W27,0.0,0.0,18.0,0.0
Central African Republic,2022-W28,2.0,0.0,20.0,0.0
Central African Republic,2022-W29,0.0,0.0,20.0,0.0
Central African Republic,2022-W30,1.0,0.0,21.0,0.0
Central African Republic,2022-W31,0.0,0.0,21.0,0.0
Central African Republic,2022-W32,1.0,0.0,22.0,0.0
Central African Republic,2022-W33,0.0,0.0,22.0,0.0
Central African Republic,2022-W34,0.0,0.0,22.0,0.0
Central African Republic,2022-W35,0.0,0.0,22.0,0.0
Central African Republic,2022-W36,1.0,0.0,23.0,0.0
Central African Republic,2022-W37,0.0,0.0,23.0,0.0
Central African Republic,2022-W38,1.0,0.0,24.0,0.0
Central African Republic,2022-W39,0.0,0.0,24.0,0.0
Central African Republic,2022-W40,0.0,0.0,24.0,0.0
Central African Republic,2022-W41,3.0,0.0,27.0,0.0
Central African Republic,2022-W42,0.0,0.0,27.0,0.0
Central African Republic,2022-W43,0.0,0.0,27.0,0.0
Central African Republic,2022-W44,0.0,0.0,27.0,0.0
Central African Republic,2022-W45,0.0,0.0,27.0,0.0
Central African Republic,2022-W46,0.0,0.0,27.0,0.0
Central African Republic,2022-W47,0.0,0.0,27.0,0.0
Central African Republic,2022-W48,0.0,0.0,27.0,0.0
Central African Republic,2022-W49,1.0,0.0,28.0,0.0
Central African Republic,2022-W50,1.0,0.0,29.0,0.0
Central African Republic,2022-W51,0.0,0.0,29.0,0.0
Central African Republic,2022-W52,1.0,0.0,30.0,0.0
Central African Republic,2023-W01,2.0,0.0,32.0,0.0
Central African Republic,2023-W02,2.0,0.0,34.0,0.0
Central African Republic,2023-W03,0.0,0.0,34.0,0.0
Central African Republic,2023-W04,2.0,0.0,36.0,0.0
Central African Republic,2023-W05,0.0,0.0,36.0,0.0
Central African Republic,2023-W06,2.0,1.0,38.0,1.0
Central African Republic,2023-W07,2.0,0.0,40.0,1.0
Central African Republic,2023-W08,0.0,0.0,40.0,1.0
Central African Republic,2023-W09,0.0,0.0,40.0,1.0
Central African Republic,2023-W10,2.0,0.0,42.0,1.0
Central African Republic,2023-W11,0.0,0.0,42.0,1.0
Central African Republic,2023-W12,2.0,0.0,44.0,1.0
Central African Republic,2023-W13,0.0,0.0,44.0,1.0
Central African Republic,2023-W14,0.0,0.0,44.0,1.0
Central African Republic,2023-W15,0.0,0.0,44.0,1.0
Central African Republic,2023-W16,0.0,0.0,44.0,1.0
Central African Republic,2023-W17,0.0,0.0,44.0,1.0
Central African Republic,2023-W18,0.0,0.0,44.0,1.0
Central African Republic,2023-W19,0.0,0.0,44.0,1.0
Central African Republic,2023-W20,0.0,0.0,44.0,1.0
Central African Republic,2023-W21,0.0,0.0,44.0,1.0
Central African Republic,2023-W22,0.0,0.0,44.0,1.0
Central African Republic,2023-W23,0.0,0.0,44.0,1.0
Central African Republic,2023-W24,0.0,0.0,44.0,1.0
Central African Republic,2023-W25,0.0,0.0,44.0,1.0
Central African Republic,2023-W26,0.0,0.0,44.0,1.0
Central African Republic,2023-W27,0.0,0.0,44.0,1.0
Central African Republic,2023-W28,0.0,0.0,44.0,1.0
Central African Republic,2023-W29,0.0,0.0,44.0,1.0
Central African Republic,2023-W30,0.0,0.0,44.0,1.0
Central African Republic,2023-W31,0.0,0.0,44.0,1.0
Central African Republic,2023-W32,0.0,0.0,44.0,1.0
Central African Republic,2023-W33,0.0,0.0,44.0,1.0
Central African Republic,2023-W34,0.0,0.0,44.0,1.0
Central African Republic,2023-W35,0.0,0.0,44.0,1.0
Central African Republic,2023-W36,0.0,0.0,44.0,1.0
Central African Republic,2023-W37,0.0,0.0,44.0,1.0
Central African Republic,2023-W38,0.0,0.0,44.0,1.0
Central African Republic,2023-W39,0.0,0.0,44.0,1.0
Central African Republic,2023-W40,0.0,0.0,44.0,1.0
Central African Republic,2023-W41,0.0,0.0,44.0,1.0
Central African Republic,2023-W42,0.0,0.0,44.0,1.0
Central African Republic,2023-W43,0.0,0.0,44.0,1.0
Central African Republic,2023-W44,0.0,0.0,44.0,1.0
Central African Republic,2023-W45,0.0,0.0,44.0,1.0
Central African Republic,2023-W46,0.0,0.0,44.0,1.0
Central African Republic,2023-W47,0.0,0.0,44.0,1.0
Central African Republic,2023-W48,0.0,0.0,44.0,1.0
Central African Republic,2023-W49,0.0,0.0,44.0,1.0
Central African Republic,2023-W50,0.0,0.0,44.0,1.0
Central African Republic,2023-W51,1.0,0.0,45.0,1.0
Central African Republic,2023-W52,1.0,0.0,46.0,1.0
Central African Republic,2024-W01,0.0,0.0,46.0,1.0
Central African Republic,2024-W02,4.0,0.0,50.0,1.0
Central African Republic,2024-W03,0.0,0.0,50.0,1.0
Central African Republic,2024-W04,1.0,0.0,51.0,1.0
Central African Republic,2024-W05,0.0,0.0,51.0,1.0
Central African Republic,2024-W06,3.0,0.0,54.0,1.0
Central African Republic,2024-W07,4.0,0.0,58.0,1.0
Central African Republic,2024-W08,0.0,0.0,58.0,1.0
Central African Republic,2024-W09,0.0,0.0,58.0,1.0
Central African Republic,2024-W10,0.0,0.0,58.0,1.0
Central African Republic,2024-W11,4.0,0.0,62.0,1.0
Central African Republic,2024-W12,2.0,0.0,64.0,1.0
Central African Republic,2024-W13,1.0,0.0,65.0,1.0
Central African Republic,2024-W14,0.0,0.0,65.0,1.0
Central African Republic,2024-W15,0.0,0.0,65.0,1.0
Central African Republic,2024-W16,0.0,0.0,65.0,1.0
Central African Republic,2024-W17,0.0,0.0,65.0,1.0
Central African Republic,2024-W18,0.0,0.0,65.0,1.0
Central African Republic,2024-W19,0.0,0.0,65.0,1.0
Central African Republic,2024-W20,0.0,0.0,65.0,1.0
Central African Republic,2024-W21,0.0,0.0,65.0,1.0
Central African Republic,2024-W22,0.0,0.0,65.0,1.0
Central African Republic,2024-W23,1.0,0.0,66.0,1.0
Central African Republic,2024-W24,1.0,0.0,67.0,1.0
Central African Republic,2024-W25,2.0,0.0,69.0,1.0
Central African Republic,2024-W26,1.0,0.0,70.0,1.0
Central African Republic,2024-W27,1.0,0.0,71.0,1.0
Central African Republic,2024-W28,1.0,0.0,72.0,1.0
Central African Republic,2024-W29,4.0,0.0,76.0,1.0
Central African Republic,2024-W30,9.0,1.0,85.0,2.0
Central African Republic,2024-W31,3.0,0.0,88.0,2.0
Central African Republic,2024-W32,2.0,0.0,90.0,2.0
Central African Republic,2024-W33,2.0,0.0,92.0,2.0
Central African Republic,2024-W34,3.0,0.0,95.0,2.0
Central African Republic,2024-W35,1.0,0.0,96.0,2.0
Central African Republic,2024-W36,2.0,0.0,98.0,2.0
Central African Republic,2024-W37,2.0,0.0,100.0,2.0
Central African Republic,2024-W38,2.0,0.0,102.0,2.0
Central African Republic,2024-W39,0.0,0.0,102.0,2.0
Central African Republic,2024-W40,2.0,0.0,104.0,2.0
Central African Republic,2024-W41,4.0,1.0,108.0,3.0
Central African Republic,2024-W42,2.0,0.0,110.0,3.0
Central African Republic,2024-W43,3.0,0.0,113.0,3.0
Central African Republic,2024-W44,5.0,0.0,118.0,3.0
Central African Republic,2024-W45,3.0,0.0,121.0,3.0
Central African Republic,2024-W46,6.0,0.0,127.0,3.0
Central African Republic,2024-W47,4.0,0.0,131.0,3.0
Central African Republic,2024-W48,1.0,1.0,132.0,4.0
Central African Republic,2024-W49,1.0,0.0,133.0,4.0
Central African Republic,2024-W50,2.0,0.0,135.0,4.0
Central African Republic,2024-W51,0.0,0.0,135.0,4.0
Central African Republic,2024-W52,2.0,0.0,137.0,4.0
Central African Republic,2025-W01,4.0,0.0,141.0,4.0
Central African Republic,2025-W02,1.0,0.0,142.0,4.0
Central African Republic,2025-W03,0.0,0.0,142.0,4.0
Central African Republic,2025-W04,1.0,0.0,143.0,4.0
Central African Republic,2025-W05,0.0,0.0,143.0,4.0
Central African Republic,2025-W06,0.0,0.0,143.0,4.0
Central African Republic,2025-W07,0.0,0.0,143.0,4.0
Central African Republic,2025-W08,0.0,0.0,143.0,4.0
Central African Republic,2025-W09,0.0,0.0,143.0,4.0
Central African Republic,2025-W10,0.0,0.0,143.0,4.0
Central African Republic,2025-W11,1.0,0.0,144.0,4.0
Central African Republic,2025-W12,0.0,0.0,144.0,4.0
Central African Republic,2025-W13,0.0,0.0,144.0,4.0
Central African Republic,2025-W14,0.0,0.0,144.0,4.0
Central African Republic,2025-W15,0.0,0.0,144.0,4.0
Central African Republic,2025-W16,0.0,0.0,144.0,4.0
Central African Republic,2025-W17,0.0,0.0,144.0,4.0
Central African Republic,2025-W18,0.0,0.0,144.0,4.0
Central African Republic,2025-W19,0.0,0.0,144.0,4.0
Central African Republic,2025-W20,0.0,0.0,144.0,4.0
Central African Republic,2025-W21,0.0,0.0,144.0,4.0
Central African Republic,2025-W22,0.0,0.0,144.0,4.0
Central African Republic,2025-W23,1.0,0.0,145.0,4.0
Central African Republic,2025-W24,0.0,0.0,145.0,4.0
Central African Republic,2025-W25,0.0,0.0,145.0,4.0
Central African Republic,2025-W26,6.0,1.0,151.0,5.0
Central African Republic,2025-W27,3.0,0.0,154.0,5.0
Central African Republic,2025-W28,2.0,0.0,156.0,5.0
Central African Republic,2025-W29,0.0,0.0,156.0,5.0
Central African Republic,2025-W30,0.0,1.0,156.0,6.0
Central African Republic,2025-W31,4.0,0.0,160.0,6.0
Central African Republic,2025-W32,3.0,1.0,163.0,7.0
Central African Republic,2025-W33,1.0,0.0,164.0,7.0
Central African Republic,2025-W34,6.0,0.0,170.0,7.0
Central African Republic,2025-W35,3.0,0.0,173.0,7.0
Central African Republic,2025-W36,1.0,0.0,174.0,7.0
Central African Republic,2025-W37,4.0,0.0,178.0,7.0
Central African Republic,2025-W38,4.0,1.0,182.0,8.0
Central African Republic,2025-W39,4.0,0.0,186.0,8.0
Central African Republic,2025-W40,8.0,1.0,194.0,9.0
Central African Republic,2025-W41,1.0,0.0,195.0,9.0
Central African Republic,2025-W42,5.0,0.0,200.0,9.0
Central African Republic,2025-W43,0.0,0.0,200.0,9.0
Central African Republic,2025-W44,0.0,0.0,200.0,9.0
Central African Republic,2025-W45,1.0,0.0,201.0,9.0
Central African Republic,2025-W46,3.0,1.0,204.0,10.0
Central African Republic,2025-W47,1.0,0.0,205.0,10.0
Central African Republic,2025-W48,2.0,0.0,207.0,10.0
Central African Republic,2025-W49,1.0,0.0,208.0,10.0
Central African Republic,2025-W50,1.0,0.0,209.0,10.0
Central African Republic,2025-W51,1.0,0.0,210.0,10.0
Central African Republic,2025-W52,0.0,0.0,210.0,10.0
Chile,2022-W22,1.0,0.0,1.0,0.0
Chile,2022-W23,1.0,0.0,2.0,0.0
Chile,2022-W24,4.0,0.0,6.0,0.0
Chile,2022-W25,7.0,0.0,13.0,0.0
Chile,2022-W26,7.0,0.0,20.0,0.0
Chile,2022-W27,10.0,0.0,30.0,0.0
Chile,2022-W28,21.0,0.0,51.0,0.0
Chile,2022-W29,19.0,0.0,70.0,0.0
Chile,2022-W30,46.0,0.0,116.0,0.0
Chile,2022-W31,64.0,0.0,180.0,0.0
Chile,2022-W32,75.0,0.0,255.0,0.0
Chile,2022-W33,136.0,0.0,391.0,0.0
Chile,2022-W34,100.0,0.0,491.0,0.0
Chile,2022-W35,143.0,0.0,634.0,0.0
Chile,2022-W36,131.0,0.0,765.0,0.0
Chile,2022-W37,106.0,0.0,871.0,0.0
Chile,2022-W38,101.0,0.0,972.0,0.0
Chile,2022-W39,72.0,0.0,1044.0,0.0
Chile,2022-W40,63.0,0.0,1107.0,0.0
Chile,2022-W41,41.0,0.0,1148.0,0.0
Chile,2022-W42,35.0,0.0,1183.0,0.0
Chile,2022-W43,32.0,0.0,1215.0,0.0
Chile,2022-W44,30.0,0.0,1245.0,0.0
Chile,2022-W45,34.0,0.0,1279.0,0.0
Chile,2022-W46,30.0,1.0,1309.0,1.0
Chile,2022-W47,28.0,1.0,1337.0,2.0
Chile,2022-W48,22.0,0.0,1359.0,2.0
Chile,2022-W49,15.0,0.0,1374.0,2.0
Chile,2022-W50,8.0,0.0,1382.0,2.0
Chile,2022-W51,9.0,0.0,1391.0,2.0
Chile,2022-W52,9.0,0.0,1400.0,2.0
Chile,2023-W01,11.0,0.0,1411.0,2.0
Chile,2023-W02,3.0,0.0,1414.0,2.0
Chile,2023-W03,8.0,0.0,1422.0,2.0
Chile,2023-W04,6.0,0.0,1428.0,2.0
Chile,2023-W05,3.0,0.0,1431.0,2.0
Chile,2023-W06,5.0,0.0,1436.0,2.0
Chile,2023-W07,3.0,0.0,1439.0,2.0
Chile,2023-W08,2.0,0.0,1441.0,2.0
Chile,2023-W09,3.0,0.0,1444.0,2.0
Chile,2023-W10,0.0,0.0,1444.0,2.0
Chile,2023-W11,0.0,0.0,1444.0,2.0
Chile,2023-W12,1.0,0.0,1445.0,2.0
Chile,2023-W13,0.0,0.0,1445.0,2.0
Chile,2023-W14,0.0,0.0,1445.0,2.0
Chile,2023-W15,0.0,0.0,1445.0,2.0
Chile,2023-W16,0.0,0.0,1445.0,2.0
Chile,2023-W17,1.0,0.0,1446.0,2.0
Chile,2023-W18,0.0,0.0,1446.0,2.0
Chile,2023-W19,0.0,0.0,1446.0,2.0
Chile,2023-W20,0.0,0.0,1446.0,2.0
Chile,2023-W21,0.0,0.0,1446.0,2.0
Chile,2023-W22,0.0,1.0,1446.0,3.0
Chile,2023-W23,0.0,0.0,1446.0,3.0
Chile,2023-W24,0.0,0.0,1446.0,3.0
Chile,2023-W25,0.0,0.0,1446.0,3.0
Chile,2023-W26,0.0,0.0,1446.0,3.0
Chile,2023-W27,0.0,0.0,1446.0,3.0
Chile,2023-W28,0.0,0.0,1446.0,3.0
Chile,2023-W29,0.0,0.0,1446.0,3.0
Chile,2023-W30,0.0,0.0,1446.0,3.0
Chile,2023-W31,0.0,0.0,1446.0,3.0
Chile,2023-W32,0.0,0.0,1446.0,3.0
Chile,2023-W33,0.0,0.0,1446.0,3.0
Chile,2023-W34,1.0,0.0,1447.0,3.0
Chile,2023-W35,1.0,0.0,1448.0,3.0
Chile,2023-W36,1.0,0.0,1449.0,3.0
Chile,2023-W37,0.0,0.0,1449.0,3.0
Chile,2023-W38,0.0,0.0,1449.0,3.0
Chile,2023-W39,0.0,0.0,1449.0,3.0
Chile,2023-W40,1.0,0.0,1450.0,3.0
Chile,2023-W41,0.0,0.0,1450.0,3.0
Chile,2023-W42,0.0,0.0,1450.0,3.0
Chile,2023-W43,1.0,0.0,1451.0,3.0
Chile,2023-W44,1.0,0.0,1452.0,3.0
Chile,2023-W45,0.0,0.0,1452.0,3.0
Chile,2023-W46,1.0,0.0,1453.0,3.0
Chile,2023-W47,0.0,0.0,1453.0,3.0
Chile,2023-W48,0.0,0.0,1453.0,3.0
Chile,2023-W49,0.0,0.0,1453.0,3.0
Chile,2023-W50,1.0,0.0,1454.0,3.0
Chile,2023-W51,0.0,0.0,1454.0,3.0
Chile,2023-W52,0.0,0.0,1454.0,3.0
Chile,2024-W01,1.0,0.0,1455.0,3.0
Chile,2024-W02,0.0,0.0,1455.0,3.0
Chile,2024-W03,0.0,0.0,1455.0,3.0
Chile,2024-W04,0.0,0.0,1455.0,3.0
Chile,2024-W05,0.0,0.0,1455.0,3.0
Chile,2024-W06,1.0,0.0,1456.0,3.0
Chile,2024-W07,0.0,0.0,1456.0,3.0
Chile,2024-W08,1.0,0.0,1457.0,3.0
Chile,2024-W09,1.0,0.0,1458.0,3.0
Chile,2024-W10,2.0,0.0,1460.0,3.0
Chile,2024-W11,0.0,0.0,1460.0,3.0
Chile,2024-W12,0.0,0.0,1460.0,3.0
Chile,2024-W13,0.0,0.0,1460.0,3.0
Chile,2024-W14,0.0,0.0,1460.0,3.0
Chile,2024-W15,0.0,0.0,1460.0,3.0
Chile,2024-W16,0.0,0.0,1460.0,3.0
Chile,2024-W17,0.0,0.0,1460.0,3.0
Chile,2024-W18,0.0,0.0,1460.0,3.0
Chile,2024-W19,0.0,0.0,1460.0,3.0
Chile,2024-W20,0.0,0.0,1460.0,3.0
Chile,2024-W21,0.0,0.0,1460.0,3.0
Chile,2024-W22,0.0,0.0,1460.0,3.0
Chile,2024-W23,0.0,0.0,1460.0,3.0
Chile,2024-W24,0.0,0.0,1460.0,3.0
Chile,2024-W25,0.0,0.0,1460.0,3.0
Chile,2024-W26,0.0,0.0,1460.0,3.0
Chile,2024-W27,0.0,0.0,1460.0,3.0
Chile,2024-W28,0.0,0.0,1460.0,3.0
Chile,2024-W29,0.0,0.0,1460.0,3.0
Chile,2024-W30,1.0,0.0,1461.0,3.0
Chile,2024-W31,0.0,0.0,1461.0,3.0
Chile,2024-W32,0.0,0.0,1461.0,3.0
Chile,2024-W33,0.0,0.0,1461.0,3.0
Chile,2024-W34,0.0,0.0,1461.0,3.0
Chile,2024-W35,1.0,0.0,1462.0,3.0
Chile,2024-W36,1.0,0.0,1463.0,3.0
Chile,2024-W37,0.0,0.0,1463.0,3.0
Chile,2024-W38,0.0,0.0,1463.0,3.0
Chile,2024-W39,1.0,0.0,1464.0,3.0
Chile,2024-W40,2.0,0.0,1466.0,3.0
Chile,2024-W41,1.0,0.0,1467.0,3.0
Chile,2024-W42,0.0,0.0,1467.0,3.0
Chile,2024-W43,3.0,0.0,1470.0,3.0
Chile,2024-W44,3.0,0.0,1473.0,3.0
Chile,2024-W45,5.0,0.0,1478.0,3.0
Chile,2024-W46,2.0,0.0,1480.0,3.0
Chile,2024-W47,1.0,0.0,1481.0,3.0
Chile,2024-W48,0.0,0.0,1481.0,3.0
Chile,2024-W49,4.0,0.0,1485.0,3.0
Chile,2024-W50,3.0,0.0,1488.0,3.0
Chile,2024-W51,4.0,0.0,1492.0,3.0
Chile,2024-W52,3.0,0.0,1495.0,3.0
Chile,2025-W01,2.0,0.0,1497.0,3.0
Chile,2025-W02,3.0,0.0,1500.0,3.0
Chile,2025-W03,1.0,0.0,1501.0,3.0
Chile,2025-W04,8.0,0.0,1509.0,3.0
Chile,2025-W05,7.0,0.0,1516.0,3.0
Chile,2025-W06,11.0,0.0,1527.0,3.0
Chile,2025-W07,9.0,0.0,1536.0,3.0
Chile,2025-W08,6.0,0.0,1542.0,3.0
Chile,2025-W09,12.0,0.0,1554.0,3.0
Chile,2025-W10,10.0,0.0,1564.0,3.0
Chile,2025-W11,8.0,0.0,1572.0,3.0
Chile,2025-W12,6.0,0.0,1578.0,3.0
Chile,2025-W13,6.0,0.0,1584.0,3.0
Chile,2025-W14,10.0,0.0,1594.0,3.0
Chile,2025-W15,6.0,0.0,1600.0,3.0
Chile,2025-W16,2.0,0.0,1602.0,3.0
Chile,2025-W17,9.0,0.0,1611.0,3.0
Chile,2025-W18,2.0,0.0,1613.0,3.0
Chile,2025-W19,2.0,0.0,1615.0,3.0
Chile,2025-W20,7.0,0.0,1622.0,3.0
Chile,2025-W21,9.0,0.0,1631.0,3.0
Chile,2025-W22,11.0,0.0,1642.0,3.0
Chile,2025-W23,9.0,0.0,1651.0,3.0
Chile,2025-W24,8.0,0.0,1659.0,3.0
Chile,2025-W25,8.0,0.0,1667.0,3.0
Chile,2025-W26,3.0,0.0,1670.0,3.0
Chile,2025-W27,1.0,0.0,1671.0,3.0
Chile,2025-W28,2.0,0.0,1673.0,3.0
Chile,2025-W29,3.0,0.0,1676.0,3.0
Chile,2025-W30,1.0,0.0,1677.0,3.0
Chile,2025-W31,0.0,0.0,1677.0,3.0
Chile,2025-W32,0.0,0.0,1677.0,3.0
Chile,2025-W33,0.0,0.0,1677.0,3.0
Chile,2025-W34,0.0,0.0,1677.0,3.0
Chile,2025-W35,0.0,0.0,1677.0,3.0
Chile,2025-W36,0.0,0.0,1677.0,3.0
Chile,2025-W37,0.0,0.0,1677.0,3.0
Chile,2025-W38,0.0,0.0,1677.0,3.0
Chile,2025-W39,0.0,0.0,1677.0,3.0
Chile,2025-W40,0.0,0.0,1677.0,3.0
Chile,2025-W41,0.0,0.0,1677.0,3.0
Chile,2025-W42,0.0,0.0,1677.0,3.0
Chile,2025-W43,0.0,0.0,1677.0,3.0
Chile,2025-W44,0.0,0.0,1677.0,3.0
Chile,2025-W45,0.0,0.0,1677.0,3.0
Chile,2025-W46,0.0,0.0,1677.0,3.0
Chile,2025-W47,0.0,0.0,1677.0,3.0
Chile,2025-W48,0.0,0.0,1677.0,3.0
Chile,2025-W49,0.0,0.0,1677.0,3.0
Chile,2025-W50,0.0,0.0,1677.0,3.0
Chile,2025-W51,0.0,0.0,1677.0,3.0
Chile,2025-W52,0.0,0.0,1677.0,3.0
Chile,2026-W01,0.0,0.0,1677.0,3.0
China,2022-W25,1.0,0.0,1.0,0.0
China,2022-W26,0.0,0.0,1.0,0.0
China,2022-W27,0.0,0.0,1.0,0.0
China,2022-W28,1.0,0.0,2.0,0.0
China,2022-W29,0.0,0.0,2.0,0.0
China,2022-W30,0.0,0.0,2.0,0.0
China,2022-W31,1.0,0.0,3.0,0.0
China,2022-W32,0.0,0.0,3.0,0.0
China,2022-W33,0.0,0.0,3.0,0.0
China,2022-W34,0.0,0.0,3.0,0.0
China,2022-W35,0.0,0.0,3.0,0.0
China,2022-W36,1.0,0.0,4.0,0.0
China,2022-W37,1.0,0.0,5.0,0.0
China,2022-W38,0.0,0.0,5.0,0.0
China,2022-W39,0.0,0.0,5.0,0.0
China,2022-W40,1.0,0.0,6.0,0.0
China,2022-W41,0.0,0.0,6.0,0.0
China,2022-W42,0.0,0.0,6.0,0.0
China,2022-W43,0.0,0.0,6.0,0.0
China,2022-W44,0.0,0.0,6.0,0.0
China,2022-W45,0.0,0.0,6.0,0.0
China,2022-W46,0.0,0.0,6.0,0.0
China,2022-W47,0.0,0.0,6.0,0.0
China,2022-W48,0.0,0.0,6.0,0.0
China,2022-W49,0.0,0.0,6.0,0.0
China,2022-W50,0.0,0.0,6.0,0.0
China,2022-W51,0.0,0.0,6.0,0.0
China,2022-W52,0.0,0.0,6.0,0.0
China,2023-W01,0.0,0.0,6.0,0.0
China,2023-W02,0.0,0.0,6.0,0.0
China,2023-W03,0.0,0.0,6.0,0.0
China,2023-W04,0.0,0.0,6.0,0.0
China,2023-W05,1.0,0.0,7.0,0.0
China,2023-W06,0.0,0.0,7.0,0.0
China,2023-W07,0.0,0.0,7.0,0.0
China,2023-W08,1.0,0.0,8.0,0.0
China,2023-W09,2.0,0.0,10.0,0.0
China,2023-W10,1.0,0.0,11.0,0.0
China,2023-W11,4.0,0.0,15.0,0.0
China,2023-W12,4.0,0.0,19.0,0.0
China,2023-W13,5.0,0.0,24.0,0.0
China,2023-W14,1.0,0.0,25.0,0.0
China,2023-W15,0.0,0.0,25.0,0.0
China,2023-W16,15.0,0.0,40.0,0.0
China,2023-W17,15.0,0.0,55.0,0.0
China,2023-W18,16.0,0.0,71.0,0.0
China,2023-W19,16.0,0.0,87.0,0.0
China,2023-W20,12.0,0.0,99.0,0.0
China,2023-W21,20.0,0.0,119.0,0.0
China,2023-W22,18.0,0.0,137.0,0.0
China,2023-W23,20.0,0.0,157.0,0.0
China,2023-W24,0.0,0.0,157.0,0.0
China,2023-W25,33.0,0.0,190.0,0.0
China,2023-W26,0.0,0.0,190.0,0.0
China,2023-W27,41.0,0.0,231.0,0.0
China,2023-W28,12.0,0.0,243.0,0.0
China,2023-W29,121.0,0.0,364.0,0.0
China,2023-W30,14.0,0.0,378.0,0.0
China,2023-W31,9.0,0.0,387.0,0.0
China,2023-W32,505.0,0.0,892.0,0.0
China,2023-W33,18.0,0.0,910.0,0.0
China,2023-W34,14.0,0.0,924.0,0.0
China,2023-W35,3.0,0.0,927.0,0.0
China,2023-W36,524.0,0.0,1451.0,0.0
China,2023-W37,19.0,0.0,1470.0,0.0
China,2023-W38,12.0,0.0,1482.0,0.0
China,2023-W39,312.0,0.0,1794.0,0.0
China,2023-W40,6.0,0.0,1800.0,0.0
China,2023-W41,0.0,0.0,1800.0,0.0
China,2023-W42,2.0,0.0,1802.0,0.0
China,2023-W43,6.0,0.0,1808.0,0.0
China,2023-W44,130.0,0.0,1938.0,0.0
China,2023-W45,1.0,0.0,1939.0,0.0
China,2023-W46,3.0,0.0,1942.0,0.0
China,2023-W47,2.0,0.0,1944.0,0.0
China,2023-W48,81.0,0.0,2025.0,0.0
China,2023-W49,0.0,0.0,2025.0,0.0
China,2023-W50,0.0,0.0,2025.0,0.0
China,2023-W51,0.0,0.0,2025.0,0.0
China,2023-W52,102.0,0.0,2127.0,0.0
China,2024-W01,0.0,0.0,2127.0,0.0
China,2024-W02,1.0,0.0,2128.0,0.0
China,2024-W03,1.0,0.0,2129.0,0.0
China,2024-W04,1.0,0.0,2130.0,0.0
China,2024-W05,98.0,0.0,2228.0,0.0
China,2024-W06,0.0,0.0,2228.0,0.0
China,2024-W07,1.0,0.0,2229.0,0.0
China,2024-W08,1.0,0.0,2230.0,0.0
China,2024-W09,73.0,0.0,2303.0,0.0
China,2024-W10,0.0,0.0,2303.0,0.0
China,2024-W11,0.0,0.0,2303.0,0.0
China,2024-W12,0.0,0.0,2303.0,0.0
China,2024-W13,51.0,0.0,2354.0,0.0
China,2024-W14,1.0,0.0,2355.0,0.0
China,2024-W15,1.0,0.0,2356.0,0.0
China,2024-W16,0.0,0.0,2356.0,0.0
China,2024-W17,1.0,0.0,2357.0,0.0
China,2024-W18,39.0,0.0,2396.0,0.0
China,2024-W19,1.0,0.0,2397.0,0.0
China,2024-W20,1.0,0.0,2398.0,0.0
China,2024-W21,4.0,0.0,2402.0,0.0
China,2024-W22,51.0,0.0,2453.0,0.0
China,2024-W23,0.0,0.0,2453.0,0.0
China,2024-W24,0.0,0.0,2453.0,0.0
China,2024-W25,0.0,0.0,2453.0,0.0
China,2024-W26,58.0,0.0,2511.0,0.0
China,2024-W27,0.0,0.0,2511.0,0.0
China,2024-W28,2.0,1.0,2513.0,1.0
China,2024-W29,6.0,0.0,2519.0,1.0
China,2024-W30,9.0,0.0,2528.0,1.0
China,2024-W31,41.0,0.0,2569.0,1.0
China,2024-W32,2.0,0.0,2571.0,1.0
China,2024-W33,5.0,0.0,2576.0,1.0
China,2024-W34,4.0,0.0,2580.0,1.0
China,2024-W35,50.0,0.0,2630.0,1.0
China,2024-W36,0.0,0.0,2630.0,1.0
China,2024-W37,10.0,0.0,2640.0,1.0
China,2024-W38,0.0,0.0,2640.0,1.0
China,2024-W39,9.0,0.0,2649.0,1.0
China,2024-W40,53.0,0.0,2702.0,1.0
China,2024-W41,2.0,0.0,2704.0,1.0
China,2024-W42,0.0,0.0,2704.0,1.0
China,2024-W43,2.0,0.0,2706.0,1.0
China,2024-W44,42.0,0.0,2748.0,1.0
China,2024-W45,3.0,0.0,2751.0,1.0
China,2024-W46,3.0,0.0,2754.0,1.0
China,2024-W47,1.0,0.0,2755.0,1.0
China,2024-W48,16.0,0.0,2771.0,1.0
China,2024-W49,2.0,0.0,2773.0,1.0
China,2024-W50,1.0,0.0,2774.0,1.0
China,2024-W51,2.0,0.0,2776.0,1.0
China,2024-W52,1.0,0.0,2777.0,1.0
China,2025-W01,1.0,0.0,2778.0,1.0
China,2025-W02,28.0,0.0,2806.0,1.0
China,2025-W03,0.0,0.0,2806.0,1.0
China,2025-W04,7.0,0.0,2813.0,1.0
China,2025-W05,35.0,0.0,2848.0,1.0
China,2025-W06,1.0,0.0,2849.0,1.0
China,2025-W07,0.0,0.0,2849.0,1.0
China,2025-W08,0.0,0.0,2849.0,1.0
China,2025-W09,56.0,0.0,2905.0,1.0
China,2025-W10,3.0,0.0,2908.0,1.0
China,2025-W11,0.0,0.0,2908.0,1.0
China,2025-W12,1.0,0.0,2909.0,1.0
China,2025-W13,0.0,0.0,2909.0,1.0
China,2025-W14,71.0,0.0,2980.0,1.0
China,2025-W15,2.0,0.0,2982.0,1.0
China,2025-W16,0.0,0.0,2982.0,1.0
China,2025-W17,0.0,0.0,2982.0,1.0
China,2025-W18,88.0,0.0,3070.0,1.0
China,2025-W19,3.0,0.0,3073.0,1.0
China,2025-W20,0.0,0.0,3073.0,1.0
China,2025-W21,2.0,0.0,3075.0,1.0
China,2025-W22,112.0,0.0,3187.0,1.0
China,2025-W23,1.0,0.0,3188.0,1.0
China,2025-W24,0.0,0.0,3188.0,1.0
China,2025-W25,1.0,0.0,3189.0,1.0
China,2025-W26,4.0,0.0,3193.0,1.0
China,2025-W27,106.0,0.0,3299.0,1.0
China,2025-W28,2.0,0.0,3301.0,1.0
China,2025-W29,1.0,0.0,3302.0,1.0
China,2025-W30,7.0,0.0,3309.0,1.0
China,2025-W31,138.0,0.0,3447.0,1.0
China,2025-W32,0.0,0.0,3447.0,1.0
China,2025-W33,0.0,0.0,3447.0,1.0
China,2025-W34,1.0,0.0,3448.0,1.0
China,2025-W35,83.0,0.0,3531.0,1.0
China,2025-W36,0.0,0.0,3531.0,1.0
China,2025-W37,0.0,0.0,3531.0,1.0
China,2025-W38,2.0,0.0,3533.0,1.0
China,2025-W39,1.0,0.0,3534.0,1.0
China,2025-W40,84.0,0.0,3618.0,1.0
China,2025-W41,4.0,0.0,3622.0,1.0
China,2025-W42,1.0,0.0,3623.0,1.0
China,2025-W43,5.0,0.0,3628.0,1.0
China,2025-W44,71.0,0.0,3699.0,1.0
China,2025-W45,6.0,0.0,3705.0,1.0
China,2025-W46,1.0,0.0,3706.0,1.0
China,2025-W47,5.0,0.0,3711.0,1.0
China,2025-W48,65.0,0.0,3776.0,1.0
China,2025-W49,2.0,0.0,3778.0,1.0
China,2025-W50,2.0,0.0,3780.0,1.0
China,2025-W51,0.0,0.0,3780.0,1.0
China,2025-W52,4.0,0.0,3784.0,1.0
China,2026-W01,46.0,0.0,3830.0,1.0
Colombia,2022-W22,2.0,0.0,2.0,0.0
Colombia,2022-W23,0.0,0.0,2.0,0.0
Colombia,2022-W24,1.0,0.0,3.0,0.0
Colombia,2022-W25,1.0,0.0,4.0,0.0
Colombia,2022-W26,2.0,0.0,6.0,0.0
Colombia,2022-W27,4.0,0.0,10.0,0.0
Colombia,2022-W28,5.0,0.0,15.0,0.0
Colombia,2022-W29,18.0,0.0,33.0,0.0
Colombia,2022-W30,30.0,0.0,63.0,0.0
Colombia,2022-W31,102.0,0.0,165.0,0.0
Colombia,2022-W32,187.0,0.0,352.0,0.0
Colombia,2022-W33,344.0,0.0,696.0,0.0
Colombia,2022-W34,422.0,0.0,1118.0,0.0
Colombia,2022-W35,421.0,0.0,1539.0,0.0
Colombia,2022-W36,459.0,0.0,1998.0,0.0
Colombia,2022-W37,398.0,0.0,2396.0,0.0
Colombia,2022-W38,369.0,0.0,2765.0,0.0
Colombia,2022-W39,300.0,0.0,3065.0,0.0
Colombia,2022-W40,239.0,0.0,3304.0,0.0
Colombia,2022-W41,192.0,0.0,3496.0,0.0
Colombia,2022-W42,134.0,0.0,3630.0,0.0
Colombia,2022-W43,109.0,0.0,3739.0,0.0
Colombia,2022-W44,88.0,0.0,3827.0,0.0
Colombia,2022-W45,62.0,0.0,3889.0,0.0
Colombia,2022-W46,44.0,0.0,3933.0,0.0
Colombia,2022-W47,38.0,0.0,3971.0,0.0
Colombia,2022-W48,31.0,0.0,4002.0,0.0
Colombia,2022-W49,20.0,0.0,4022.0,0.0
Colombia,2022-W50,6.0,0.0,4028.0,0.0
Colombia,2022-W51,16.0,0.0,4044.0,0.0
Colombia,2022-W52,15.0,0.0,4059.0,0.0
Colombia,2023-W01,7.0,0.0,4066.0,0.0
Colombia,2023-W02,3.0,0.0,4069.0,0.0
Colombia,2023-W03,3.0,0.0,4072.0,0.0
Colombia,2023-W04,5.0,0.0,4077.0,0.0
Colombia,2023-W05,3.0,0.0,4080.0,0.0
Colombia,2023-W06,1.0,0.0,4081.0,0.0
Colombia,2023-W07,5.0,0.0,4086.0,0.0
Colombia,2023-W08,2.0,0.0,4088.0,0.0
Colombia,2023-W09,0.0,0.0,4088.0,0.0
Colombia,2023-W10,0.0,0.0,4088.0,0.0
Colombia,2023-W11,0.0,0.0,4088.0,0.0
Colombia,2023-W12,1.0,0.0,4089.0,0.0
Colombia,2023-W13,0.0,0.0,4089.0,0.0
Colombia,2023-W14,0.0,0.0,4089.0,0.0
Colombia,2023-W15,0.0,0.0,4089.0,0.0
Colombia,2023-W16,0.0,0.0,4089.0,0.0
Colombia,2023-W17,0.0,0.0,4089.0,0.0
Colombia,2023-W18,0.0,0.0,4089.0,0.0
Colombia,2023-W19,2.0,0.0,4091.0,0.0
Colombia,2023-W20,0.0,0.0,4091.0,0.0
Colombia,2023-W21,0.0,0.0,4091.0,0.0
Colombia,2023-W22,0.0,0.0,4091.0,0.0
Colombia,2023-W23,0.0,0.0,4091.0,0.0
Colombia,2023-W24,0.0,0.0,4091.0,0.0
Colombia,2023-W25,0.0,0.0,4091.0,0.0
Colombia,2023-W26,0.0,0.0,4091.0,0.0
Colombia,2023-W27,0.0,0.0,4091.0,0.0
Colombia,2023-W28,1.0,0.0,4092.0,0.0
Colombia,2023-W29,0.0,0.0,4092.0,0.0
Colombia,2023-W30,0.0,0.0,4092.0,0.0
Colombia,2023-W31,1.0,0.0,4093.0,0.0
Colombia,2023-W32,1.0,0.0,4094.0,0.0
Colombia,2023-W33,2.0,0.0,4096.0,0.0
Colombia,2023-W34,0.0,0.0,4096.0,0.0
Colombia,2023-W35,1.0,0.0,4097.0,0.0
Colombia,2023-W36,0.0,0.0,4097.0,0.0
Colombia,2023-W37,2.0,0.0,4099.0,0.0
Colombia,2023-W38,0.0,0.0,4099.0,0.0
Colombia,2023-W39,0.0,0.0,4099.0,0.0
Colombia,2023-W40,2.0,0.0,4101.0,0.0
Colombia,2023-W41,0.0,0.0,4101.0,0.0
Colombia,2023-W42,4.0,0.0,4105.0,0.0
Colombia,2023-W43,9.0,0.0,4114.0,0.0
Colombia,2023-W44,0.0,0.0,4114.0,0.0
Colombia,2023-W45,5.0,0.0,4119.0,0.0
Colombia,2023-W46,0.0,0.0,4119.0,0.0
Colombia,2023-W47,3.0,0.0,4122.0,0.0
Colombia,2023-W48,2.0,0.0,4124.0,0.0
Colombia,2023-W49,2.0,0.0,4126.0,0.0
Colombia,2023-W50,6.0,0.0,4132.0,0.0
Colombia,2023-W51,2.0,0.0,4134.0,0.0
Colombia,2023-W52,14.0,0.0,4148.0,0.0
Colombia,2024-W01,10.0,0.0,4158.0,0.0
Colombia,2024-W02,9.0,0.0,4167.0,0.0
Colombia,2024-W03,7.0,0.0,4174.0,0.0
Colombia,2024-W04,6.0,0.0,4180.0,0.0
Colombia,2024-W05,8.0,0.0,4188.0,0.0
Colombia,2024-W06,1.0,0.0,4189.0,0.0
Colombia,2024-W07,1.0,0.0,4190.0,0.0
Colombia,2024-W08,4.0,0.0,4194.0,0.0
Colombia,2024-W09,9.0,0.0,4203.0,0.0
Colombia,2024-W10,3.0,0.0,4206.0,0.0
Colombia,2024-W11,4.0,0.0,4210.0,0.0
Colombia,2024-W12,4.0,0.0,4214.0,0.0
Colombia,2024-W13,2.0,0.0,4216.0,0.0
Colombia,2024-W14,5.0,0.0,4221.0,0.0
Colombia,2024-W15,5.0,0.0,4226.0,0.0
Colombia,2024-W16,3.0,0.0,4229.0,0.0
Colombia,2024-W17,9.0,0.0,4238.0,0.0
Colombia,2024-W18,2.0,0.0,4240.0,0.0
Colombia,2024-W19,0.0,0.0,4240.0,0.0
Colombia,2024-W20,2.0,0.0,4242.0,0.0
Colombia,2024-W21,3.0,0.0,4245.0,0.0
Colombia,2024-W22,0.0,0.0,4245.0,0.0
Colombia,2024-W23,2.0,0.0,4247.0,0.0
Colombia,2024-W24,4.0,0.0,4251.0,0.0
Colombia,2024-W25,2.0,0.0,4253.0,0.0
Colombia,2024-W26,0.0,0.0,4253.0,0.0
Colombia,2024-W27,4.0,0.0,4257.0,0.0
Colombia,2024-W28,2.0,0.0,4259.0,0.0
Colombia,2024-W29,3.0,0.0,4262.0,0.0
Colombia,2024-W30,0.0,0.0,4262.0,0.0
Colombia,2024-W31,1.0,0.0,4263.0,0.0
Colombia,2024-W32,2.0,0.0,4265.0,0.0
Colombia,2024-W33,0.0,0.0,4265.0,0.0
Colombia,2024-W34,2.0,0.0,4267.0,0.0
Colombia,2024-W35,3.0,0.0,4270.0,0.0
Colombia,2024-W36,0.0,0.0,4270.0,0.0
Colombia,2024-W37,0.0,0.0,4270.0,0.0
Colombia,2024-W38,2.0,0.0,4272.0,0.0
Colombia,2024-W39,1.0,0.0,4273.0,0.0
Colombia,2024-W40,0.0,0.0,4273.0,0.0
Colombia,2024-W41,3.0,0.0,4276.0,0.0
Colombia,2024-W42,4.0,0.0,4280.0,0.0
Colombia,2024-W43,1.0,0.0,4281.0,0.0
Colombia,2024-W44,0.0,0.0,4281.0,0.0
Colombia,2024-W45,3.0,0.0,4284.0,0.0
Colombia,2024-W46,0.0,0.0,4284.0,0.0
Colombia,2024-W47,1.0,0.0,4285.0,0.0
Colombia,2024-W48,1.0,0.0,4286.0,0.0
Colombia,2024-W49,0.0,0.0,4286.0,0.0
Colombia,2024-W50,0.0,0.0,4286.0,0.0
Colombia,2024-W51,0.0,0.0,4286.0,0.0
Colombia,2024-W52,0.0,0.0,4286.0,0.0
Colombia,2025-W01,1.0,0.0,4287.0,0.0
Colombia,2025-W02,0.0,0.0,4287.0,0.0
Colombia,2025-W03,0.0,0.0,4287.0,0.0
Colombia,2025-W04,0.0,0.0,4287.0,0.0
Colombia,2025-W05,0.0,0.0,4287.0,0.0
Colombia,2025-W06,1.0,0.0,4288.0,0.0
Colombia,2025-W07,0.0,0.0,4288.0,0.0
Colombia,2025-W08,0.0,0.0,4288.0,0.0
Colombia,2025-W09,0.0,0.0,4288.0,0.0
Colombia,2025-W10,1.0,0.0,4289.0,0.0
Colombia,2025-W11,0.0,0.0,4289.0,0.0
Colombia,2025-W12,0.0,0.0,4289.0,0.0
Colombia,2025-W13,0.0,0.0,4289.0,0.0
Colombia,2025-W14,0.0,0.0,4289.0,0.0
Colombia,2025-W15,0.0,0.0,4289.0,0.0
Colombia,2025-W16,0.0,0.0,4289.0,0.0
Colombia,2025-W17,0.0,0.0,4289.0,0.0
Colombia,2025-W18,0.0,0.0,4289.0,0.0
Colombia,2025-W19,1.0,0.0,4290.0,0.0
Colombia,2025-W20,0.0,0.0,4290.0,0.0
Colombia,2025-W21,0.0,0.0,4290.0,0.0
Colombia,2025-W22,1.0,0.0,4291.0,0.0
Colombia,2025-W23,0.0,0.0,4291.0,0.0
Colombia,2025-W24,1.0,0.0,4292.0,0.0
Colombia,2025-W25,0.0,0.0,4292.0,0.0
Colombia,2025-W26,0.0,0.0,4292.0,0.0
Colombia,2025-W27,1.0,0.0,4293.0,0.0
Colombia,2025-W28,2.0,0.0,4295.0,0.0
Colombia,2025-W29,3.0,0.0,4298.0,0.0
Colombia,2025-W30,5.0,0.0,4303.0,0.0
Colombia,2025-W31,2.0,0.0,4305.0,0.0
Colombia,2025-W32,5.0,0.0,4310.0,0.0
Colombia,2025-W33,7.0,0.0,4317.0,0.0
Colombia,2025-W34,7.0,0.0,4324.0,0.0
Colombia,2025-W35,15.0,0.0,4339.0,0.0
Colombia,2025-W36,19.0,0.0,4358.0,0.0
Colombia,2025-W37,37.0,0.0,4395.0,0.0
Colombia,2025-W38,32.0,0.0,4427.0,0.0
Colombia,2025-W39,45.0,0.0,4472.0,0.0
Colombia,2025-W40,32.0,0.0,4504.0,0.0
Colombia,2025-W41,43.0,0.0,4547.0,0.0
Colombia,2025-W42,44.0,0.0,4591.0,0.0
Colombia,2025-W43,26.0,0.0,4617.0,0.0
Colombia,2025-W44,29.0,0.0,4646.0,0.0
Colombia,2025-W45,27.0,0.0,4673.0,0.0
Colombia,2025-W46,21.0,0.0,4694.0,0.0
Colombia,2025-W47,19.0,0.0,4713.0,0.0
Colombia,2025-W48,17.0,0.0,4730.0,0.0
Colombia,2025-W49,3.0,0.0,4733.0,0.0
Colombia,2025-W50,1.0,0.0,4734.0,0.0
Colombia,2025-W51,0.0,0.0,4734.0,0.0
Colombia,2025-W52,0.0,0.0,4734.0,0.0
Colombia,2026-W01,0.0,0.0,4734.0,0.0
Congo,2022-W17,0.0,0.0,2.0,0.0
Congo,2022-W18,0.0,0.0,2.0,0.0
Congo,2022-W19,0.0,0.0,2.0,0.0
Congo,2022-W20,0.0,0.0,2.0,0.0
Congo,2022-W21,0.0,0.0,2.0,0.0
Congo,2022-W22,0.0,0.0,2.0,0.0
Congo,2022-W23,0.0,0.0,2.0,0.0
Congo,2022-W24,0.0,0.0,2.0,0.0
Congo,2022-W25,0.0,0.0,2.0,0.0
Congo,2022-W26,0.0,0.0,2.0,0.0
Congo,2022-W27,0.0,0.0,2.0,0.0
Congo,2022-W28,0.0,0.0,2.0,0.0
Congo,2022-W29,0.0,0.0,2.0,0.0
Congo,2022-W30,0.0,0.0,2.0,0.0
Congo,2022-W31,0.0,0.0,2.0,0.0
Congo,2022-W32,1.0,0.0,3.0,0.0
Congo,2022-W33,0.0,0.0,3.0,0.0
Congo,2022-W34,0.0,0.0,3.0,0.0
Congo,2022-W35,0.0,0.0,3.0,0.0
Congo,2022-W36,2.0,0.0,5.0,0.0
Congo,2022-W37,0.0,0.0,5.0,0.0
Congo,2022-W38,0.0,0.0,5.0,0.0
Congo,2022-W39,0.0,0.0,5.0,0.0
Congo,2022-W40,0.0,0.0,5.0,0.0
Congo,2022-W41,0.0,0.0,5.0,0.0
Congo,2022-W42,0.0,0.0,5.0,0.0
Congo,2022-W43,0.0,0.0,5.0,0.0
Congo,2022-W44,0.0,0.0,5.0,0.0
Congo,2022-W45,0.0,0.0,5.0,0.0
Congo,2022-W46,0.0,0.0,5.0,0.0
Congo,2022-W47,0.0,0.0,5.0,0.0
Congo,2022-W48,0.0,0.0,5.0,0.0
Congo,2022-W49,0.0,0.0,5.0,0.0
Congo,2022-W50,0.0,0.0,5.0,0.0
Congo,2022-W51,0.0,0.0,5.0,0.0
Congo,2022-W52,0.0,0.0,5.0,0.0
Congo,2023-W01,0.0,0.0,5.0,0.0
Congo,2023-W02,0.0,0.0,5.0,0.0
Congo,2023-W03,0.0,0.0,5.0,0.0
Congo,2023-W04,0.0,0.0,5.0,0.0
Congo,2023-W05,0.0,0.0,5.0,0.0
Congo,2023-W06,0.0,0.0,5.0,0.0
Congo,2023-W07,0.0,0.0,5.0,0.0
Congo,2023-W08,0.0,0.0,5.0,0.0
Congo,2023-W09,0.0,0.0,5.0,0.0
Congo,2023-W10,0.0,0.0,5.0,0.0
Congo,2023-W11,0.0,0.0,5.0,0.0
Congo,2023-W12,0.0,0.0,5.0,0.0
Congo,2023-W13,0.0,0.0,5.0,0.0
Congo,2023-W14,0.0,0.0,5.0,0.0
Congo,2023-W15,0.0,0.0,5.0,0.0
Congo,2023-W16,0.0,0.0,5.0,0.0
Congo,2023-W17,0.0,0.0,5.0,0.0
Congo,2023-W18,0.0,0.0,5.0,0.0
Congo,2023-W19,0.0,0.0,5.0,0.0
Congo,2023-W20,0.0,0.0,5.0,0.0
Congo,2023-W21,0.0,0.0,5.0,0.0
Congo,2023-W22,0.0,0.0,5.0,0.0
Congo,2023-W23,0.0,0.0,5.0,0.0
Congo,2023-W24,0.0,0.0,5.0,0.0
Congo,2023-W25,0.0,0.0,5.0,0.0
Congo,2023-W26,0.0,0.0,5.0,0.0
Congo,2023-W27,0.0,0.0,5.0,0.0
Congo,2023-W28,0.0,0.0,5.0,0.0
Congo,2023-W29,0.0,0.0,5.0,0.0
Congo,2023-W30,0.0,0.0,5.0,0.0
Congo,2023-W31,0.0,0.0,5.0,0.0
Congo,2023-W32,1.0,0.0,6.0,0.0
Congo,2023-W33,2.0,0.0,8.0,0.0
Congo,2023-W34,4.0,0.0,12.0,0.0
Congo,2023-W35,1.0,0.0,13.0,0.0
Congo,2023-W36,4.0,0.0,17.0,0.0
Congo,2023-W37,1.0,0.0,18.0,0.0
Congo,2023-W38,0.0,0.0,18.0,0.0
Congo,2023-W39,0.0,0.0,18.0,0.0
Congo,2023-W40,1.0,1.0,19.0,1.0
Congo,2023-W41,4.0,1.0,23.0,2.0
Congo,2023-W42,0.0,0.0,23.0,2.0
Congo,2023-W43,2.0,0.0,25.0,2.0
Congo,2023-W44,0.0,0.0,25.0,2.0
Congo,2023-W45,0.0,0.0,25.0,2.0
Congo,2023-W46,1.0,0.0,26.0,2.0
Congo,2023-W47,0.0,0.0,26.0,2.0
Congo,2023-W48,0.0,0.0,26.0,2.0
Congo,2023-W49,0.0,0.0,26.0,2.0
Congo,2023-W50,0.0,0.0,26.0,2.0
Congo,2023-W51,0.0,0.0,26.0,2.0
Congo,2023-W52,0.0,0.0,26.0,2.0
Congo,2024-W01,0.0,0.0,26.0,2.0
Congo,2024-W02,1.0,0.0,27.0,2.0
Congo,2024-W03,1.0,0.0,28.0,2.0
Congo,2024-W04,2.0,0.0,30.0,2.0
Congo,2024-W05,0.0,0.0,30.0,2.0
Congo,2024-W06,0.0,0.0,30.0,2.0
Congo,2024-W07,5.0,0.0,35.0,2.0
Congo,2024-W08,2.0,0.0,37.0,2.0
Congo,2024-W09,0.0,0.0,37.0,2.0
Congo,2024-W10,8.0,0.0,45.0,2.0
Congo,2024-W11,0.0,0.0,45.0,2.0
Congo,2024-W12,0.0,0.0,45.0,2.0
Congo,2024-W13,0.0,0.0,45.0,2.0
Congo,2024-W14,0.0,0.0,45.0,2.0
Congo,2024-W15,0.0,0.0,45.0,2.0
Congo,2024-W16,0.0,0.0,45.0,2.0
Congo,2024-W17,0.0,0.0,45.0,2.0
Congo,2024-W18,0.0,0.0,45.0,2.0
Congo,2024-W19,0.0,0.0,45.0,2.0
Congo,2024-W20,0.0,0.0,45.0,2.0
Congo,2024-W21,0.0,0.0,45.0,2.0
Congo,2024-W22,0.0,0.0,45.0,2.0
Congo,2024-W23,0.0,0.0,45.0,2.0
Congo,2024-W24,0.0,0.0,45.0,2.0
Congo,2024-W25,0.0,0.0,45.0,2.0
Congo,2024-W26,0.0,0.0,45.0,2.0
Congo,2024-W27,0.0,0.0,45.0,2.0
Congo,2024-W28,0.0,0.0,45.0,2.0
Congo,2024-W29,0.0,0.0,45.0,2.0
Congo,2024-W30,0.0,0.0,45.0,2.0
Congo,2024-W31,0.0,0.0,45.0,2.0
Congo,2024-W32,2.0,0.0,47.0,2.0
Congo,2024-W33,0.0,0.0,47.0,2.0
Congo,2024-W34,0.0,0.0,47.0,2.0
Congo,2024-W35,0.0,0.0,47.0,2.0
Congo,2024-W36,0.0,0.0,47.0,2.0
Congo,2024-W37,0.0,0.0,47.0,2.0
Congo,2024-W38,0.0,0.0,47.0,2.0
Congo,2024-W39,1.0,0.0,48.0,2.0
Congo,2024-W40,0.0,0.0,48.0,2.0
Congo,2024-W41,0.0,0.0,48.0,2.0
Congo,2024-W42,0.0,0.0,48.0,2.0
Congo,2024-W43,0.0,0.0,48.0,2.0
Congo,2024-W44,0.0,0.0,48.0,2.0
Congo,2024-W45,0.0,0.0,48.0,2.0
Congo,2024-W46,0.0,0.0,48.0,2.0
Congo,2024-W47,0.0,0.0,48.0,2.0
Congo,2024-W48,1.0,0.0,49.0,2.0
Congo,2024-W49,0.0,0.0,49.0,2.0
Congo,2024-W50,0.0,0.0,49.0,2.0
Congo,2024-W51,0.0,0.0,49.0,2.0
Congo,2024-W52,1.0,0.0,50.0,2.0
Congo,2025-W01,0.0,0.0,50.0,2.0
Congo,2025-W02,2.0,0.0,52.0,2.0
Congo,2025-W03,0.0,0.0,52.0,2.0
Congo,2025-W04,4.0,0.0,56.0,2.0
Congo,2025-W05,4.0,0.0,60.0,2.0
Congo,2025-W06,4.0,0.0,64.0,2.0
Congo,2025-W07,2.0,0.0,66.0,2.0
Congo,2025-W08,5.0,0.0,71.0,2.0
Congo,2025-W09,1.0,0.0,72.0,2.0
Congo,2025-W10,1.0,1.0,73.0,3.0
Congo,2025-W11,0.0,0.0,73.0,3.0
Congo,2025-W12,3.0,0.0,76.0,3.0
Congo,2025-W13,4.0,0.0,80.0,3.0
Congo,2025-W14,3.0,0.0,83.0,3.0
Congo,2025-W15,2.0,0.0,85.0,3.0
Congo,2025-W16,0.0,0.0,85.0,3.0
Congo,2025-W17,1.0,0.0,86.0,3.0
Congo,2025-W18,1.0,0.0,87.0,3.0
Congo,2025-W19,1.0,0.0,88.0,3.0
Congo,2025-W20,1.0,0.0,89.0,3.0
Congo,2025-W21,5.0,0.0,94.0,3.0
Congo,2025-W22,5.0,0.0,99.0,3.0
Congo,2025-W23,1.0,0.0,100.0,3.0
Congo,2025-W24,0.0,0.0,100.0,3.0
Congo,2025-W25,0.0,0.0,100.0,3.0
Congo,2025-W26,2.0,0.0,102.0,3.0
Congo,2025-W27,5.0,0.0,107.0,3.0
Congo,2025-W28,3.0,0.0,110.0,3.0
Congo,2025-W29,2.0,0.0,112.0,3.0
Congo,2025-W30,3.0,0.0,115.0,3.0
Congo,2025-W31,2.0,0.0,117.0,3.0
Congo,2025-W32,2.0,0.0,119.0,3.0
Congo,2025-W33,1.0,0.0,120.0,3.0
Congo,2025-W34,2.0,0.0,122.0,3.0
Congo,2025-W35,0.0,0.0,122.0,3.0
Congo,2025-W36,3.0,0.0,125.0,3.0
Congo,2025-W37,1.0,0.0,126.0,3.0
Congo,2025-W38,0.0,0.0,126.0,3.0
Congo,2025-W39,2.0,0.0,128.0,3.0
Congo,2025-W40,0.0,0.0,128.0,3.0
Congo,2025-W41,1.0,0.0,129.0,3.0
Congo,2025-W42,2.0,0.0,131.0,3.0
Congo,2025-W43,1.0,0.0,132.0,3.0
Congo,2025-W44,4.0,0.0,136.0,3.0
Congo,2025-W45,2.0,0.0,138.0,3.0
Congo,2025-W46,3.0,0.0,141.0,3.0
Congo,2025-W47,7.0,0.0,148.0,3.0
Congo,2025-W48,3.0,0.0,151.0,3.0
Congo,2025-W49,1.0,0.0,152.0,3.0
Congo,2025-W50,1.0,0.0,153.0,3.0
Congo,2025-W51,1.0,0.0,154.0,3.0
Costa Rica,2022-W28,1.0,0.0,1.0,0.0
Costa Rica,2022-W29,2.0,0.0,3.0,0.0
Costa Rica,2022-W30,0.0,0.0,3.0,0.0
Costa Rica,2022-W31,0.0,0.0,3.0,0.0
Costa Rica,2022-W32,0.0,0.0,3.0,0.0
Costa Rica,2022-W33,0.0,0.0,3.0,0.0
Costa Rica,2022-W34,0.0,0.0,3.0,0.0
Costa Rica,2022-W35,0.0,0.0,3.0,0.0
Costa Rica,2022-W36,1.0,0.0,4.0,0.0
Costa Rica,2022-W37,0.0,0.0,4.0,0.0
Costa Rica,2022-W38,0.0,0.0,4.0,0.0
Costa Rica,2022-W39,2.0,0.0,6.0,0.0
Costa Rica,2022-W40,2.0,0.0,8.0,0.0
Costa Rica,2022-W41,1.0,0.0,9.0,0.0
Costa Rica,2022-W42,2.0,0.0,11.0,0.0
Costa Rica,2022-W43,4.0,0.0,15.0,0.0
Costa Rica,2022-W44,8.0,0.0,23.0,0.0
Costa Rica,2022-W45,4.0,0.0,27.0,0.0
Costa Rica,2022-W46,8.0,0.0,35.0,0.0
Costa Rica,2022-W47,7.0,0.0,42.0,0.0
Costa Rica,2022-W48,8.0,0.0,50.0,0.0
Costa Rica,2022-W49,6.0,0.0,56.0,0.0
Costa Rica,2022-W50,10.0,0.0,66.0,0.0
Costa Rica,2022-W51,14.0,0.0,80.0,0.0
Costa Rica,2022-W52,23.0,0.0,103.0,0.0
Costa Rica,2023-W01,21.0,0.0,124.0,0.0
Costa Rica,2023-W02,17.0,0.0,141.0,0.0
Costa Rica,2023-W03,12.0,0.0,153.0,0.0
Costa Rica,2023-W04,12.0,0.0,165.0,0.0
Costa Rica,2023-W05,13.0,0.0,178.0,0.0
Costa Rica,2023-W06,13.0,0.0,191.0,0.0
Costa Rica,2023-W07,12.0,0.0,203.0,0.0
Costa Rica,2023-W08,5.0,1.0,208.0,1.0
Costa Rica,2023-W09,2.0,0.0,210.0,1.0
Costa Rica,2023-W10,3.0,0.0,213.0,1.0
Costa Rica,2023-W11,3.0,0.0,216.0,1.0
Costa Rica,2023-W12,3.0,0.0,219.0,1.0
Costa Rica,2023-W13,1.0,0.0,220.0,1.0
Costa Rica,2023-W14,3.0,0.0,223.0,1.0
Costa Rica,2023-W15,0.0,0.0,223.0,1.0
Costa Rica,2023-W16,1.0,0.0,224.0,1.0
Costa Rica,2023-W17,0.0,0.0,224.0,1.0
Costa Rica,2023-W18,0.0,0.0,224.0,1.0
Costa Rica,2023-W19,0.0,0.0,224.0,1.0
Costa Rica,2023-W20,0.0,0.0,224.0,1.0
Costa Rica,2023-W21,0.0,0.0,224.0,1.0
Costa Rica,2023-W22,0.0,0.0,224.0,1.0
Costa Rica,2023-W23,0.0,0.0,224.0,1.0
Costa Rica,2023-W24,0.0,0.0,224.0,1.0
Costa Rica,2023-W25,0.0,0.0,224.0,1.0
Costa Rica,2023-W26,0.0,0.0,224.0,1.0
Costa Rica,2023-W27,0.0,0.0,224.0,1.0
Costa Rica,2023-W28,0.0,0.0,224.0,1.0
Costa Rica,2023-W29,0.0,0.0,224.0,1.0
Costa Rica,2023-W30,0.0,0.0,224.0,1.0
Costa Rica,2023-W31,0.0,0.0,224.0,1.0
Costa Rica,2023-W32,0.0,0.0,224.0,1.0
Costa Rica,2023-W33,0.0,0.0,224.0,1.0
Costa Rica,2023-W34,0.0,0.0,224.0,1.0
Costa Rica,2023-W35,0.0,0.0,224.0,1.0
Costa Rica,2023-W36,0.0,0.0,224.0,1.0
Costa Rica,2023-W37,0.0,0.0,224.0,1.0
Costa Rica,2023-W38,0.0,0.0,224.0,1.0
Costa Rica,2023-W39,0.0,0.0,224.0,1.0
Costa Rica,2023-W40,0.0,0.0,224.0,1.0
Costa Rica,2023-W41,1.0,0.0,225.0,1.0
Costa Rica,2023-W42,0.0,0.0,225.0,1.0
Costa Rica,2023-W43,0.0,0.0,225.0,1.0
Costa Rica,2023-W44,0.0,0.0,225.0,1.0
Costa Rica,2023-W45,0.0,0.0,225.0,1.0
Costa Rica,2023-W46,0.0,0.0,225.0,1.0
Costa Rica,2023-W47,0.0,0.0,225.0,1.0
Costa Rica,2023-W48,0.0,0.0,225.0,1.0
Costa Rica,2023-W49,0.0,0.0,225.0,1.0
Costa Rica,2023-W50,0.0,0.0,225.0,1.0
Costa Rica,2023-W51,0.0,0.0,225.0,1.0
Costa Rica,2023-W52,0.0,0.0,225.0,1.0
Costa Rica,2024-W01,0.0,0.0,225.0,1.0
Costa Rica,2024-W02,0.0,0.0,225.0,1.0
Costa Rica,2024-W03,0.0,0.0,225.0,1.0
Costa Rica,2024-W04,0.0,0.0,225.0,1.0
Costa Rica,2024-W05,0.0,0.0,225.0,1.0
Costa Rica,2024-W06,0.0,0.0,225.0,1.0
Costa Rica,2024-W07,0.0,0.0,225.0,1.0
Costa Rica,2024-W08,0.0,0.0,225.0,1.0
Costa Rica,2024-W09,0.0,0.0,225.0,1.0
Costa Rica,2024-W10,1.0,0.0,226.0,1.0
Costa Rica,2024-W11,0.0,0.0,226.0,1.0
Costa Rica,2024-W12,0.0,0.0,226.0,1.0
Costa Rica,2024-W13,0.0,0.0,226.0,1.0
Costa Rica,2024-W14,0.0,0.0,226.0,1.0
Costa Rica,2024-W15,0.0,0.0,226.0,1.0
Costa Rica,2024-W16,0.0,0.0,226.0,1.0
Costa Rica,2024-W17,0.0,0.0,226.0,1.0
Costa Rica,2024-W18,0.0,0.0,226.0,1.0
Costa Rica,2024-W19,0.0,0.0,226.0,1.0
Costa Rica,2024-W20,0.0,0.0,226.0,1.0
Costa Rica,2024-W21,0.0,0.0,226.0,1.0
Costa Rica,2024-W22,0.0,0.0,226.0,1.0
Costa Rica,2024-W23,0.0,0.0,226.0,1.0
Costa Rica,2024-W24,0.0,0.0,226.0,1.0
Costa Rica,2024-W25,0.0,0.0,226.0,1.0
Costa Rica,2024-W26,0.0,0.0,226.0,1.0
Costa Rica,2024-W27,0.0,0.0,226.0,1.0
Costa Rica,2024-W28,0.0,0.0,226.0,1.0
Costa Rica,2024-W29,0.0,0.0,226.0,1.0
Costa Rica,2024-W30,0.0,0.0,226.0,1.0
Costa Rica,2024-W31,0.0,0.0,226.0,1.0
Costa Rica,2024-W32,0.0,0.0,226.0,1.0
Costa Rica,2024-W33,0.0,0.0,226.0,1.0
Costa Rica,2024-W34,0.0,0.0,226.0,1.0
Costa Rica,2024-W35,0.0,0.0,226.0,1.0
Costa Rica,2024-W36,0.0,0.0,226.0,1.0
Costa Rica,2024-W37,0.0,0.0,226.0,1.0
Costa Rica,2024-W38,0.0,0.0,226.0,1.0
Costa Rica,2024-W39,0.0,0.0,226.0,1.0
Costa Rica,2024-W40,0.0,0.0,226.0,1.0
Costa Rica,2024-W41,0.0,0.0,226.0,1.0
Costa Rica,2024-W42,0.0,0.0,226.0,1.0
Costa Rica,2024-W43,0.0,0.0,226.0,1.0
Costa Rica,2024-W44,0.0,0.0,226.0,1.0
Costa Rica,2024-W45,0.0,0.0,226.0,1.0
Costa Rica,2024-W46,0.0,0.0,226.0,1.0
Costa Rica,2024-W47,0.0,0.0,226.0,1.0
Costa Rica,2024-W48,0.0,0.0,226.0,1.0
Costa Rica,2024-W49,0.0,0.0,226.0,1.0
Costa Rica,2024-W50,0.0,0.0,226.0,1.0
Costa Rica,2024-W51,0.0,0.0,226.0,1.0
Costa Rica,2024-W52,1.0,0.0,227.0,1.0
Costa Rica,2025-W01,0.0,0.0,227.0,1.0
Costa Rica,2025-W02,1.0,0.0,228.0,1.0
Costa Rica,2025-W03,1.0,0.0,229.0,1.0
Costa Rica,2025-W04,0.0,0.0,229.0,1.0
Costa Rica,2025-W05,0.0,0.0,229.0,1.0
Costa Rica,2025-W06,0.0,0.0,229.0,1.0
Costa Rica,2025-W07,0.0,0.0,229.0,1.0
Costa Rica,2025-W08,0.0,0.0,229.0,1.0
Costa Rica,2025-W09,0.0,0.0,229.0,1.0
Costa Rica,2025-W10,0.0,0.0,229.0,1.0
Costa Rica,2025-W11,0.0,0.0,229.0,1.0
Costa Rica,2025-W12,0.0,0.0,229.0,1.0
Costa Rica,2025-W13,0.0,0.0,229.0,1.0
Costa Rica,2025-W14,0.0,0.0,229.0,1.0
Costa Rica,2025-W15,0.0,0.0,229.0,1.0
Costa Rica,2025-W16,0.0,0.0,229.0,1.0
Costa Rica,2025-W17,0.0,0.0,229.0,1.0
Costa Rica,2025-W18,0.0,0.0,229.0,1.0
Costa Rica,2025-W19,0.0,0.0,229.0,1.0
Costa Rica,2025-W20,0.0,0.0,229.0,1.0
Costa Rica,2025-W21,0.0,0.0,229.0,1.0
Costa Rica,2025-W22,0.0,0.0,229.0,1.0
Costa Rica,2025-W23,2.0,0.0,231.0,1.0
Costa Rica,2025-W24,0.0,0.0,231.0,1.0
Costa Rica,2025-W25,0.0,0.0,231.0,1.0
Costa Rica,2025-W26,0.0,0.0,231.0,1.0
Costa Rica,2025-W27,0.0,0.0,231.0,1.0
Costa Rica,2025-W28,0.0,0.0,231.0,1.0
Costa Rica,2025-W29,0.0,0.0,231.0,1.0
Costa Rica,2025-W30,0.0,0.0,231.0,1.0
Costa Rica,2025-W31,0.0,0.0,231.0,1.0
Costa Rica,2025-W32,1.0,0.0,232.0,1.0
Costa Rica,2025-W33,0.0,0.0,232.0,1.0
Costa Rica,2025-W34,0.0,0.0,232.0,1.0
Costa Rica,2025-W35,0.0,0.0,232.0,1.0
Costa Rica,2025-W36,0.0,0.0,232.0,1.0
Costa Rica,2025-W37,0.0,0.0,232.0,1.0
Costa Rica,2025-W38,0.0,0.0,232.0,1.0
Costa Rica,2025-W39,0.0,0.0,232.0,1.0
Costa Rica,2025-W40,0.0,0.0,232.0,1.0
Costa Rica,2025-W41,0.0,0.0,232.0,1.0
Costa Rica,2025-W42,0.0,0.0,232.0,1.0
Costa Rica,2025-W43,0.0,0.0,232.0,1.0
Costa Rica,2025-W44,0.0,0.0,232.0,1.0
Costa Rica,2025-W45,0.0,0.0,232.0,1.0
Costa Rica,2025-W46,0.0,0.0,232.0,1.0
Costa Rica,2025-W47,0.0,0.0,232.0,1.0
Costa Rica,2025-W48,0.0,0.0,232.0,1.0
Costa Rica,2025-W49,0.0,0.0,232.0,1.0
Costa Rica,2025-W50,0.0,0.0,232.0,1.0
Costa Rica,2025-W51,0.0,0.0,232.0,1.0
Costa Rica,2025-W52,0.0,0.0,232.0,1.0
Costa Rica,2026-W01,0.0,0.0,232.0,1.0
Cote d'Ivoire,2024-W26,0.0,0.0,0.0,0.0
Cote d'Ivoire,2024-W27,1.0,0.0,1.0,0.0
Cote d'Ivoire,2024-W28,1.0,0.0,2.0,0.0
Cote d'Ivoire,2024-W29,3.0,0.0,5.0,0.0
Cote d'Ivoire,2024-W30,4.0,0.0,9.0,0.0
Cote d'Ivoire,2024-W31,4.0,0.0,13.0,0.0
Cote d'Ivoire,2024-W32,5.0,0.0,18.0,0.0
Cote d'Ivoire,2024-W33,15.0,1.0,33.0,1.0
Cote d'Ivoire,2024-W34,7.0,0.0,40.0,1.0
Cote d'Ivoire,2024-W35,6.0,0.0,46.0,1.0
Cote d'Ivoire,2024-W36,3.0,0.0,49.0,1.0
Cote d'Ivoire,2024-W37,12.0,0.0,61.0,1.0
Cote d'Ivoire,2024-W38,7.0,0.0,68.0,1.0
Cote d'Ivoire,2024-W39,3.0,0.0,71.0,1.0
Cote d'Ivoire,2024-W40,7.0,0.0,78.0,1.0
Cote d'Ivoire,2024-W41,6.0,0.0,84.0,1.0
Cote d'Ivoire,2024-W42,5.0,0.0,89.0,1.0
Cote d'Ivoire,2024-W43,2.0,0.0,91.0,1.0
Cote d'Ivoire,2024-W44,1.0,0.0,92.0,1.0
Cote d'Ivoire,2024-W45,4.0,0.0,96.0,1.0
Cote d'Ivoire,2024-W46,5.0,0.0,101.0,1.0
Cote d'Ivoire,2024-W47,2.0,0.0,103.0,1.0
Cote d'Ivoire,2024-W48,4.0,0.0,107.0,1.0
Cote d'Ivoire,2024-W49,0.0,0.0,107.0,1.0
Cote d'Ivoire,2024-W50,0.0,0.0,107.0,1.0
Cote d'Ivoire,2024-W51,0.0,0.0,107.0,1.0
Cote d'Ivoire,2024-W52,0.0,0.0,107.0,1.0
Cote d'Ivoire,2025-W01,0.0,0.0,107.0,1.0
Cote d'Ivoire,2025-W02,0.0,0.0,107.0,1.0
Cote d'Ivoire,2025-W03,1.0,0.0,108.0,1.0
Cote d'Ivoire,2025-W04,1.0,0.0,109.0,1.0
Cote d'Ivoire,2025-W05,1.0,0.0,110.0,1.0
Cote d'Ivoire,2025-W06,1.0,0.0,111.0,1.0
Cote d'Ivoire,2025-W07,0.0,0.0,111.0,1.0
Cote d'Ivoire,2025-W08,2.0,0.0,113.0,1.0
Cote d'Ivoire,2025-W09,4.0,0.0,117.0,1.0
Cote d'Ivoire,2025-W10,1.0,0.0,118.0,1.0
Cote d'Ivoire,2025-W11,0.0,0.0,118.0,1.0
Cote d'Ivoire,2025-W12,1.0,0.0,119.0,1.0
Cote d'Ivoire,2025-W13,0.0,0.0,119.0,1.0
Cote d'Ivoire,2025-W14,0.0,0.0,119.0,1.0
Cote d'Ivoire,2025-W15,0.0,0.0,119.0,1.0
Cote d'Ivoire,2025-W16,0.0,0.0,119.0,1.0
Cote d'Ivoire,2025-W17,2.0,0.0,121.0,1.0
Cote d'Ivoire,2025-W18,1.0,0.0,122.0,1.0
Cote d'Ivoire,2025-W19,8.0,0.0,130.0,1.0
Cote d'Ivoire,2025-W20,0.0,0.0,130.0,1.0
Cote d'Ivoire,2025-W21,2.0,0.0,132.0,1.0
Cote d'Ivoire,2025-W22,1.0,0.0,133.0,1.0
Cote d'Ivoire,2025-W23,0.0,0.0,133.0,1.0
Cote d'Ivoire,2025-W24,2.0,0.0,135.0,1.0
Cote d'Ivoire,2025-W25,7.0,0.0,142.0,1.0
Cote d'Ivoire,2025-W26,1.0,0.0,143.0,1.0
Cote d'Ivoire,2025-W27,2.0,0.0,145.0,1.0
Cote d'Ivoire,2025-W28,12.0,1.0,157.0,2.0
Cote d'Ivoire,2025-W29,0.0,0.0,157.0,2.0
Cote d'Ivoire,2025-W30,3.0,0.0,160.0,2.0
Cote d'Ivoire,2025-W31,2.0,0.0,162.0,2.0
Cote d'Ivoire,2025-W32,5.0,0.0,167.0,2.0
Cote d'Ivoire,2025-W33,4.0,0.0,171.0,2.0
Cote d'Ivoire,2025-W34,4.0,0.0,175.0,2.0
Cote d'Ivoire,2025-W35,11.0,0.0,186.0,2.0
Croatia,2022-W25,1.0,0.0,1.0,0.0
Croatia,2022-W26,0.0,0.0,1.0,0.0
Croatia,2022-W27,0.0,0.0,1.0,0.0
Croatia,2022-W28,2.0,0.0,3.0,0.0
Croatia,2022-W29,5.0,0.0,8.0,0.0
Croatia,2022-W30,3.0,0.0,11.0,0.0
Croatia,2022-W31,1.0,0.0,12.0,0.0
Croatia,2022-W32,5.0,0.0,17.0,0.0
Croatia,2022-W33,0.0,0.0,17.0,0.0
Croatia,2022-W34,9.0,0.0,26.0,0.0
Croatia,2022-W35,1.0,0.0,27.0,0.0
Croatia,2022-W36,0.0,0.0,27.0,0.0
Croatia,2022-W37,0.0,0.0,27.0,0.0
Croatia,2022-W38,2.0,0.0,29.0,0.0
Croatia,2022-W39,0.0,0.0,29.0,0.0
Croatia,2022-W40,0.0,0.0,29.0,0.0
Croatia,2022-W41,0.0,0.0,29.0,0.0
Croatia,2022-W42,0.0,0.0,29.0,0.0
Croatia,2022-W43,0.0,0.0,29.0,0.0
Croatia,2022-W44,0.0,0.0,29.0,0.0
Croatia,2022-W45,0.0,0.0,29.0,0.0
Croatia,2022-W46,0.0,0.0,29.0,0.0
Croatia,2022-W47,0.0,0.0,29.0,0.0
Croatia,2022-W48,0.0,0.0,29.0,0.0
Croatia,2022-W49,0.0,0.0,29.0,0.0
Croatia,2022-W50,0.0,0.0,29.0,0.0
Croatia,2022-W51,0.0,0.0,29.0,0.0
Croatia,2022-W52,0.0,0.0,29.0,0.0
Croatia,2023-W01,2.0,0.0,31.0,0.0
Croatia,2023-W02,0.0,0.0,31.0,0.0
Croatia,2023-W03,2.0,0.0,33.0,0.0
Croatia,2023-W04,0.0,0.0,33.0,0.0
Croatia,2023-W05,0.0,0.0,33.0,0.0
Croatia,2023-W06,0.0,0.0,33.0,0.0
Croatia,2023-W07,0.0,0.0,33.0,0.0
Croatia,2023-W08,0.0,0.0,33.0,0.0
Croatia,2023-W09,0.0,0.0,33.0,0.0
Croatia,2023-W10,0.0,0.0,33.0,0.0
Croatia,2023-W11,0.0,0.0,33.0,0.0
Croatia,2023-W12,0.0,0.0,33.0,0.0
Croatia,2023-W13,0.0,0.0,33.0,0.0
Croatia,2023-W14,0.0,0.0,33.0,0.0
Croatia,2023-W15,0.0,0.0,33.0,0.0
Croatia,2023-W16,0.0,0.0,33.0,0.0
Croatia,2023-W17,0.0,0.0,33.0,0.0
Croatia,2023-W18,0.0,0.0,33.0,0.0
Croatia,2023-W19,0.0,0.0,33.0,0.0
Croatia,2023-W20,0.0,0.0,33.0,0.0
Croatia,2023-W21,0.0,0.0,33.0,0.0
Croatia,2023-W22,0.0,0.0,33.0,0.0
Croatia,2023-W23,0.0,0.0,33.0,0.0
Croatia,2023-W24,0.0,0.0,33.0,0.0
Croatia,2023-W25,0.0,0.0,33.0,0.0
Croatia,2023-W26,0.0,0.0,33.0,0.0
Croatia,2023-W27,0.0,0.0,33.0,0.0
Croatia,2023-W28,0.0,0.0,33.0,0.0
Croatia,2023-W29,0.0,0.0,33.0,0.0
Croatia,2023-W30,0.0,0.0,33.0,0.0
Croatia,2023-W31,0.0,0.0,33.0,0.0
Croatia,2023-W32,0.0,0.0,33.0,0.0
Croatia,2023-W33,0.0,0.0,33.0,0.0
Croatia,2023-W34,0.0,0.0,33.0,0.0
Croatia,2023-W35,0.0,0.0,33.0,0.0
Croatia,2023-W36,0.0,0.0,33.0,0.0
Croatia,2023-W37,0.0,0.0,33.0,0.0
Croatia,2023-W38,0.0,0.0,33.0,0.0
Croatia,2023-W39,0.0,0.0,33.0,0.0
Croatia,2023-W40,0.0,0.0,33.0,0.0
Croatia,2023-W41,0.0,0.0,33.0,0.0
Croatia,2023-W42,0.0,0.0,33.0,0.0
Croatia,2023-W43,0.0,0.0,33.0,0.0
Croatia,2023-W44,0.0,0.0,33.0,0.0
Croatia,2023-W45,0.0,0.0,33.0,0.0
Croatia,2023-W46,0.0,0.0,33.0,0.0
Croatia,2023-W47,0.0,0.0,33.0,0.0
Croatia,2023-W48,0.0,0.0,33.0,0.0
Croatia,2023-W49,0.0,0.0,33.0,0.0
Croatia,2023-W50,0.0,0.0,33.0,0.0
Croatia,2023-W51,0.0,0.0,33.0,0.0
Croatia,2023-W52,0.0,0.0,33.0,0.0
Croatia,2024-W01,0.0,0.0,33.0,0.0
Croatia,2024-W02,0.0,0.0,33.0,0.0
Croatia,2024-W03,0.0,0.0,33.0,0.0
Croatia,2024-W04,0.0,0.0,33.0,0.0
Croatia,2024-W05,0.0,0.0,33.0,0.0
Croatia,2024-W06,0.0,0.0,33.0,0.0
Croatia,2024-W07,0.0,0.0,33.0,0.0
Croatia,2024-W08,0.0,0.0,33.0,0.0
Croatia,2024-W09,0.0,0.0,33.0,0.0
Croatia,2024-W10,0.0,0.0,33.0,0.0
Croatia,2024-W11,0.0,0.0,33.0,0.0
Croatia,2024-W12,0.0,0.0,33.0,0.0
Croatia,2024-W13,0.0,0.0,33.0,0.0
Croatia,2024-W14,0.0,0.0,33.0,0.0
Croatia,2024-W15,0.0,0.0,33.0,0.0
Croatia,2024-W16,0.0,0.0,33.0,0.0
Croatia,2024-W17,0.0,0.0,33.0,0.0
Croatia,2024-W18,1.0,0.0,34.0,0.0
Croatia,2024-W19,0.0,0.0,34.0,0.0
Croatia,2024-W20,0.0,0.0,34.0,0.0
Croatia,2024-W21,0.0,0.0,34.0,0.0
Croatia,2024-W22,0.0,0.0,34.0,0.0
Croatia,2024-W23,0.0,0.0,34.0,0.0
Croatia,2024-W24,0.0,0.0,34.0,0.0
Croatia,2024-W25,0.0,0.0,34.0,0.0
Croatia,2024-W26,0.0,0.0,34.0,0.0
Croatia,2024-W27,0.0,0.0,34.0,0.0
Croatia,2024-W28,0.0,0.0,34.0,0.0
Croatia,2024-W29,0.0,0.0,34.0,0.0
Croatia,2024-W30,0.0,0.0,34.0,0.0
Croatia,2024-W31,0.0,0.0,34.0,0.0
Croatia,2024-W32,0.0,0.0,34.0,0.0
Croatia,2024-W33,0.0,0.0,34.0,0.0
Croatia,2024-W34,0.0,0.0,34.0,0.0
Croatia,2024-W35,0.0,0.0,34.0,0.0
Croatia,2024-W36,0.0,0.0,34.0,0.0
Croatia,2024-W37,0.0,0.0,34.0,0.0
Croatia,2024-W38,0.0,0.0,34.0,0.0
Croatia,2024-W39,0.0,0.0,34.0,0.0
Croatia,2024-W40,0.0,0.0,34.0,0.0
Croatia,2024-W41,0.0,0.0,34.0,0.0
Croatia,2024-W42,0.0,0.0,34.0,0.0
Croatia,2024-W43,0.0,0.0,34.0,0.0
Croatia,2024-W44,0.0,0.0,34.0,0.0
Croatia,2024-W45,0.0,0.0,34.0,0.0
Croatia,2024-W46,0.0,0.0,34.0,0.0
Croatia,2024-W47,0.0,0.0,34.0,0.0
Croatia,2024-W48,1.0,0.0,35.0,0.0
Croatia,2024-W49,0.0,0.0,35.0,0.0
Croatia,2024-W50,0.0,0.0,35.0,0.0
Croatia,2024-W51,0.0,0.0,35.0,0.0
Croatia,2024-W52,0.0,0.0,35.0,0.0
Croatia,2025-W01,0.0,0.0,35.0,0.0
Croatia,2025-W02,2.0,0.0,37.0,0.0
Croatia,2025-W03,0.0,0.0,37.0,0.0
Croatia,2025-W04,0.0,0.0,37.0,0.0
Croatia,2025-W05,0.0,0.0,37.0,0.0
Croatia,2025-W06,0.0,0.0,37.0,0.0
Croatia,2025-W07,0.0,0.0,37.0,0.0
Croatia,2025-W08,0.0,0.0,37.0,0.0
Croatia,2025-W09,0.0,0.0,37.0,0.0
Croatia,2025-W10,0.0,0.0,37.0,0.0
Croatia,2025-W11,0.0,0.0,37.0,0.0
Croatia,2025-W12,0.0,0.0,37.0,0.0
Croatia,2025-W13,0.0,0.0,37.0,0.0
Croatia,2025-W14,0.0,0.0,37.0,0.0
Croatia,2025-W15,0.0,0.0,37.0,0.0
Croatia,2025-W16,0.0,0.0,37.0,0.0
Croatia,2025-W17,0.0,0.0,37.0,0.0
Croatia,2025-W18,1.0,0.0,38.0,0.0
Croatia,2025-W19,0.0,0.0,38.0,0.0
Croatia,2025-W20,0.0,0.0,38.0,0.0
Croatia,2025-W21,0.0,0.0,38.0,0.0
Croatia,2025-W22,0.0,0.0,38.0,0.0
Croatia,2025-W23,0.0,0.0,38.0,0.0
Croatia,2025-W24,0.0,0.0,38.0,0.0
Croatia,2025-W25,0.0,0.0,38.0,0.0
Croatia,2025-W26,0.0,0.0,38.0,0.0
Croatia,2025-W27,0.0,0.0,38.0,0.0
Croatia,2025-W28,1.0,0.0,39.0,0.0
Croatia,2025-W29,0.0,0.0,39.0,0.0
Croatia,2025-W30,0.0,0.0,39.0,0.0
Croatia,2025-W31,0.0,0.0,39.0,0.0
Croatia,2025-W32,0.0,0.0,39.0,0.0
Croatia,2025-W33,0.0,0.0,39.0,0.0
Croatia,2025-W34,0.0,0.0,39.0,0.0
Croatia,2025-W35,0.0,0.0,39.0,0.0
Croatia,2025-W36,0.0,0.0,39.0,0.0
Croatia,2025-W37,0.0,0.0,39.0,0.0
Croatia,2025-W38,0.0,0.0,39.0,0.0
Croatia,2025-W39,0.0,0.0,39.0,0.0
Croatia,2025-W40,0.0,0.0,39.0,0.0
Croatia,2025-W41,0.0,0.0,39.0,0.0
Croatia,2025-W42,0.0,0.0,39.0,0.0
Croatia,2025-W43,0.0,0.0,39.0,0.0
Croatia,2025-W44,0.0,0.0,39.0,0.0
Croatia,2025-W45,0.0,0.0,39.0,0.0
Croatia,2025-W46,0.0,0.0,39.0,0.0
Croatia,2025-W47,0.0,0.0,39.0,0.0
Croatia,2025-W48,0.0,0.0,39.0,0.0
Croatia,2025-W49,0.0,0.0,39.0,0.0
Croatia,2025-W50,0.0,0.0,39.0,0.0
Croatia,2025-W51,0.0,0.0,39.0,0.0
Croatia,2025-W52,0.0,0.0,39.0,0.0
Cuba,2022-W34,1.0,1.0,1.0,1.0
Cuba,2022-W35,0.0,0.0,1.0,1.0
Cuba,2022-W36,1.0,0.0,2.0,1.0
Cuba,2022-W37,0.0,0.0,2.0,1.0
Cuba,2022-W38,0.0,0.0,2.0,1.0
Cuba,2022-W39,1.0,0.0,3.0,1.0
Cuba,2022-W40,1.0,0.0,4.0,1.0
Cuba,2022-W41,4.0,0.0,8.0,1.0
Cuba,2022-W42,0.0,0.0,8.0,1.0
Cuba,2022-W43,0.0,0.0,8.0,1.0
Cuba,2022-W44,0.0,0.0,8.0,1.0
Cuba,2022-W45,0.0,0.0,8.0,1.0
Cuba,2022-W46,0.0,0.0,8.0,1.0
Cuba,2022-W47,0.0,0.0,8.0,1.0
Cuba,2022-W48,0.0,0.0,8.0,1.0
Cuba,2022-W49,0.0,0.0,8.0,1.0
Cuba,2022-W50,0.0,0.0,8.0,1.0
Cuba,2022-W51,0.0,0.0,8.0,1.0
Cuba,2022-W52,0.0,0.0,8.0,1.0
Cuba,2023-W01,0.0,0.0,8.0,1.0
Cuba,2023-W02,0.0,0.0,8.0,1.0
Cuba,2023-W03,0.0,0.0,8.0,1.0
Cuba,2023-W04,0.0,0.0,8.0,1.0
Cuba,2023-W05,0.0,0.0,8.0,1.0
Cuba,2023-W06,0.0,0.0,8.0,1.0
Cuba,2023-W07,0.0,0.0,8.0,1.0
Cuba,2023-W08,0.0,0.0,8.0,1.0
Cuba,2023-W09,0.0,0.0,8.0,1.0
Cuba,2023-W10,0.0,0.0,8.0,1.0
Cuba,2023-W11,0.0,0.0,8.0,1.0
Cuba,2023-W12,0.0,0.0,8.0,1.0
Cuba,2023-W13,0.0,0.0,8.0,1.0
Cuba,2023-W14,0.0,0.0,8.0,1.0
Cuba,2023-W15,0.0,0.0,8.0,1.0
Cuba,2023-W16,0.0,0.0,8.0,1.0
Cuba,2023-W17,0.0,0.0,8.0,1.0
Cuba,2023-W18,0.0,0.0,8.0,1.0
Cuba,2023-W19,0.0,0.0,8.0,1.0
Cuba,2023-W20,0.0,0.0,8.0,1.0
Cuba,2023-W21,0.0,0.0,8.0,1.0
Cuba,2023-W22,0.0,0.0,8.0,1.0
Cuba,2023-W23,0.0,0.0,8.0,1.0
Cuba,2023-W24,0.0,0.0,8.0,1.0
Cuba,2023-W25,0.0,0.0,8.0,1.0
Cuba,2023-W26,0.0,0.0,8.0,1.0
Cuba,2023-W27,0.0,0.0,8.0,1.0
Cuba,2023-W28,0.0,0.0,8.0,1.0
Cuba,2023-W29,0.0,0.0,8.0,1.0
Cuba,2023-W30,0.0,0.0,8.0,1.0
Cuba,2023-W31,0.0,0.0,8.0,1.0
Cuba,2023-W32,0.0,0.0,8.0,1.0
Cuba,2023-W33,0.0,0.0,8.0,1.0
Cuba,2023-W34,0.0,0.0,8.0,1.0
Cuba,2023-W35,0.0,0.0,8.0,1.0
Cuba,2023-W36,0.0,0.0,8.0,1.0
Cuba,2023-W37,0.0,0.0,8.0,1.0
Cuba,2023-W38,0.0,0.0,8.0,1.0
Cuba,2023-W39,0.0,0.0,8.0,1.0
Cuba,2023-W40,0.0,0.0,8.0,1.0
Cuba,2023-W41,0.0,0.0,8.0,1.0
Cuba,2023-W42,0.0,0.0,8.0,1.0
Cuba,2023-W43,0.0,0.0,8.0,1.0
Cuba,2023-W44,0.0,0.0,8.0,1.0
Cuba,2023-W45,0.0,0.0,8.0,1.0
Cuba,2023-W46,0.0,0.0,8.0,1.0
Cuba,2023-W47,0.0,0.0,8.0,1.0
Cuba,2023-W48,0.0,0.0,8.0,1.0
Cuba,2023-W49,0.0,0.0,8.0,1.0
Cuba,2023-W50,0.0,0.0,8.0,1.0
Cuba,2023-W51,0.0,0.0,8.0,1.0
Cuba,2023-W52,0.0,0.0,8.0,1.0
Cuba,2024-W01,0.0,0.0,8.0,1.0
Cuba,2024-W02,0.0,0.0,8.0,1.0
Cuba,2024-W03,0.0,0.0,8.0,1.0
Cuba,2024-W04,0.0,0.0,8.0,1.0
Cuba,2024-W05,0.0,0.0,8.0,1.0
Cuba,2024-W06,0.0,0.0,8.0,1.0
Cuba,2024-W07,0.0,0.0,8.0,1.0
Cuba,2024-W08,0.0,0.0,8.0,1.0
Cuba,2024-W09,0.0,0.0,8.0,1.0
Cuba,2024-W10,0.0,0.0,8.0,1.0
Cuba,2024-W11,0.0,0.0,8.0,1.0
Cuba,2024-W12,0.0,0.0,8.0,1.0
Cuba,2024-W13,0.0,0.0,8.0,1.0
Cuba,2024-W14,0.0,0.0,8.0,1.0
Cuba,2024-W15,0.0,0.0,8.0,1.0
Cuba,2024-W16,0.0,0.0,8.0,1.0
Cuba,2024-W17,0.0,0.0,8.0,1.0
Cuba,2024-W18,0.0,0.0,8.0,1.0
Cuba,2024-W19,0.0,0.0,8.0,1.0
Cuba,2024-W20,0.0,0.0,8.0,1.0
Cuba,2024-W21,0.0,0.0,8.0,1.0
Cuba,2024-W22,0.0,0.0,8.0,1.0
Cuba,2024-W23,0.0,0.0,8.0,1.0
Cuba,2024-W24,0.0,0.0,8.0,1.0
Cuba,2024-W25,0.0,0.0,8.0,1.0
Cuba,2024-W26,0.0,0.0,8.0,1.0
Cuba,2024-W27,0.0,0.0,8.0,1.0
Cuba,2024-W28,0.0,0.0,8.0,1.0
Cuba,2024-W29,0.0,0.0,8.0,1.0
Cuba,2024-W30,0.0,0.0,8.0,1.0
Cuba,2024-W31,0.0,0.0,8.0,1.0
Cuba,2024-W32,0.0,0.0,8.0,1.0
Cuba,2024-W33,0.0,0.0,8.0,1.0
Cuba,2024-W34,0.0,0.0,8.0,1.0
Cuba,2024-W35,0.0,0.0,8.0,1.0
Cuba,2024-W36,0.0,0.0,8.0,1.0
Cuba,2024-W37,0.0,0.0,8.0,1.0
Cuba,2024-W38,0.0,0.0,8.0,1.0
Cuba,2024-W39,0.0,0.0,8.0,1.0
Cuba,2024-W40,0.0,0.0,8.0,1.0
Cuba,2024-W41,0.0,0.0,8.0,1.0
Cuba,2024-W42,0.0,0.0,8.0,1.0
Cuba,2024-W43,0.0,0.0,8.0,1.0
Cuba,2024-W44,0.0,0.0,8.0,1.0
Cuba,2024-W45,0.0,0.0,8.0,1.0
Cuba,2024-W46,0.0,0.0,8.0,1.0
Cuba,2024-W47,0.0,0.0,8.0,1.0
Cuba,2024-W48,0.0,0.0,8.0,1.0
Cuba,2024-W49,0.0,0.0,8.0,1.0
Cuba,2024-W50,0.0,0.0,8.0,1.0
Cuba,2024-W51,0.0,0.0,8.0,1.0
Cuba,2024-W52,0.0,0.0,8.0,1.0
Cuba,2025-W01,0.0,0.0,8.0,1.0
Cuba,2025-W02,0.0,0.0,8.0,1.0
Cuba,2025-W03,0.0,0.0,8.0,1.0
Cuba,2025-W04,0.0,0.0,8.0,1.0
Cuba,2025-W05,0.0,0.0,8.0,1.0
Cuba,2025-W06,0.0,0.0,8.0,1.0
Cuba,2025-W07,0.0,0.0,8.0,1.0
Cuba,2025-W08,0.0,0.0,8.0,1.0
Cuba,2025-W09,0.0,0.0,8.0,1.0
Cuba,2025-W10,0.0,0.0,8.0,1.0
Cuba,2025-W11,0.0,0.0,8.0,1.0
Cuba,2025-W12,0.0,0.0,8.0,1.0
Cuba,2025-W13,0.0,0.0,8.0,1.0
Cuba,2025-W14,0.0,0.0,8.0,1.0
Cuba,2025-W15,0.0,0.0,8.0,1.0
Cuba,2025-W16,0.0,0.0,8.0,1.0
Cuba,2025-W17,0.0,0.0,8.0,1.0
Cuba,2025-W18,0.0,0.0,8.0,1.0
Cuba,2025-W19,0.0,0.0,8.0,1.0
Cuba,2025-W20,0.0,0.0,8.0,1.0
Cuba,2025-W21,0.0,0.0,8.0,1.0
Cuba,2025-W22,0.0,0.0,8.0,1.0
Cuba,2025-W23,0.0,0.0,8.0,1.0
Cuba,2025-W24,0.0,0.0,8.0,1.0
Cuba,2025-W25,0.0,0.0,8.0,1.0
Cuba,2025-W26,0.0,0.0,8.0,1.0
Cuba,2025-W27,0.0,0.0,8.0,1.0
Cuba,2025-W28,0.0,0.0,8.0,1.0
Cuba,2025-W29,0.0,0.0,8.0,1.0
Cuba,2025-W30,0.0,0.0,8.0,1.0
Cuba,2025-W31,0.0,0.0,8.0,1.0
Cuba,2025-W32,0.0,0.0,8.0,1.0
Cuba,2025-W33,0.0,0.0,8.0,1.0
Cuba,2025-W34,0.0,0.0,8.0,1.0
Cuba,2025-W35,0.0,0.0,8.0,1.0
Cuba,2025-W36,0.0,0.0,8.0,1.0
Cuba,2025-W37,0.0,0.0,8.0,1.0
Cuba,2025-W38,0.0,0.0,8.0,1.0
Cuba,2025-W39,0.0,0.0,8.0,1.0
Cuba,2025-W40,0.0,0.0,8.0,1.0
Cuba,2025-W41,0.0,0.0,8.0,1.0
Cuba,2025-W42,0.0,0.0,8.0,1.0
Cuba,2025-W43,0.0,0.0,8.0,1.0
Cuba,2025-W44,0.0,0.0,8.0,1.0
Cuba,2025-W45,0.0,0.0,8.0,1.0
Cuba,2025-W46,0.0,0.0,8.0,1.0
Cuba,2025-W47,0.0,0.0,8.0,1.0
Cuba,2025-W48,0.0,0.0,8.0,1.0
Cuba,2025-W49,0.0,0.0,8.0,1.0
Cuba,2025-W50,0.0,0.0,8.0,1.0
Cuba,2025-W51,0.0,0.0,8.0,1.0
Cuba,2025-W52,0.0,0.0,8.0,1.0
Cuba,2026-W01,0.0,0.0,8.0,1.0
Curacao,2022-W33,1.0,0.0,1.0,0.0
Curacao,2022-W34,0.0,0.0,1.0,0.0
Curacao,2022-W35,0.0,0.0,1.0,0.0
Curacao,2022-W36,0.0,0.0,1.0,0.0
Curacao,2022-W37,0.0,0.0,1.0,0.0
Curacao,2022-W38,2.0,0.0,3.0,0.0
Curacao,2022-W39,0.0,0.0,3.0,0.0
Curacao,2022-W40,0.0,0.0,3.0,0.0
Curacao,2022-W41,0.0,0.0,3.0,0.0
Curacao,2022-W42,0.0,0.0,3.0,0.0
Curacao,2022-W43,0.0,0.0,3.0,0.0
Curacao,2022-W44,0.0,0.0,3.0,0.0
Curacao,2022-W45,0.0,0.0,3.0,0.0
Curacao,2022-W46,0.0,0.0,3.0,0.0
Curacao,2022-W47,0.0,0.0,3.0,0.0
Curacao,2022-W48,0.0,0.0,3.0,0.0
Curacao,2022-W49,0.0,0.0,3.0,0.0
Curacao,2022-W50,0.0,0.0,3.0,0.0
Curacao,2022-W51,0.0,0.0,3.0,0.0
Curacao,2022-W52,0.0,0.0,3.0,0.0
Curacao,2023-W01,0.0,0.0,3.0,0.0
Curacao,2023-W02,0.0,0.0,3.0,0.0
Curacao,2023-W03,0.0,0.0,3.0,0.0
Curacao,2023-W04,0.0,0.0,3.0,0.0
Curacao,2023-W05,0.0,0.0,3.0,0.0
Curacao,2023-W06,0.0,0.0,3.0,0.0
Curacao,2023-W07,0.0,0.0,3.0,0.0
Curacao,2023-W08,0.0,0.0,3.0,0.0
Curacao,2023-W09,0.0,0.0,3.0,0.0
Curacao,2023-W10,0.0,0.0,3.0,0.0
Curacao,2023-W11,0.0,0.0,3.0,0.0
Curacao,2023-W12,0.0,0.0,3.0,0.0
Curacao,2023-W13,0.0,0.0,3.0,0.0
Curacao,2023-W14,0.0,0.0,3.0,0.0
Curacao,2023-W15,0.0,0.0,3.0,0.0
Curacao,2023-W16,0.0,0.0,3.0,0.0
Curacao,2023-W17,0.0,0.0,3.0,0.0
Curacao,2023-W18,0.0,0.0,3.0,0.0
Curacao,2023-W19,0.0,0.0,3.0,0.0
Curacao,2023-W20,0.0,0.0,3.0,0.0
Curacao,2023-W21,0.0,0.0,3.0,0.0
Curacao,2023-W22,0.0,0.0,3.0,0.0
Curacao,2023-W23,0.0,0.0,3.0,0.0
Curacao,2023-W24,0.0,0.0,3.0,0.0
Curacao,2023-W25,0.0,0.0,3.0,0.0
Curacao,2023-W26,0.0,0.0,3.0,0.0
Curacao,2023-W27,0.0,0.0,3.0,0.0
Curacao,2023-W28,0.0,0.0,3.0,0.0
Curacao,2023-W29,0.0,0.0,3.0,0.0
Curacao,2023-W30,0.0,0.0,3.0,0.0
Curacao,2023-W31,0.0,0.0,3.0,0.0
Curacao,2023-W32,0.0,0.0,3.0,0.0
Curacao,2023-W33,0.0,0.0,3.0,0.0
Curacao,2023-W34,0.0,0.0,3.0,0.0
Curacao,2023-W35,0.0,0.0,3.0,0.0
Curacao,2023-W36,0.0,0.0,3.0,0.0
Curacao,2023-W37,0.0,0.0,3.0,0.0
Curacao,2023-W38,0.0,0.0,3.0,0.0
Curacao,2023-W39,0.0,0.0,3.0,0.0
Curacao,2023-W40,0.0,0.0,3.0,0.0
Curacao,2023-W41,0.0,0.0,3.0,0.0
Curacao,2023-W42,0.0,0.0,3.0,0.0
Curacao,2023-W43,0.0,0.0,3.0,0.0
Curacao,2023-W44,0.0,0.0,3.0,0.0
Curacao,2023-W45,0.0,0.0,3.0,0.0
Curacao,2023-W46,0.0,0.0,3.0,0.0
Curacao,2023-W47,0.0,0.0,3.0,0.0
Curacao,2023-W48,0.0,0.0,3.0,0.0
Curacao,2023-W49,0.0,0.0,3.0,0.0
Curacao,2023-W50,0.0,0.0,3.0,0.0
Curacao,2023-W51,0.0,0.0,3.0,0.0
Curacao,2023-W52,0.0,0.0,3.0,0.0
Curacao,2024-W01,0.0,0.0,3.0,0.0
Curacao,2024-W02,0.0,0.0,3.0,0.0
Curacao,2024-W03,0.0,0.0,3.0,0.0
Curacao,2024-W04,0.0,0.0,3.0,0.0
Curacao,2024-W05,0.0,0.0,3.0,0.0
Curacao,2024-W06,0.0,0.0,3.0,0.0
Curacao,2024-W07,0.0,0.0,3.0,0.0
Curacao,2024-W08,0.0,0.0,3.0,0.0
Curacao,2024-W09,0.0,0.0,3.0,0.0
Curacao,2024-W10,0.0,0.0,3.0,0.0
Curacao,2024-W11,0.0,0.0,3.0,0.0
Curacao,2024-W12,0.0,0.0,3.0,0.0
Curacao,2024-W13,0.0,0.0,3.0,0.0
Curacao,2024-W14,0.0,0.0,3.0,0.0
Curacao,2024-W15,0.0,0.0,3.0,0.0
Curacao,2024-W16,0.0,0.0,3.0,0.0
Curacao,2024-W17,0.0,0.0,3.0,0.0
Curacao,2024-W18,0.0,0.0,3.0,0.0
Curacao,2024-W19,0.0,0.0,3.0,0.0
Curacao,2024-W20,0.0,0.0,3.0,0.0
Curacao,2024-W21,0.0,0.0,3.0,0.0
Curacao,2024-W22,0.0,0.0,3.0,0.0
Curacao,2024-W23,0.0,0.0,3.0,0.0
Curacao,2024-W24,0.0,0.0,3.0,0.0
Curacao,2024-W25,0.0,0.0,3.0,0.0
Curacao,2024-W26,0.0,0.0,3.0,0.0
Curacao,2024-W27,0.0,0.0,3.0,0.0
Curacao,2024-W28,0.0,0.0,3.0,0.0
Curacao,2024-W29,0.0,0.0,3.0,0.0
Curacao,2024-W30,0.0,0.0,3.0,0.0
Curacao,2024-W31,0.0,0.0,3.0,0.0
Curacao,2024-W32,0.0,0.0,3.0,0.0
Curacao,2024-W33,0.0,0.0,3.0,0.0
Curacao,2024-W34,0.0,0.0,3.0,0.0
Curacao,2024-W35,0.0,0.0,3.0,0.0
Curacao,2024-W36,0.0,0.0,3.0,0.0
Curacao,2024-W37,0.0,0.0,3.0,0.0
Curacao,2024-W38,0.0,0.0,3.0,0.0
Curacao,2024-W39,0.0,0.0,3.0,0.0
Curacao,2024-W40,0.0,0.0,3.0,0.0
Curacao,2024-W41,0.0,0.0,3.0,0.0
Curacao,2024-W42,0.0,0.0,3.0,0.0
Curacao,2024-W43,0.0,0.0,3.0,0.0
Curacao,2024-W44,0.0,0.0,3.0,0.0
Curacao,2024-W45,0.0,0.0,3.0,0.0
Curacao,2024-W46,0.0,0.0,3.0,0.0
Curacao,2024-W47,0.0,0.0,3.0,0.0
Curacao,2024-W48,0.0,0.0,3.0,0.0
Curacao,2024-W49,0.0,0.0,3.0,0.0
Curacao,2024-W50,0.0,0.0,3.0,0.0
Curacao,2024-W51,0.0,0.0,3.0,0.0
Curacao,2024-W52,0.0,0.0,3.0,0.0
Curacao,2025-W01,0.0,0.0,3.0,0.0
Curacao,2025-W02,0.0,0.0,3.0,0.0
Curacao,2025-W03,0.0,0.0,3.0,0.0
Curacao,2025-W04,0.0,0.0,3.0,0.0
Curacao,2025-W05,0.0,0.0,3.0,0.0
Curacao,2025-W06,0.0,0.0,3.0,0.0
Curacao,2025-W07,0.0,0.0,3.0,0.0
Curacao,2025-W08,0.0,0.0,3.0,0.0
Curacao,2025-W09,0.0,0.0,3.0,0.0
Curacao,2025-W10,0.0,0.0,3.0,0.0
Curacao,2025-W11,0.0,0.0,3.0,0.0
Curacao,2025-W12,0.0,0.0,3.0,0.0
Curacao,2025-W13,0.0,0.0,3.0,0.0
Curacao,2025-W14,0.0,0.0,3.0,0.0
Curacao,2025-W15,0.0,0.0,3.0,0.0
Curacao,2025-W16,0.0,0.0,3.0,0.0
Curacao,2025-W17,0.0,0.0,3.0,0.0
Curacao,2025-W18,0.0,0.0,3.0,0.0
Curacao,2025-W19,0.0,0.0,3.0,0.0
Curacao,2025-W20,0.0,0.0,3.0,0.0
Curacao,2025-W21,0.0,0.0,3.0,0.0
Curacao,2025-W22,0.0,0.0,3.0,0.0
Curacao,2025-W23,0.0,0.0,3.0,0.0
Curacao,2025-W24,0.0,0.0,3.0,0.0
Curacao,2025-W25,0.0,0.0,3.0,0.0
Curacao,2025-W26,0.0,0.0,3.0,0.0
Curacao,2025-W27,0.0,0.0,3.0,0.0
Curacao,2025-W28,0.0,0.0,3.0,0.0
Curacao,2025-W29,0.0,0.0,3.0,0.0
Curacao,2025-W30,0.0,0.0,3.0,0.0
Curacao,2025-W31,0.0,0.0,3.0,0.0
Curacao,2025-W32,0.0,0.0,3.0,0.0
Curacao,2025-W33,0.0,0.0,3.0,0.0
Curacao,2025-W34,0.0,0.0,3.0,0.0
Curacao,2025-W35,0.0,0.0,3.0,0.0
Curacao,2025-W36,0.0,0.0,3.0,0.0
Curacao,2025-W37,0.0,0.0,3.0,0.0
Curacao,2025-W38,0.0,0.0,3.0,0.0
Curacao,2025-W39,0.0,0.0,3.0,0.0
Curacao,2025-W40,0.0,0.0,3.0,0.0
Curacao,2025-W41,0.0,0.0,3.0,0.0
Curacao,2025-W42,0.0,0.0,3.0,0.0
Curacao,2025-W43,0.0,0.0,3.0,0.0
Curacao,2025-W44,0.0,0.0,3.0,0.0
Curacao,2025-W45,0.0,0.0,3.0,0.0
Curacao,2025-W46,0.0,0.0,3.0,0.0
Curacao,2025-W47,0.0,0.0,3.0,0.0
Curacao,2025-W48,0.0,0.0,3.0,0.0
Curacao,2025-W49,0.0,0.0,3.0,0.0
Curacao,2025-W50,0.0,0.0,3.0,0.0
Curacao,2025-W51,0.0,0.0,3.0,0.0
Curacao,2025-W52,0.0,0.0,3.0,0.0
Curacao,2026-W01,0.0,0.0,3.0,0.0
Cyprus,2022-W31,1.0,0.0,1.0,0.0
Cyprus,2022-W32,2.0,0.0,3.0,0.0
Cyprus,2022-W33,1.0,0.0,4.0,0.0
Cyprus,2022-W34,0.0,0.0,4.0,0.0
Cyprus,2022-W35,1.0,0.0,5.0,0.0
Cyprus,2022-W36,0.0,0.0,5.0,0.0
Cyprus,2022-W37,0.0,0.0,5.0,0.0
Cyprus,2022-W38,0.0,0.0,5.0,0.0
Cyprus,2022-W39,0.0,0.0,5.0,0.0
Cyprus,2022-W40,0.0,0.0,5.0,0.0
Cyprus,2022-W41,0.0,0.0,5.0,0.0
Cyprus,2022-W42,0.0,0.0,5.0,0.0
Cyprus,2022-W43,0.0,0.0,5.0,0.0
Cyprus,2022-W44,0.0,0.0,5.0,0.0
Cyprus,2022-W45,0.0,0.0,5.0,0.0
Cyprus,2022-W46,0.0,0.0,5.0,0.0
Cyprus,2022-W47,0.0,0.0,5.0,0.0
Cyprus,2022-W48,0.0,0.0,5.0,0.0
Cyprus,2022-W49,0.0,0.0,5.0,0.0
Cyprus,2022-W50,0.0,0.0,5.0,0.0
Cyprus,2022-W51,0.0,0.0,5.0,0.0
Cyprus,2022-W52,0.0,0.0,5.0,0.0
Cyprus,2023-W01,0.0,0.0,5.0,0.0
Cyprus,2023-W02,0.0,0.0,5.0,0.0
Cyprus,2023-W03,0.0,0.0,5.0,0.0
Cyprus,2023-W04,0.0,0.0,5.0,0.0
Cyprus,2023-W05,0.0,0.0,5.0,0.0
Cyprus,2023-W06,0.0,0.0,5.0,0.0
Cyprus,2023-W07,0.0,0.0,5.0,0.0
Cyprus,2023-W08,0.0,0.0,5.0,0.0
Cyprus,2023-W09,0.0,0.0,5.0,0.0
Cyprus,2023-W10,0.0,0.0,5.0,0.0
Cyprus,2023-W11,0.0,0.0,5.0,0.0
Cyprus,2023-W12,0.0,0.0,5.0,0.0
Cyprus,2023-W13,0.0,0.0,5.0,0.0
Cyprus,2023-W14,0.0,0.0,5.0,0.0
Cyprus,2023-W15,0.0,0.0,5.0,0.0
Cyprus,2023-W16,0.0,0.0,5.0,0.0
Cyprus,2023-W17,0.0,0.0,5.0,0.0
Cyprus,2023-W18,0.0,0.0,5.0,0.0
Cyprus,2023-W19,0.0,0.0,5.0,0.0
Cyprus,2023-W20,0.0,0.0,5.0,0.0
Cyprus,2023-W21,0.0,0.0,5.0,0.0
Cyprus,2023-W22,0.0,0.0,5.0,0.0
Cyprus,2023-W23,0.0,0.0,5.0,0.0
Cyprus,2023-W24,0.0,0.0,5.0,0.0
Cyprus,2023-W25,0.0,0.0,5.0,0.0
Cyprus,2023-W26,0.0,0.0,5.0,0.0
Cyprus,2023-W27,0.0,0.0,5.0,0.0
Cyprus,2023-W28,0.0,0.0,5.0,0.0
Cyprus,2023-W29,0.0,0.0,5.0,0.0
Cyprus,2023-W30,0.0,0.0,5.0,0.0
Cyprus,2023-W31,0.0,0.0,5.0,0.0
Cyprus,2023-W32,0.0,0.0,5.0,0.0
Cyprus,2023-W33,0.0,0.0,5.0,0.0
Cyprus,2023-W34,0.0,0.0,5.0,0.0
Cyprus,2023-W35,0.0,0.0,5.0,0.0
Cyprus,2023-W36,0.0,0.0,5.0,0.0
Cyprus,2023-W37,0.0,0.0,5.0,0.0
Cyprus,2023-W38,0.0,0.0,5.0,0.0
Cyprus,2023-W39,0.0,0.0,5.0,0.0
Cyprus,2023-W40,0.0,0.0,5.0,0.0
Cyprus,2023-W41,0.0,0.0,5.0,0.0
Cyprus,2023-W42,0.0,0.0,5.0,0.0
Cyprus,2023-W43,0.0,0.0,5.0,0.0
Cyprus,2023-W44,0.0,0.0,5.0,0.0
Cyprus,2023-W45,0.0,0.0,5.0,0.0
Cyprus,2023-W46,0.0,0.0,5.0,0.0
Cyprus,2023-W47,0.0,0.0,5.0,0.0
Cyprus,2023-W48,0.0,0.0,5.0,0.0
Cyprus,2023-W49,0.0,0.0,5.0,0.0
Cyprus,2023-W50,0.0,0.0,5.0,0.0
Cyprus,2023-W51,0.0,0.0,5.0,0.0
Cyprus,2023-W52,0.0,0.0,5.0,0.0
Cyprus,2024-W01,0.0,0.0,5.0,0.0
Cyprus,2024-W02,0.0,0.0,5.0,0.0
Cyprus,2024-W03,0.0,0.0,5.0,0.0
Cyprus,2024-W04,0.0,0.0,5.0,0.0
Cyprus,2024-W05,0.0,0.0,5.0,0.0
Cyprus,2024-W06,0.0,0.0,5.0,0.0
Cyprus,2024-W07,0.0,0.0,5.0,0.0
Cyprus,2024-W08,0.0,0.0,5.0,0.0
Cyprus,2024-W09,0.0,0.0,5.0,0.0
Cyprus,2024-W10,0.0,0.0,5.0,0.0
Cyprus,2024-W11,0.0,0.0,5.0,0.0
Cyprus,2024-W12,0.0,0.0,5.0,0.0
Cyprus,2024-W13,0.0,0.0,5.0,0.0
Cyprus,2024-W14,0.0,0.0,5.0,0.0
Cyprus,2024-W15,0.0,0.0,5.0,0.0
Cyprus,2024-W16,0.0,0.0,5.0,0.0
Cyprus,2024-W17,0.0,0.0,5.0,0.0
Cyprus,2024-W18,0.0,0.0,5.0,0.0
Cyprus,2024-W19,0.0,0.0,5.0,0.0
Cyprus,2024-W20,0.0,0.0,5.0,0.0
Cyprus,2024-W21,0.0,0.0,5.0,0.0
Cyprus,2024-W22,0.0,0.0,5.0,0.0
Cyprus,2024-W23,0.0,0.0,5.0,0.0
Cyprus,2024-W24,0.0,0.0,5.0,0.0
Cyprus,2024-W25,0.0,0.0,5.0,0.0
Cyprus,2024-W26,0.0,0.0,5.0,0.0
Cyprus,2024-W27,0.0,0.0,5.0,0.0
Cyprus,2024-W28,0.0,0.0,5.0,0.0
Cyprus,2024-W29,0.0,0.0,5.0,0.0
Cyprus,2024-W30,0.0,0.0,5.0,0.0
Cyprus,2024-W31,0.0,0.0,5.0,0.0
Cyprus,2024-W32,0.0,0.0,5.0,0.0
Cyprus,2024-W33,0.0,0.0,5.0,0.0
Cyprus,2024-W34,0.0,0.0,5.0,0.0
Cyprus,2024-W35,0.0,0.0,5.0,0.0
Cyprus,2024-W36,0.0,0.0,5.0,0.0
Cyprus,2024-W37,0.0,0.0,5.0,0.0
Cyprus,2024-W38,0.0,0.0,5.0,0.0
Cyprus,2024-W39,0.0,0.0,5.0,0.0
Cyprus,2024-W40,0.0,0.0,5.0,0.0
Cyprus,2024-W41,0.0,0.0,5.0,0.0
Cyprus,2024-W42,0.0,0.0,5.0,0.0
Cyprus,2024-W43,0.0,0.0,5.0,0.0
Cyprus,2024-W44,0.0,0.0,5.0,0.0
Cyprus,2024-W45,0.0,0.0,5.0,0.0
Cyprus,2024-W46,0.0,0.0,5.0,0.0
Cyprus,2024-W47,0.0,0.0,5.0,0.0
Cyprus,2024-W48,0.0,0.0,5.0,0.0
Cyprus,2024-W49,0.0,0.0,5.0,0.0
Cyprus,2024-W50,0.0,0.0,5.0,0.0
Cyprus,2024-W51,0.0,0.0,5.0,0.0
Cyprus,2024-W52,0.0,0.0,5.0,0.0
Cyprus,2025-W01,1.0,0.0,6.0,0.0
Cyprus,2025-W02,0.0,0.0,6.0,0.0
Cyprus,2025-W03,0.0,0.0,6.0,0.0
Cyprus,2025-W04,0.0,0.0,6.0,0.0
Cyprus,2025-W05,0.0,0.0,6.0,0.0
Cyprus,2025-W06,0.0,0.0,6.0,0.0
Cyprus,2025-W07,0.0,0.0,6.0,0.0
Cyprus,2025-W08,0.0,0.0,6.0,0.0
Cyprus,2025-W09,0.0,0.0,6.0,0.0
Cyprus,2025-W10,0.0,0.0,6.0,0.0
Cyprus,2025-W11,0.0,0.0,6.0,0.0
Cyprus,2025-W12,0.0,0.0,6.0,0.0
Cyprus,2025-W13,0.0,0.0,6.0,0.0
Cyprus,2025-W14,0.0,0.0,6.0,0.0
Cyprus,2025-W15,0.0,0.0,6.0,0.0
Cyprus,2025-W16,0.0,0.0,6.0,0.0
Cyprus,2025-W17,0.0,0.0,6.0,0.0
Cyprus,2025-W18,0.0,0.0,6.0,0.0
Cyprus,2025-W19,0.0,0.0,6.0,0.0
Cyprus,2025-W20,0.0,0.0,6.0,0.0
Cyprus,2025-W21,0.0,0.0,6.0,0.0
Cyprus,2025-W22,0.0,0.0,6.0,0.0
Cyprus,2025-W23,0.0,0.0,6.0,0.0
Cyprus,2025-W24,0.0,0.0,6.0,0.0
Cyprus,2025-W25,0.0,0.0,6.0,0.0
Cyprus,2025-W26,0.0,0.0,6.0,0.0
Cyprus,2025-W27,0.0,0.0,6.0,0.0
Cyprus,2025-W28,0.0,0.0,6.0,0.0
Cyprus,2025-W29,0.0,0.0,6.0,0.0
Cyprus,2025-W30,0.0,0.0,6.0,0.0
Cyprus,2025-W31,0.0,0.0,6.0,0.0
Cyprus,2025-W32,0.0,0.0,6.0,0.0
Cyprus,2025-W33,0.0,0.0,6.0,0.0
Cyprus,2025-W34,0.0,0.0,6.0,0.0
Cyprus,2025-W35,0.0,0.0,6.0,0.0
Cyprus,2025-W36,0.0,0.0,6.0,0.0
Cyprus,2025-W37,0.0,0.0,6.0,0.0
Cyprus,2025-W38,0.0,0.0,6.0,0.0
Cyprus,2025-W39,0.0,0.0,6.0,0.0
Cyprus,2025-W40,0.0,0.0,6.0,0.0
Cyprus,2025-W41,0.0,0.0,6.0,0.0
Cyprus,2025-W42,0.0,0.0,6.0,0.0
Cyprus,2025-W43,0.0,0.0,6.0,0.0
Cyprus,2025-W44,0.0,0.0,6.0,0.0
Cyprus,2025-W45,0.0,0.0,6.0,0.0
Cyprus,2025-W46,0.0,0.0,6.0,0.0
Cyprus,2025-W47,0.0,0.0,6.0,0.0
Cyprus,2025-W48,0.0,0.0,6.0,0.0
Cyprus,2025-W49,0.0,0.0,6.0,0.0
Cyprus,2025-W50,0.0,0.0,6.0,0.0
Cyprus,2025-W51,0.0,0.0,6.0,0.0
Cyprus,2025-W52,0.0,0.0,6.0,0.0
Czechia,2022-W21,5.0,0.0,5.0,0.0
Czechia,2022-W22,1.0,0.0,6.0,0.0
Czechia,2022-W23,0.0,0.0,6.0,0.0
Czechia,2022-W24,0.0,0.0,6.0,0.0
Czechia,2022-W25,1.0,0.0,7.0,0.0
Czechia,2022-W26,1.0,0.0,8.0,0.0
Czechia,2022-W27,2.0,0.0,10.0,0.0
Czechia,2022-W28,1.0,0.0,11.0,0.0
Czechia,2022-W29,3.0,0.0,14.0,0.0
Czechia,2022-W30,2.0,0.0,16.0,0.0
Czechia,2022-W31,10.0,0.0,26.0,0.0
Czechia,2022-W32,9.0,0.0,35.0,0.0
Czechia,2022-W33,1.0,0.0,36.0,0.0
Czechia,2022-W34,10.0,0.0,46.0,0.0
Czechia,2022-W35,7.0,0.0,53.0,0.0
Czechia,2022-W36,9.0,0.0,62.0,0.0
Czechia,2022-W37,3.0,0.0,65.0,0.0
Czechia,2022-W38,1.0,1.0,66.0,1.0
Czechia,2022-W39,1.0,0.0,67.0,1.0
Czechia,2022-W40,3.0,0.0,70.0,1.0
Czechia,2022-W41,0.0,0.0,70.0,1.0
Czechia,2022-W42,0.0,0.0,70.0,1.0
Czechia,2022-W43,0.0,0.0,70.0,1.0
Czechia,2022-W44,0.0,0.0,70.0,1.0
Czechia,2022-W45,0.0,0.0,70.0,1.0
Czechia,2022-W46,0.0,0.0,70.0,1.0
Czechia,2022-W47,0.0,0.0,70.0,1.0
Czechia,2022-W48,1.0,0.0,71.0,1.0
Czechia,2022-W49,0.0,0.0,71.0,1.0
Czechia,2022-W50,0.0,0.0,71.0,1.0
Czechia,2022-W51,0.0,0.0,71.0,1.0
Czechia,2022-W52,0.0,0.0,71.0,1.0
Czechia,2023-W01,0.0,0.0,71.0,1.0
Czechia,2023-W02,0.0,0.0,71.0,1.0
Czechia,2023-W03,0.0,0.0,71.0,1.0
Czechia,2023-W04,0.0,0.0,71.0,1.0
Czechia,2023-W05,0.0,0.0,71.0,1.0
Czechia,2023-W06,0.0,0.0,71.0,1.0
Czechia,2023-W07,0.0,0.0,71.0,1.0
Czechia,2023-W08,0.0,0.0,71.0,1.0
Czechia,2023-W09,0.0,0.0,71.0,1.0
Czechia,2023-W10,0.0,0.0,71.0,1.0
Czechia,2023-W11,0.0,0.0,71.0,1.0
Czechia,2023-W12,0.0,0.0,71.0,1.0
Czechia,2023-W13,0.0,0.0,71.0,1.0
Czechia,2023-W14,0.0,0.0,71.0,1.0
Czechia,2023-W15,0.0,0.0,71.0,1.0
Czechia,2023-W16,0.0,0.0,71.0,1.0
Czechia,2023-W17,0.0,0.0,71.0,1.0
Czechia,2023-W18,0.0,0.0,71.0,1.0
Czechia,2023-W19,0.0,0.0,71.0,1.0
Czechia,2023-W20,0.0,0.0,71.0,1.0
Czechia,2023-W21,0.0,0.0,71.0,1.0
Czechia,2023-W22,0.0,0.0,71.0,1.0
Czechia,2023-W23,0.0,0.0,71.0,1.0
Czechia,2023-W24,0.0,0.0,71.0,1.0
Czechia,2023-W25,0.0,0.0,71.0,1.0
Czechia,2023-W26,0.0,0.0,71.0,1.0
Czechia,2023-W27,0.0,0.0,71.0,1.0
Czechia,2023-W28,0.0,0.0,71.0,1.0
Czechia,2023-W29,0.0,0.0,71.0,1.0
Czechia,2023-W30,0.0,0.0,71.0,1.0
Czechia,2023-W31,0.0,0.0,71.0,1.0
Czechia,2023-W32,0.0,0.0,71.0,1.0
Czechia,2023-W33,0.0,0.0,71.0,1.0
Czechia,2023-W34,0.0,0.0,71.0,1.0
Czechia,2023-W35,0.0,0.0,71.0,1.0
Czechia,2023-W36,0.0,0.0,71.0,1.0
Czechia,2023-W37,0.0,0.0,71.0,1.0
Czechia,2023-W38,0.0,0.0,71.0,1.0
Czechia,2023-W39,0.0,0.0,71.0,1.0
Czechia,2023-W40,0.0,0.0,71.0,1.0
Czechia,2023-W41,0.0,0.0,71.0,1.0
Czechia,2023-W42,0.0,0.0,71.0,1.0
Czechia,2023-W43,0.0,0.0,71.0,1.0
Czechia,2023-W44,0.0,0.0,71.0,1.0
Czechia,2023-W45,0.0,0.0,71.0,1.0
Czechia,2023-W46,0.0,0.0,71.0,1.0
Czechia,2023-W47,0.0,0.0,71.0,1.0
Czechia,2023-W48,0.0,0.0,71.0,1.0
Czechia,2023-W49,0.0,0.0,71.0,1.0
Czechia,2023-W50,0.0,0.0,71.0,1.0
Czechia,2023-W51,0.0,0.0,71.0,1.0
Czechia,2023-W52,0.0,0.0,71.0,1.0
Czechia,2024-W01,0.0,0.0,71.0,1.0
Czechia,2024-W02,0.0,0.0,71.0,1.0
Czechia,2024-W03,0.0,0.0,71.0,1.0
Czechia,2024-W04,0.0,0.0,71.0,1.0
Czechia,2024-W05,1.0,0.0,72.0,1.0
Czechia,2024-W06,0.0,0.0,72.0,1.0
Czechia,2024-W07,0.0,0.0,72.0,1.0
Czechia,2024-W08,0.0,0.0,72.0,1.0
Czechia,2024-W09,6.0,0.0,78.0,1.0
Czechia,2024-W10,0.0,0.0,78.0,1.0
Czechia,2024-W11,0.0,0.0,78.0,1.0
Czechia,2024-W12,0.0,0.0,78.0,1.0
Czechia,2024-W13,0.0,0.0,78.0,1.0
Czechia,2024-W14,0.0,0.0,78.0,1.0
Czechia,2024-W15,0.0,0.0,78.0,1.0
Czechia,2024-W16,0.0,0.0,78.0,1.0
Czechia,2024-W17,0.0,0.0,78.0,1.0
Czechia,2024-W18,3.0,0.0,81.0,1.0
Czechia,2024-W19,0.0,0.0,81.0,1.0
Czechia,2024-W20,0.0,0.0,81.0,1.0
Czechia,2024-W21,0.0,0.0,81.0,1.0
Czechia,2024-W22,1.0,0.0,82.0,1.0
Czechia,2024-W23,0.0,0.0,82.0,1.0
Czechia,2024-W24,0.0,0.0,82.0,1.0
Czechia,2024-W25,0.0,0.0,82.0,1.0
Czechia,2024-W26,0.0,0.0,82.0,1.0
Czechia,2024-W27,0.0,0.0,82.0,1.0
Czechia,2024-W28,0.0,0.0,82.0,1.0
Czechia,2024-W29,0.0,0.0,82.0,1.0
Czechia,2024-W30,0.0,0.0,82.0,1.0
Czechia,2024-W31,0.0,0.0,82.0,1.0
Czechia,2024-W32,0.0,0.0,82.0,1.0
Czechia,2024-W33,0.0,0.0,82.0,1.0
Czechia,2024-W34,0.0,0.0,82.0,1.0
Czechia,2024-W35,3.0,0.0,85.0,1.0
Czechia,2024-W36,0.0,0.0,85.0,1.0
Czechia,2024-W37,0.0,0.0,85.0,1.0
Czechia,2024-W38,0.0,0.0,85.0,1.0
Czechia,2024-W39,0.0,0.0,85.0,1.0
Czechia,2024-W40,2.0,0.0,87.0,1.0
Czechia,2024-W41,0.0,0.0,87.0,1.0
Czechia,2024-W42,0.0,0.0,87.0,1.0
Czechia,2024-W43,0.0,0.0,87.0,1.0
Czechia,2024-W44,3.0,0.0,90.0,1.0
Czechia,2024-W45,0.0,0.0,90.0,1.0
Czechia,2024-W46,0.0,0.0,90.0,1.0
Czechia,2024-W47,0.0,0.0,90.0,1.0
Czechia,2024-W48,2.0,0.0,92.0,1.0
Czechia,2024-W49,0.0,0.0,92.0,1.0
Czechia,2024-W50,0.0,0.0,92.0,1.0
Czechia,2024-W51,0.0,0.0,92.0,1.0
Czechia,2024-W52,0.0,0.0,92.0,1.0
Czechia,2025-W01,2.0,0.0,94.0,1.0
Czechia,2025-W02,6.0,0.0,100.0,1.0
Czechia,2025-W03,0.0,0.0,100.0,1.0
Czechia,2025-W04,0.0,0.0,100.0,1.0
Czechia,2025-W05,0.0,0.0,100.0,1.0
Czechia,2025-W06,0.0,0.0,100.0,1.0
Czechia,2025-W07,0.0,0.0,100.0,1.0
Czechia,2025-W08,0.0,0.0,100.0,1.0
Czechia,2025-W09,1.0,0.0,101.0,1.0
Czechia,2025-W10,0.0,0.0,101.0,1.0
Czechia,2025-W11,0.0,0.0,101.0,1.0
Czechia,2025-W12,0.0,0.0,101.0,1.0
Czechia,2025-W13,0.0,0.0,101.0,1.0
Czechia,2025-W14,0.0,0.0,101.0,1.0
Czechia,2025-W15,0.0,0.0,101.0,1.0
Czechia,2025-W16,0.0,0.0,101.0,1.0
Czechia,2025-W17,0.0,0.0,101.0,1.0
Czechia,2025-W18,2.0,0.0,103.0,1.0
Czechia,2025-W19,0.0,0.0,103.0,1.0
Czechia,2025-W20,3.0,0.0,106.0,1.0
Czechia,2025-W21,0.0,0.0,106.0,1.0
Czechia,2025-W22,0.0,0.0,106.0,1.0
Czechia,2025-W23,0.0,0.0,106.0,1.0
Czechia,2025-W24,2.0,0.0,108.0,1.0
Czechia,2025-W25,0.0,0.0,108.0,1.0
Czechia,2025-W26,0.0,0.0,108.0,1.0
Czechia,2025-W27,0.0,0.0,108.0,1.0
Czechia,2025-W28,0.0,0.0,108.0,1.0
Czechia,2025-W29,0.0,0.0,108.0,1.0
Czechia,2025-W30,0.0,0.0,108.0,1.0
Czechia,2025-W31,0.0,0.0,108.0,1.0
Czechia,2025-W32,0.0,0.0,108.0,1.0
Czechia,2025-W33,1.0,0.0,109.0,1.0
Czechia,2025-W34,0.0,0.0,109.0,1.0
Czechia,2025-W35,0.0,0.0,109.0,1.0
Czechia,2025-W36,0.0,0.0,109.0,1.0
Czechia,2025-W37,0.0,0.0,109.0,1.0
Czechia,2025-W38,0.0,0.0,109.0,1.0
Czechia,2025-W39,0.0,0.0,109.0,1.0
Czechia,2025-W40,0.0,0.0,109.0,1.0
Czechia,2025-W41,0.0,0.0,109.0,1.0
Czechia,2025-W42,0.0,0.0,109.0,1.0
Czechia,2025-W43,0.0,0.0,109.0,1.0
Czechia,2025-W44,0.0,0.0,109.0,1.0
Czechia,2025-W45,0.0,0.0,109.0,1.0
Czechia,2025-W46,0.0,0.0,109.0,1.0
Czechia,2025-W47,0.0,0.0,109.0,1.0
Czechia,2025-W48,0.0,0.0,109.0,1.0
Czechia,2025-W49,0.0,0.0,109.0,1.0
Czechia,2025-W50,0.0,0.0,109.0,1.0
Czechia,2025-W51,0.0,0.0,109.0,1.0
Czechia,2025-W52,0.0,0.0,109.0,1.0
Democratic Republic of Congo,2023-W01,1.0,0.0,1.0,0.0
Democratic Republic of Congo,2023-W02,1.0,0.0,2.0,0.0
Democratic Republic of Congo,2023-W03,4.0,0.0,6.0,0.0
Democratic Republic of Congo,2023-W04,1.0,0.0,7.0,0.0
Democratic Republic of Congo,2023-W05,0.0,0.0,7.0,0.0
Democratic Republic of Congo,2023-W06,0.0,0.0,7.0,0.0
Democratic Republic of Congo,2023-W07,0.0,0.0,7.0,0.0
Democratic Republic of Congo,2023-W08,0.0,0.0,7.0,0.0
Democratic Republic of Congo,2023-W09,0.0,0.0,7.0,0.0
Democratic Republic of Congo,2023-W10,0.0,0.0,7.0,0.0
Democratic Republic of Congo,2023-W11,0.0,0.0,7.0,0.0
Democratic Republic of Congo,2023-W12,1.0,0.0,8.0,0.0
Democratic Republic of Congo,2023-W13,1.0,0.0,9.0,0.0
Democratic Republic of Congo,2023-W14,0.0,0.0,9.0,0.0
Democratic Republic of Congo,2023-W15,0.0,0.0,9.0,0.0
Democratic Republic of Congo,2023-W16,0.0,0.0,9.0,0.0
Democratic Republic of Congo,2023-W17,0.0,0.0,9.0,0.0
Democratic Republic of Congo,2023-W18,0.0,1.0,9.0,1.0
Democratic Republic of Congo,2023-W19,0.0,1.0,9.0,2.0
Democratic Republic of Congo,2023-W20,0.0,0.0,9.0,2.0
Democratic Republic of Congo,2023-W21,0.0,0.0,9.0,2.0
Democratic Republic of Congo,2023-W22,0.0,0.0,9.0,2.0
Democratic Republic of Congo,2023-W23,0.0,0.0,9.0,2.0
Democratic Republic of Congo,2023-W24,0.0,0.0,9.0,2.0
Democratic Republic of Congo,2023-W25,0.0,0.0,9.0,2.0
Democratic Republic of Congo,2023-W26,0.0,0.0,9.0,2.0
Democratic Republic of Congo,2023-W27,0.0,0.0,9.0,2.0
Democratic Republic of Congo,2023-W28,6.0,0.0,15.0,2.0
Democratic Republic of Congo,2023-W29,0.0,0.0,15.0,2.0
Democratic Republic of Congo,2023-W30,0.0,0.0,15.0,2.0
Democratic Republic of Congo,2023-W31,0.0,0.0,15.0,2.0
Democratic Republic of Congo,2023-W32,1.0,0.0,16.0,2.0
Democratic Republic of Congo,2023-W33,1.0,0.0,17.0,2.0
Democratic Republic of Congo,2023-W34,2.0,0.0,19.0,2.0
Democratic Republic of Congo,2023-W35,0.0,0.0,19.0,2.0
Democratic Republic of Congo,2023-W36,0.0,0.0,19.0,2.0
Democratic Republic of Congo,2023-W37,1.0,0.0,20.0,2.0
Democratic Republic of Congo,2023-W38,0.0,0.0,20.0,2.0
Democratic Republic of Congo,2023-W39,1.0,0.0,21.0,2.0
Democratic Republic of Congo,2023-W40,8.0,0.0,29.0,2.0
Democratic Republic of Congo,2023-W41,14.0,0.0,43.0,2.0
Democratic Republic of Congo,2023-W42,19.0,0.0,62.0,2.0
Democratic Republic of Congo,2023-W43,30.0,0.0,92.0,2.0
Democratic Republic of Congo,2023-W44,15.0,0.0,107.0,2.0
Democratic Republic of Congo,2023-W45,40.0,0.0,147.0,2.0
Democratic Republic of Congo,2023-W46,27.0,0.0,174.0,2.0
Democratic Republic of Congo,2023-W47,30.0,0.0,204.0,2.0
Democratic Republic of Congo,2023-W48,18.0,0.0,222.0,2.0
Democratic Republic of Congo,2023-W49,14.0,0.0,236.0,2.0
Democratic Republic of Congo,2023-W50,9.0,0.0,245.0,2.0
Democratic Republic of Congo,2023-W51,34.0,0.0,279.0,2.0
Democratic Republic of Congo,2023-W52,34.0,0.0,313.0,2.0
Democratic Republic of Congo,2024-W01,28.0,0.0,341.0,2.0
Democratic Republic of Congo,2024-W02,37.0,1.0,378.0,3.0
Democratic Republic of Congo,2024-W03,59.0,0.0,437.0,3.0
Democratic Republic of Congo,2024-W04,92.0,0.0,529.0,3.0
Democratic Republic of Congo,2024-W05,45.0,0.0,574.0,3.0
Democratic Republic of Congo,2024-W06,72.0,0.0,646.0,3.0
Democratic Republic of Congo,2024-W07,53.0,0.0,699.0,3.0
Democratic Republic of Congo,2024-W08,52.0,0.0,751.0,3.0
Democratic Republic of Congo,2024-W09,70.0,1.0,821.0,4.0
Democratic Republic of Congo,2024-W10,54.0,0.0,875.0,4.0
Democratic Republic of Congo,2024-W11,45.0,0.0,920.0,4.0
Democratic Republic of Congo,2024-W12,66.0,0.0,986.0,4.0
Democratic Republic of Congo,2024-W13,48.0,0.0,1034.0,4.0
Democratic Republic of Congo,2024-W14,69.0,1.0,1103.0,5.0
Democratic Republic of Congo,2024-W15,100.0,0.0,1203.0,5.0
Democratic Republic of Congo,2024-W16,86.0,0.0,1289.0,5.0
Democratic Republic of Congo,2024-W17,83.0,1.0,1372.0,6.0
Democratic Republic of Congo,2024-W18,190.0,0.0,1562.0,6.0
Democratic Republic of Congo,2024-W19,159.0,0.0,1721.0,6.0
Democratic Republic of Congo,2024-W20,158.0,0.0,1879.0,6.0
Democratic Republic of Congo,2024-W21,120.0,0.0,1999.0,6.0
Democratic Republic of Congo,2024-W22,113.0,1.0,2112.0,7.0
Democratic Republic of Congo,2024-W23,172.0,0.0,2284.0,7.0
Democratic Republic of Congo,2024-W24,224.0,2.0,2508.0,9.0
Democratic Republic of Congo,2024-W25,161.0,0.0,2669.0,9.0
Democratic Republic of Congo,2024-W26,205.0,2.0,2874.0,11.0
Democratic Republic of Congo,2024-W27,263.0,0.0,3137.0,11.0
Democratic Republic of Congo,2024-W28,318.0,1.0,3455.0,12.0
Democratic Republic of Congo,2024-W29,412.0,3.0,3867.0,15.0
Democratic Republic of Congo,2024-W30,283.0,4.0,4150.0,19.0
Democratic Republic of Congo,2024-W31,150.0,1.0,4300.0,20.0
Democratic Republic of Congo,2024-W32,159.0,2.0,4459.0,22.0
Democratic Republic of Congo,2024-W33,196.0,1.0,4655.0,23.0
Democratic Republic of Congo,2024-W34,205.0,0.0,4860.0,23.0
Democratic Republic of Congo,2024-W35,259.0,0.0,5119.0,23.0
Democratic Republic of Congo,2024-W36,379.0,1.0,5498.0,24.0
Democratic Republic of Congo,2024-W37,241.0,0.0,5739.0,24.0
Democratic Republic of Congo,2024-W38,360.0,0.0,6099.0,24.0
Democratic Republic of Congo,2024-W39,327.0,0.0,6426.0,24.0
Democratic Republic of Congo,2024-W40,303.0,0.0,6729.0,24.0
Democratic Republic of Congo,2024-W41,281.0,0.0,7010.0,24.0
Democratic Republic of Congo,2024-W42,388.0,1.0,7398.0,25.0
Democratic Republic of Congo,2024-W43,284.0,0.0,7682.0,25.0
Democratic Republic of Congo,2024-W44,247.0,0.0,7929.0,25.0
Democratic Republic of Congo,2024-W45,516.0,0.0,8445.0,25.0
Democratic Republic of Congo,2024-W46,483.0,1.0,8928.0,26.0
Democratic Republic of Congo,2024-W47,368.0,0.0,9296.0,26.0
Democratic Republic of Congo,2024-W48,432.0,1.0,9728.0,27.0
Democratic Republic of Congo,2024-W49,444.0,1.0,10172.0,28.0
Democratic Republic of Congo,2024-W50,318.0,0.0,10490.0,28.0
Democratic Republic of Congo,2024-W51,272.0,0.0,10762.0,28.0
Democratic Republic of Congo,2024-W52,230.0,1.0,10992.0,29.0
Democratic Republic of Congo,2025-W01,576.0,1.0,11568.0,30.0
Democratic Republic of Congo,2025-W02,867.0,3.0,12435.0,33.0
Democratic Republic of Congo,2025-W03,661.0,4.0,13096.0,37.0
Democratic Republic of Congo,2025-W04,551.0,2.0,13647.0,39.0
Democratic Republic of Congo,2025-W05,465.0,4.0,14112.0,43.0
Democratic Republic of Congo,2025-W06,556.0,5.0,14668.0,48.0
Democratic Republic of Congo,2025-W07,473.0,4.0,15141.0,52.0
Democratic Republic of Congo,2025-W08,549.0,0.0,15690.0,52.0
Democratic Republic of Congo,2025-W09,489.0,0.0,16179.0,52.0
Democratic Republic of Congo,2025-W10,556.0,0.0,16735.0,52.0
Democratic Republic of Congo,2025-W11,608.0,0.0,17343.0,52.0
Democratic Republic of Congo,2025-W12,506.0,5.0,17849.0,57.0
Democratic Republic of Congo,2025-W13,387.0,0.0,18236.0,57.0
Democratic Republic of Congo,2025-W14,464.0,3.0,18700.0,60.0
Democratic Republic of Congo,2025-W15,506.0,0.0,19206.0,60.0
Democratic Republic of Congo,2025-W16,676.0,0.0,19882.0,60.0
Democratic Republic of Congo,2025-W17,805.0,0.0,20687.0,60.0
Democratic Republic of Congo,2025-W18,703.0,0.0,21390.0,60.0
Democratic Republic of Congo,2025-W19,688.0,0.0,22078.0,60.0
Democratic Republic of Congo,2025-W20,558.0,0.0,22636.0,60.0
Democratic Republic of Congo,2025-W21,938.0,3.0,23574.0,63.0
Democratic Republic of Congo,2025-W22,738.0,0.0,24312.0,63.0
Democratic Republic of Congo,2025-W23,623.0,1.0,24935.0,64.0
Democratic Republic of Congo,2025-W24,515.0,1.0,25450.0,65.0
Democratic Republic of Congo,2025-W25,416.0,0.0,25866.0,65.0
Democratic Republic of Congo,2025-W26,372.0,1.0,26238.0,66.0
Democratic Republic of Congo,2025-W27,393.0,0.0,26631.0,66.0
Democratic Republic of Congo,2025-W28,337.0,1.0,26968.0,67.0
Democratic Republic of Congo,2025-W29,374.0,0.0,27342.0,67.0
Democratic Republic of Congo,2025-W30,425.0,1.0,27767.0,68.0
Democratic Republic of Congo,2025-W31,360.0,0.0,28127.0,68.0
Democratic Republic of Congo,2025-W32,384.0,0.0,28511.0,68.0
Democratic Republic of Congo,2025-W33,261.0,1.0,28772.0,69.0
Democratic Republic of Congo,2025-W34,328.0,2.0,29100.0,71.0
Democratic Republic of Congo,2025-W35,383.0,4.0,29483.0,75.0
Democratic Republic of Congo,2025-W36,382.0,0.0,29865.0,75.0
Democratic Republic of Congo,2025-W37,510.0,0.0,30375.0,75.0
Democratic Republic of Congo,2025-W38,308.0,0.0,30683.0,75.0
Democratic Republic of Congo,2025-W39,373.0,1.0,31056.0,76.0
Democratic Republic of Congo,2025-W40,184.0,0.0,31240.0,76.0
Democratic Republic of Congo,2025-W41,263.0,1.0,31503.0,77.0
Democratic Republic of Congo,2025-W42,147.0,0.0,31650.0,77.0
Democratic Republic of Congo,2025-W43,233.0,0.0,31883.0,77.0
Democratic Republic of Congo,2025-W44,109.0,0.0,31992.0,77.0
Democratic Republic of Congo,2025-W45,86.0,0.0,32078.0,77.0
Democratic Republic of Congo,2025-W46,72.0,0.0,32150.0,77.0
Democratic Republic of Congo,2025-W47,107.0,0.0,32257.0,77.0
Democratic Republic of Congo,2025-W48,135.0,0.0,32392.0,77.0
Democratic Republic of Congo,2025-W49,120.0,0.0,32512.0,77.0
Democratic Republic of Congo,2025-W50,99.0,0.0,32611.0,77.0
Democratic Republic of Congo,2025-W51,126.0,0.0,32737.0,77.0
Democratic Republic of Congo,2025-W52,27.0,0.0,32764.0,77.0
Denmark,2022-W21,2.0,0.0,2.0,0.0
Denmark,2022-W22,0.0,0.0,2.0,0.0
Denmark,2022-W23,1.0,0.0,3.0,0.0
Denmark,2022-W24,5.0,0.0,8.0,0.0
Denmark,2022-W25,5.0,0.0,13.0,0.0
Denmark,2022-W26,7.0,0.0,20.0,0.0
Denmark,2022-W27,8.0,0.0,28.0,0.0
Denmark,2022-W28,5.0,0.0,33.0,0.0
Denmark,2022-W29,18.0,0.0,51.0,0.0
Denmark,2022-W30,30.0,0.0,81.0,0.0
Denmark,2022-W31,27.0,0.0,108.0,0.0
Denmark,2022-W32,33.0,0.0,141.0,0.0
Denmark,2022-W33,17.0,0.0,158.0,0.0
Denmark,2022-W34,13.0,0.0,171.0,0.0
Denmark,2022-W35,6.0,0.0,177.0,0.0
Denmark,2022-W36,4.0,0.0,181.0,0.0
Denmark,2022-W37,2.0,0.0,183.0,0.0
Denmark,2022-W38,0.0,0.0,183.0,0.0
Denmark,2022-W39,2.0,0.0,185.0,0.0
Denmark,2022-W40,2.0,0.0,187.0,0.0
Denmark,2022-W41,2.0,0.0,189.0,0.0
Denmark,2022-W42,2.0,0.0,191.0,0.0
Denmark,2022-W43,0.0,0.0,191.0,0.0
Denmark,2022-W44,0.0,0.0,191.0,0.0
Denmark,2022-W45,0.0,0.0,191.0,0.0
Denmark,2022-W46,0.0,0.0,191.0,0.0
Denmark,2022-W47,0.0,0.0,191.0,0.0
Denmark,2022-W48,0.0,0.0,191.0,0.0
Denmark,2022-W49,0.0,0.0,191.0,0.0
Denmark,2022-W50,1.0,0.0,192.0,0.0
Denmark,2022-W51,0.0,0.0,192.0,0.0
Denmark,2022-W52,0.0,0.0,192.0,0.0
Denmark,2023-W01,0.0,0.0,192.0,0.0
Denmark,2023-W02,0.0,0.0,192.0,0.0
Denmark,2023-W03,0.0,0.0,192.0,0.0
Denmark,2023-W04,2.0,0.0,194.0,0.0
Denmark,2023-W05,2.0,0.0,196.0,0.0
Denmark,2023-W06,0.0,0.0,196.0,0.0
Denmark,2023-W07,0.0,0.0,196.0,0.0
Denmark,2023-W08,0.0,0.0,196.0,0.0
Denmark,2023-W09,0.0,0.0,196.0,0.0
Denmark,2023-W10,0.0,0.0,196.0,0.0
Denmark,2023-W11,0.0,0.0,196.0,0.0
Denmark,2023-W12,0.0,0.0,196.0,0.0
Denmark,2023-W13,0.0,0.0,196.0,0.0
Denmark,2023-W14,0.0,0.0,196.0,0.0
Denmark,2023-W15,0.0,0.0,196.0,0.0
Denmark,2023-W16,0.0,0.0,196.0,0.0
Denmark,2023-W17,0.0,0.0,196.0,0.0
Denmark,2023-W18,0.0,0.0,196.0,0.0
Denmark,2023-W19,0.0,0.0,196.0,0.0
Denmark,2023-W20,0.0,0.0,196.0,0.0
Denmark,2023-W21,0.0,0.0,196.0,0.0
Denmark,2023-W22,0.0,0.0,196.0,0.0
Denmark,2023-W23,0.0,0.0,196.0,0.0
Denmark,2023-W24,0.0,0.0,196.0,0.0
Denmark,2023-W25,0.0,0.0,196.0,0.0
Denmark,2023-W26,0.0,0.0,196.0,0.0
Denmark,2023-W27,0.0,0.0,196.0,0.0
Denmark,2023-W28,0.0,0.0,196.0,0.0
Denmark,2023-W29,0.0,0.0,196.0,0.0
Denmark,2023-W30,0.0,0.0,196.0,0.0
Denmark,2023-W31,0.0,0.0,196.0,0.0
Denmark,2023-W32,0.0,0.0,196.0,0.0
Denmark,2023-W33,0.0,0.0,196.0,0.0
Denmark,2023-W34,0.0,0.0,196.0,0.0
Denmark,2023-W35,0.0,0.0,196.0,0.0
Denmark,2023-W36,0.0,0.0,196.0,0.0
Denmark,2023-W37,0.0,0.0,196.0,0.0
Denmark,2023-W38,2.0,0.0,198.0,0.0
Denmark,2023-W39,0.0,0.0,198.0,0.0
Denmark,2023-W40,0.0,0.0,198.0,0.0
Denmark,2023-W41,0.0,0.0,198.0,0.0
Denmark,2023-W42,0.0,0.0,198.0,0.0
Denmark,2023-W43,0.0,0.0,198.0,0.0
Denmark,2023-W44,0.0,0.0,198.0,0.0
Denmark,2023-W45,0.0,0.0,198.0,0.0
Denmark,2023-W46,0.0,0.0,198.0,0.0
Denmark,2023-W47,0.0,0.0,198.0,0.0
Denmark,2023-W48,0.0,0.0,198.0,0.0
Denmark,2023-W49,0.0,0.0,198.0,0.0
Denmark,2023-W50,0.0,0.0,198.0,0.0
Denmark,2023-W51,0.0,0.0,198.0,0.0
Denmark,2023-W52,0.0,0.0,198.0,0.0
Denmark,2024-W01,0.0,0.0,198.0,0.0
Denmark,2024-W02,0.0,0.0,198.0,0.0
Denmark,2024-W03,0.0,0.0,198.0,0.0
Denmark,2024-W04,0.0,0.0,198.0,0.0
Denmark,2024-W05,0.0,0.0,198.0,0.0
Denmark,2024-W06,0.0,0.0,198.0,0.0
Denmark,2024-W07,0.0,0.0,198.0,0.0
Denmark,2024-W08,0.0,0.0,198.0,0.0
Denmark,2024-W09,0.0,0.0,198.0,0.0
Denmark,2024-W10,0.0,0.0,198.0,0.0
Denmark,2024-W11,0.0,0.0,198.0,0.0
Denmark,2024-W12,0.0,0.0,198.0,0.0
Denmark,2024-W13,0.0,0.0,198.0,0.0
Denmark,2024-W14,0.0,0.0,198.0,0.0
Denmark,2024-W15,0.0,0.0,198.0,0.0
Denmark,2024-W16,0.0,0.0,198.0,0.0
Denmark,2024-W17,0.0,0.0,198.0,0.0
Denmark,2024-W18,0.0,0.0,198.0,0.0
Denmark,2024-W19,0.0,0.0,198.0,0.0
Denmark,2024-W20,0.0,0.0,198.0,0.0
Denmark,2024-W21,0.0,0.0,198.0,0.0
Denmark,2024-W22,0.0,0.0,198.0,0.0
Denmark,2024-W23,0.0,0.0,198.0,0.0
Denmark,2024-W24,0.0,0.0,198.0,0.0
Denmark,2024-W25,0.0,0.0,198.0,0.0
Denmark,2024-W26,0.0,0.0,198.0,0.0
Denmark,2024-W27,0.0,0.0,198.0,0.0
Denmark,2024-W28,0.0,0.0,198.0,0.0
Denmark,2024-W29,0.0,0.0,198.0,0.0
Denmark,2024-W30,0.0,0.0,198.0,0.0
Denmark,2024-W31,5.0,0.0,203.0,0.0
Denmark,2024-W32,0.0,0.0,203.0,0.0
Denmark,2024-W33,0.0,0.0,203.0,0.0
Denmark,2024-W34,0.0,0.0,203.0,0.0
Denmark,2024-W35,1.0,0.0,204.0,0.0
Denmark,2024-W36,0.0,0.0,204.0,0.0
Denmark,2024-W37,0.0,0.0,204.0,0.0
Denmark,2024-W38,0.0,0.0,204.0,0.0
Denmark,2024-W39,0.0,0.0,204.0,0.0
Denmark,2024-W40,5.0,0.0,209.0,0.0
Denmark,2024-W41,0.0,0.0,209.0,0.0
Denmark,2024-W42,0.0,0.0,209.0,0.0
Denmark,2024-W43,0.0,0.0,209.0,0.0
Denmark,2024-W44,0.0,0.0,209.0,0.0
Denmark,2024-W45,0.0,0.0,209.0,0.0
Denmark,2024-W46,0.0,0.0,209.0,0.0
Denmark,2024-W47,0.0,0.0,209.0,0.0
Denmark,2024-W48,0.0,0.0,209.0,0.0
Denmark,2024-W49,0.0,0.0,209.0,0.0
Denmark,2024-W50,0.0,0.0,209.0,0.0
Denmark,2024-W51,0.0,0.0,209.0,0.0
Denmark,2024-W52,0.0,0.0,209.0,0.0
Denmark,2025-W01,2.0,0.0,211.0,0.0
Denmark,2025-W02,5.0,0.0,216.0,0.0
Denmark,2025-W03,0.0,0.0,216.0,0.0
Denmark,2025-W04,0.0,0.0,216.0,0.0
Denmark,2025-W05,0.0,0.0,216.0,0.0
Denmark,2025-W06,0.0,0.0,216.0,0.0
Denmark,2025-W07,0.0,0.0,216.0,0.0
Denmark,2025-W08,0.0,0.0,216.0,0.0
Denmark,2025-W09,0.0,0.0,216.0,0.0
Denmark,2025-W10,0.0,0.0,216.0,0.0
Denmark,2025-W11,0.0,0.0,216.0,0.0
Denmark,2025-W12,0.0,0.0,216.0,0.0
Denmark,2025-W13,0.0,0.0,216.0,0.0
Denmark,2025-W14,6.0,0.0,222.0,0.0
Denmark,2025-W15,0.0,0.0,222.0,0.0
Denmark,2025-W16,0.0,0.0,222.0,0.0
Denmark,2025-W17,0.0,0.0,222.0,0.0
Denmark,2025-W18,0.0,0.0,222.0,0.0
Denmark,2025-W19,0.0,0.0,222.0,0.0
Denmark,2025-W20,0.0,0.0,222.0,0.0
Denmark,2025-W21,0.0,0.0,222.0,0.0
Denmark,2025-W22,0.0,0.0,222.0,0.0
Denmark,2025-W23,0.0,0.0,222.0,0.0
Denmark,2025-W24,6.0,0.0,228.0,0.0
Denmark,2025-W25,0.0,0.0,228.0,0.0
Denmark,2025-W26,0.0,0.0,228.0,0.0
Denmark,2025-W27,0.0,0.0,228.0,0.0
Denmark,2025-W28,0.0,0.0,228.0,0.0
Denmark,2025-W29,0.0,0.0,228.0,0.0
Denmark,2025-W30,0.0,0.0,228.0,0.0
Denmark,2025-W31,0.0,0.0,228.0,0.0
Denmark,2025-W32,0.0,0.0,228.0,0.0
Denmark,2025-W33,1.0,0.0,229.0,0.0
Denmark,2025-W34,0.0,0.0,229.0,0.0
Denmark,2025-W35,0.0,0.0,229.0,0.0
Denmark,2025-W36,0.0,0.0,229.0,0.0
Denmark,2025-W37,0.0,0.0,229.0,0.0
Denmark,2025-W38,0.0,0.0,229.0,0.0
Denmark,2025-W39,0.0,0.0,229.0,0.0
Denmark,2025-W40,0.0,0.0,229.0,0.0
Denmark,2025-W41,0.0,0.0,229.0,0.0
Denmark,2025-W42,0.0,0.0,229.0,0.0
Denmark,2025-W43,0.0,0.0,229.0,0.0
Denmark,2025-W44,0.0,0.0,229.0,0.0
Denmark,2025-W45,0.0,0.0,229.0,0.0
Denmark,2025-W46,18.0,0.0,247.0,0.0
Denmark,2025-W47,0.0,0.0,247.0,0.0
Denmark,2025-W48,0.0,0.0,247.0,0.0
Denmark,2025-W49,0.0,0.0,247.0,0.0
Denmark,2025-W50,0.0,0.0,247.0,0.0
Denmark,2025-W51,0.0,0.0,247.0,0.0
Denmark,2025-W52,0.0,0.0,247.0,0.0
Dominican Republic,2022-W26,1.0,0.0,1.0,0.0
Dominican Republic,2022-W27,0.0,0.0,1.0,0.0
Dominican Republic,2022-W28,2.0,0.0,3.0,0.0
Dominican Republic,2022-W29,0.0,0.0,3.0,0.0
Dominican Republic,2022-W30,0.0,0.0,3.0,0.0
Dominican Republic,2022-W31,3.0,0.0,6.0,0.0
Dominican Republic,2022-W32,2.0,0.0,8.0,0.0
Dominican Republic,2022-W33,8.0,1.0,16.0,1.0
Dominican Republic,2022-W34,9.0,0.0,25.0,1.0
Dominican Republic,2022-W35,16.0,0.0,41.0,1.0
Dominican Republic,2022-W36,9.0,0.0,50.0,1.0
Dominican Republic,2022-W37,1.0,0.0,51.0,1.0
Dominican Republic,2022-W38,2.0,0.0,53.0,1.0
Dominican Republic,2022-W39,1.0,0.0,54.0,1.0
Dominican Republic,2022-W40,0.0,0.0,54.0,1.0
Dominican Republic,2022-W41,3.0,0.0,57.0,1.0
Dominican Republic,2022-W42,1.0,0.0,58.0,1.0
Dominican Republic,2022-W43,1.0,0.0,59.0,1.0
Dominican Republic,2022-W44,0.0,0.0,59.0,1.0
Dominican Republic,2022-W45,0.0,0.0,59.0,1.0
Dominican Republic,2022-W46,1.0,0.0,60.0,1.0
Dominican Republic,2022-W47,1.0,0.0,61.0,1.0
Dominican Republic,2022-W48,0.0,0.0,61.0,1.0
Dominican Republic,2022-W49,1.0,0.0,62.0,1.0
Dominican Republic,2022-W50,1.0,0.0,63.0,1.0
Dominican Republic,2022-W51,0.0,0.0,63.0,1.0
Dominican Republic,2022-W52,2.0,0.0,65.0,1.0
Dominican Republic,2023-W01,0.0,0.0,65.0,1.0
Dominican Republic,2023-W02,1.0,0.0,66.0,1.0
Dominican Republic,2023-W03,3.0,0.0,69.0,1.0
Dominican Republic,2023-W04,1.0,0.0,70.0,1.0
Dominican Republic,2023-W05,1.0,0.0,71.0,1.0
Dominican Republic,2023-W06,0.0,0.0,71.0,1.0
Dominican Republic,2023-W07,0.0,0.0,71.0,1.0
Dominican Republic,2023-W08,0.0,0.0,71.0,1.0
Dominican Republic,2023-W09,0.0,0.0,71.0,1.0
Dominican Republic,2023-W10,2.0,0.0,73.0,1.0
Dominican Republic,2023-W11,1.0,0.0,74.0,1.0
Dominican Republic,2023-W12,1.0,0.0,75.0,1.0
Dominican Republic,2023-W13,0.0,0.0,75.0,1.0
Dominican Republic,2023-W14,0.0,0.0,75.0,1.0
Dominican Republic,2023-W15,0.0,0.0,75.0,1.0
Dominican Republic,2023-W16,0.0,0.0,75.0,1.0
Dominican Republic,2023-W17,0.0,0.0,75.0,1.0
Dominican Republic,2023-W18,0.0,0.0,75.0,1.0
Dominican Republic,2023-W19,0.0,0.0,75.0,1.0
Dominican Republic,2023-W20,0.0,0.0,75.0,1.0
Dominican Republic,2023-W21,0.0,0.0,75.0,1.0
Dominican Republic,2023-W22,0.0,0.0,75.0,1.0
Dominican Republic,2023-W23,0.0,0.0,75.0,1.0
Dominican Republic,2023-W24,0.0,0.0,75.0,1.0
Dominican Republic,2023-W25,0.0,0.0,75.0,1.0
Dominican Republic,2023-W26,0.0,0.0,75.0,1.0
Dominican Republic,2023-W27,0.0,0.0,75.0,1.0
Dominican Republic,2023-W28,0.0,0.0,75.0,1.0
Dominican Republic,2023-W29,0.0,0.0,75.0,1.0
Dominican Republic,2023-W30,0.0,0.0,75.0,1.0
Dominican Republic,2023-W31,0.0,0.0,75.0,1.0
Dominican Republic,2023-W32,0.0,0.0,75.0,1.0
Dominican Republic,2023-W33,0.0,0.0,75.0,1.0
Dominican Republic,2023-W34,0.0,0.0,75.0,1.0
Dominican Republic,2023-W35,0.0,0.0,75.0,1.0
Dominican Republic,2023-W36,0.0,0.0,75.0,1.0
Dominican Republic,2023-W37,0.0,0.0,75.0,1.0
Dominican Republic,2023-W38,0.0,0.0,75.0,1.0
Dominican Republic,2023-W39,0.0,0.0,75.0,1.0
Dominican Republic,2023-W40,0.0,0.0,75.0,1.0
Dominican Republic,2023-W41,0.0,0.0,75.0,1.0
Dominican Republic,2023-W42,0.0,0.0,75.0,1.0
Dominican Republic,2023-W43,0.0,0.0,75.0,1.0
Dominican Republic,2023-W44,0.0,0.0,75.0,1.0
Dominican Republic,2023-W45,0.0,0.0,75.0,1.0
Dominican Republic,2023-W46,0.0,0.0,75.0,1.0
Dominican Republic,2023-W47,0.0,0.0,75.0,1.0
Dominican Republic,2023-W48,0.0,0.0,75.0,1.0
Dominican Republic,2023-W49,0.0,0.0,75.0,1.0
Dominican Republic,2023-W50,0.0,0.0,75.0,1.0
Dominican Republic,2023-W51,0.0,0.0,75.0,1.0
Dominican Republic,2023-W52,0.0,0.0,75.0,1.0
Dominican Republic,2024-W01,0.0,0.0,75.0,1.0
Dominican Republic,2024-W02,0.0,0.0,75.0,1.0
Dominican Republic,2024-W03,0.0,0.0,75.0,1.0
Dominican Republic,2024-W04,0.0,0.0,75.0,1.0
Dominican Republic,2024-W05,0.0,0.0,75.0,1.0
Dominican Republic,2024-W06,0.0,0.0,75.0,1.0
Dominican Republic,2024-W07,0.0,0.0,75.0,1.0
Dominican Republic,2024-W08,2.0,0.0,77.0,1.0
Dominican Republic,2024-W09,2.0,0.0,79.0,1.0
Dominican Republic,2024-W10,0.0,0.0,79.0,1.0
Dominican Republic,2024-W11,1.0,0.0,80.0,1.0
Dominican Republic,2024-W12,1.0,0.0,81.0,1.0
Dominican Republic,2024-W13,0.0,0.0,81.0,1.0
Dominican Republic,2024-W14,0.0,0.0,81.0,1.0
Dominican Republic,2024-W15,0.0,0.0,81.0,1.0
Dominican Republic,2024-W16,1.0,0.0,82.0,1.0
Dominican Republic,2024-W17,1.0,0.0,83.0,1.0
Dominican Republic,2024-W18,0.0,0.0,83.0,1.0
Dominican Republic,2024-W19,0.0,0.0,83.0,1.0
Dominican Republic,2024-W20,0.0,0.0,83.0,1.0
Dominican Republic,2024-W21,0.0,0.0,83.0,1.0
Dominican Republic,2024-W22,0.0,0.0,83.0,1.0
Dominican Republic,2024-W23,0.0,0.0,83.0,1.0
Dominican Republic,2024-W24,0.0,0.0,83.0,1.0
Dominican Republic,2024-W25,0.0,0.0,83.0,1.0
Dominican Republic,2024-W26,0.0,0.0,83.0,1.0
Dominican Republic,2024-W27,0.0,0.0,83.0,1.0
Dominican Republic,2024-W28,0.0,0.0,83.0,1.0
Dominican Republic,2024-W29,0.0,0.0,83.0,1.0
Dominican Republic,2024-W30,0.0,0.0,83.0,1.0
Dominican Republic,2024-W31,0.0,0.0,83.0,1.0
Dominican Republic,2024-W32,0.0,0.0,83.0,1.0
Dominican Republic,2024-W33,0.0,0.0,83.0,1.0
Dominican Republic,2024-W34,0.0,0.0,83.0,1.0
Dominican Republic,2024-W35,0.0,0.0,83.0,1.0
Dominican Republic,2024-W36,0.0,0.0,83.0,1.0
Dominican Republic,2024-W37,0.0,0.0,83.0,1.0
Dominican Republic,2024-W38,0.0,0.0,83.0,1.0
Dominican Republic,2024-W39,0.0,0.0,83.0,1.0
Dominican Republic,2024-W40,0.0,0.0,83.0,1.0
Dominican Republic,2024-W41,0.0,0.0,83.0,1.0
Dominican Republic,2024-W42,0.0,0.0,83.0,1.0
Dominican Republic,2024-W43,0.0,0.0,83.0,1.0
Dominican Republic,2024-W44,0.0,0.0,83.0,1.0
Dominican Republic,2024-W45,0.0,0.0,83.0,1.0
Dominican Republic,2024-W46,0.0,0.0,83.0,1.0
Dominican Republic,2024-W47,0.0,0.0,83.0,1.0
Dominican Republic,2024-W48,0.0,0.0,83.0,1.0
Dominican Republic,2024-W49,0.0,0.0,83.0,1.0
Dominican Republic,2024-W50,0.0,0.0,83.0,1.0
Dominican Republic,2024-W51,0.0,0.0,83.0,1.0
Dominican Republic,2024-W52,0.0,0.0,83.0,1.0
Dominican Republic,2025-W01,0.0,0.0,83.0,1.0
Dominican Republic,2025-W02,0.0,0.0,83.0,1.0
Dominican Republic,2025-W03,0.0,0.0,83.0,1.0
Dominican Republic,2025-W04,0.0,0.0,83.0,1.0
Dominican Republic,2025-W05,0.0,0.0,83.0,1.0
Dominican Republic,2025-W06,0.0,0.0,83.0,1.0
Dominican Republic,2025-W07,0.0,0.0,83.0,1.0
Dominican Republic,2025-W08,0.0,0.0,83.0,1.0
Dominican Republic,2025-W09,0.0,0.0,83.0,1.0
Dominican Republic,2025-W10,0.0,0.0,83.0,1.0
Dominican Republic,2025-W11,0.0,0.0,83.0,1.0
Dominican Republic,2025-W12,0.0,0.0,83.0,1.0
Dominican Republic,2025-W13,0.0,0.0,83.0,1.0
Dominican Republic,2025-W14,0.0,0.0,83.0,1.0
Dominican Republic,2025-W15,0.0,0.0,83.0,1.0
Dominican Republic,2025-W16,0.0,0.0,83.0,1.0
Dominican Republic,2025-W17,0.0,0.0,83.0,1.0
Dominican Republic,2025-W18,0.0,0.0,83.0,1.0
Dominican Republic,2025-W19,0.0,0.0,83.0,1.0
Dominican Republic,2025-W20,0.0,0.0,83.0,1.0
Dominican Republic,2025-W21,0.0,0.0,83.0,1.0
Dominican Republic,2025-W22,0.0,0.0,83.0,1.0
Dominican Republic,2025-W23,0.0,0.0,83.0,1.0
Dominican Republic,2025-W24,0.0,0.0,83.0,1.0
Dominican Republic,2025-W25,0.0,0.0,83.0,1.0
Dominican Republic,2025-W26,0.0,0.0,83.0,1.0
Dominican Republic,2025-W27,0.0,0.0,83.0,1.0
Dominican Republic,2025-W28,0.0,0.0,83.0,1.0
Dominican Republic,2025-W29,0.0,0.0,83.0,1.0
Dominican Republic,2025-W30,0.0,0.0,83.0,1.0
Dominican Republic,2025-W31,0.0,0.0,83.0,1.0
Dominican Republic,2025-W32,0.0,0.0,83.0,1.0
Dominican Republic,2025-W33,0.0,0.0,83.0,1.0
Dominican Republic,2025-W34,0.0,0.0,83.0,1.0
Dominican Republic,2025-W35,0.0,0.0,83.0,1.0
Dominican Republic,2025-W36,0.0,0.0,83.0,1.0
Dominican Republic,2025-W37,0.0,0.0,83.0,1.0
Dominican Republic,2025-W38,0.0,0.0,83.0,1.0
Dominican Republic,2025-W39,0.0,0.0,83.0,1.0
Dominican Republic,2025-W40,0.0,0.0,83.0,1.0
Dominican Republic,2025-W41,0.0,0.0,83.0,1.0
Dominican Republic,2025-W42,0.0,0.0,83.0,1.0
Dominican Republic,2025-W43,0.0,0.0,83.0,1.0
Dominican Republic,2025-W44,0.0,0.0,83.0,1.0
Dominican Republic,2025-W45,0.0,0.0,83.0,1.0
Dominican Republic,2025-W46,0.0,0.0,83.0,1.0
Dominican Republic,2025-W47,0.0,0.0,83.0,1.0
Dominican Republic,2025-W48,0.0,0.0,83.0,1.0
Dominican Republic,2025-W49,0.0,0.0,83.0,1.0
Dominican Republic,2025-W50,0.0,0.0,83.0,1.0
Dominican Republic,2025-W51,0.0,0.0,83.0,1.0
Dominican Republic,2025-W52,0.0,0.0,83.0,1.0
Dominican Republic,2026-W01,0.0,0.0,83.0,1.0
Ecuador,2022-W23,1.0,0.0,1.0,0.0
Ecuador,2022-W24,0.0,0.0,1.0,0.0
Ecuador,2022-W25,0.0,0.0,1.0,0.0
Ecuador,2022-W26,0.0,0.0,1.0,0.0
Ecuador,2022-W27,2.0,0.0,3.0,0.0
Ecuador,2022-W28,2.0,0.0,5.0,0.0
Ecuador,2022-W29,2.0,0.0,7.0,0.0
Ecuador,2022-W30,7.0,1.0,14.0,1.0
Ecuador,2022-W31,8.0,0.0,22.0,1.0
Ecuador,2022-W32,12.0,0.0,34.0,1.0
Ecuador,2022-W33,16.0,0.0,50.0,1.0
Ecuador,2022-W34,11.0,0.0,61.0,1.0
Ecuador,2022-W35,15.0,0.0,76.0,1.0
Ecuador,2022-W36,22.0,0.0,98.0,1.0
Ecuador,2022-W37,24.0,0.0,122.0,1.0
Ecuador,2022-W38,33.0,1.0,155.0,2.0
Ecuador,2022-W39,30.0,0.0,185.0,2.0
Ecuador,2022-W40,38.0,0.0,223.0,2.0
Ecuador,2022-W41,33.0,0.0,256.0,2.0
Ecuador,2022-W42,34.0,0.0,290.0,2.0
Ecuador,2022-W43,31.0,0.0,321.0,2.0
Ecuador,2022-W44,28.0,0.0,349.0,2.0
Ecuador,2022-W45,33.0,0.0,382.0,2.0
Ecuador,2022-W46,11.0,0.0,393.0,2.0
Ecuador,2022-W47,18.0,0.0,411.0,2.0
Ecuador,2022-W48,14.0,0.0,425.0,2.0
Ecuador,2022-W49,17.0,0.0,442.0,2.0
Ecuador,2022-W50,8.0,0.0,450.0,2.0
Ecuador,2022-W51,12.0,0.0,462.0,2.0
Ecuador,2022-W52,3.0,0.0,465.0,2.0
Ecuador,2023-W01,7.0,0.0,472.0,2.0
Ecuador,2023-W02,16.0,0.0,488.0,2.0
Ecuador,2023-W03,21.0,0.0,509.0,2.0
Ecuador,2023-W04,9.0,0.0,518.0,2.0
Ecuador,2023-W05,6.0,0.0,524.0,2.0
Ecuador,2023-W06,2.0,0.0,526.0,2.0
Ecuador,2023-W07,9.0,0.0,535.0,2.0
Ecuador,2023-W08,6.0,0.0,541.0,2.0
Ecuador,2023-W09,6.0,0.0,547.0,2.0
Ecuador,2023-W10,1.0,0.0,548.0,2.0
Ecuador,2023-W11,0.0,0.0,548.0,2.0
Ecuador,2023-W12,5.0,0.0,553.0,2.0
Ecuador,2023-W13,0.0,0.0,553.0,2.0
Ecuador,2023-W14,3.0,0.0,556.0,2.0
Ecuador,2023-W15,1.0,0.0,557.0,2.0
Ecuador,2023-W16,1.0,0.0,558.0,2.0
Ecuador,2023-W17,0.0,0.0,558.0,2.0
Ecuador,2023-W18,2.0,0.0,560.0,2.0
Ecuador,2023-W19,2.0,0.0,562.0,2.0
Ecuador,2023-W20,1.0,0.0,563.0,2.0
Ecuador,2023-W21,1.0,0.0,564.0,2.0
Ecuador,2023-W22,0.0,0.0,564.0,2.0
Ecuador,2023-W23,4.0,0.0,568.0,2.0
Ecuador,2023-W24,4.0,0.0,572.0,2.0
Ecuador,2023-W25,3.0,0.0,575.0,2.0
Ecuador,2023-W26,5.0,0.0,580.0,2.0
Ecuador,2023-W27,2.0,0.0,582.0,2.0
Ecuador,2023-W28,0.0,0.0,582.0,2.0
Ecuador,2023-W29,0.0,0.0,582.0,2.0
Ecuador,2023-W30,1.0,0.0,583.0,2.0
Ecuador,2023-W31,0.0,0.0,583.0,2.0
Ecuador,2023-W32,0.0,0.0,583.0,2.0
Ecuador,2023-W33,0.0,0.0,583.0,2.0
Ecuador,2023-W34,0.0,0.0,583.0,2.0
Ecuador,2023-W35,0.0,0.0,583.0,2.0
Ecuador,2023-W36,0.0,0.0,583.0,2.0
Ecuador,2023-W37,0.0,0.0,583.0,2.0
Ecuador,2023-W38,0.0,0.0,583.0,2.0
Ecuador,2023-W39,0.0,0.0,583.0,2.0
Ecuador,2023-W40,0.0,0.0,583.0,2.0
Ecuador,2023-W41,1.0,0.0,584.0,2.0
Ecuador,2023-W42,0.0,0.0,584.0,2.0
Ecuador,2023-W43,1.0,0.0,585.0,2.0
Ecuador,2023-W44,0.0,0.0,585.0,2.0
Ecuador,2023-W45,0.0,0.0,585.0,2.0
Ecuador,2023-W46,0.0,0.0,585.0,2.0
Ecuador,2023-W47,0.0,0.0,585.0,2.0
Ecuador,2023-W48,1.0,0.0,586.0,2.0
Ecuador,2023-W49,1.0,0.0,587.0,2.0
Ecuador,2023-W50,0.0,0.0,587.0,2.0
Ecuador,2023-W51,2.0,0.0,589.0,2.0
Ecuador,2023-W52,8.0,0.0,597.0,2.0
Ecuador,2024-W01,0.0,0.0,597.0,2.0
Ecuador,2024-W02,0.0,0.0,597.0,2.0
Ecuador,2024-W03,0.0,0.0,597.0,2.0
Ecuador,2024-W04,0.0,0.0,597.0,2.0
Ecuador,2024-W05,0.0,0.0,597.0,2.0
Ecuador,2024-W06,1.0,0.0,598.0,2.0
Ecuador,2024-W07,0.0,0.0,598.0,2.0
Ecuador,2024-W08,0.0,0.0,598.0,2.0
Ecuador,2024-W09,0.0,0.0,598.0,2.0
Ecuador,2024-W10,0.0,0.0,598.0,2.0
Ecuador,2024-W11,1.0,0.0,599.0,2.0
Ecuador,2024-W12,0.0,0.0,599.0,2.0
Ecuador,2024-W13,0.0,0.0,599.0,2.0
Ecuador,2024-W14,0.0,0.0,599.0,2.0
Ecuador,2024-W15,0.0,0.0,599.0,2.0
Ecuador,2024-W16,0.0,0.0,599.0,2.0
Ecuador,2024-W17,1.0,0.0,600.0,2.0
Ecuador,2024-W18,0.0,0.0,600.0,2.0
Ecuador,2024-W19,1.0,0.0,601.0,2.0
Ecuador,2024-W20,0.0,0.0,601.0,2.0
Ecuador,2024-W21,0.0,0.0,601.0,2.0
Ecuador,2024-W22,0.0,0.0,601.0,2.0
Ecuador,2024-W23,0.0,0.0,601.0,2.0
Ecuador,2024-W24,0.0,0.0,601.0,2.0
Ecuador,2024-W25,0.0,0.0,601.0,2.0
Ecuador,2024-W26,0.0,1.0,601.0,3.0
Ecuador,2024-W27,0.0,0.0,601.0,3.0
Ecuador,2024-W28,0.0,0.0,601.0,3.0
Ecuador,2024-W29,0.0,0.0,601.0,3.0
Ecuador,2024-W30,0.0,0.0,601.0,3.0
Ecuador,2024-W31,1.0,0.0,602.0,3.0
Ecuador,2024-W32,1.0,0.0,603.0,3.0
Ecuador,2024-W33,1.0,0.0,604.0,3.0
Ecuador,2024-W34,1.0,0.0,605.0,3.0
Ecuador,2024-W35,5.0,0.0,610.0,3.0
Ecuador,2024-W36,0.0,0.0,610.0,3.0
Ecuador,2024-W37,3.0,0.0,613.0,3.0
Ecuador,2024-W38,4.0,0.0,617.0,3.0
Ecuador,2024-W39,3.0,0.0,620.0,3.0
Ecuador,2024-W40,1.0,0.0,621.0,3.0
Ecuador,2024-W41,0.0,0.0,621.0,3.0
Ecuador,2024-W42,0.0,0.0,621.0,3.0
Ecuador,2024-W43,1.0,0.0,622.0,3.0
Ecuador,2024-W44,4.0,0.0,626.0,3.0
Ecuador,2024-W45,2.0,0.0,628.0,3.0
Ecuador,2024-W46,0.0,0.0,628.0,3.0
Ecuador,2024-W47,0.0,0.0,628.0,3.0
Ecuador,2024-W48,0.0,0.0,628.0,3.0
Ecuador,2024-W49,0.0,0.0,628.0,3.0
Ecuador,2024-W50,0.0,0.0,628.0,3.0
Ecuador,2024-W51,0.0,0.0,628.0,3.0
Ecuador,2024-W52,0.0,0.0,628.0,3.0
Ecuador,2025-W01,0.0,0.0,628.0,3.0
Ecuador,2025-W02,0.0,0.0,628.0,3.0
Ecuador,2025-W03,0.0,0.0,628.0,3.0
Ecuador,2025-W04,1.0,0.0,629.0,3.0
Ecuador,2025-W05,0.0,0.0,629.0,3.0
Ecuador,2025-W06,0.0,0.0,629.0,3.0
Ecuador,2025-W07,0.0,0.0,629.0,3.0
Ecuador,2025-W08,0.0,0.0,629.0,3.0
Ecuador,2025-W09,0.0,0.0,629.0,3.0
Ecuador,2025-W10,0.0,0.0,629.0,3.0
Ecuador,2025-W11,0.0,0.0,629.0,3.0
Ecuador,2025-W12,0.0,0.0,629.0,3.0
Ecuador,2025-W13,0.0,0.0,629.0,3.0
Ecuador,2025-W14,0.0,0.0,629.0,3.0
Ecuador,2025-W15,0.0,0.0,629.0,3.0
Ecuador,2025-W16,0.0,0.0,629.0,3.0
Ecuador,2025-W17,0.0,0.0,629.0,3.0
Ecuador,2025-W18,0.0,0.0,629.0,3.0
Ecuador,2025-W19,0.0,0.0,629.0,3.0
Ecuador,2025-W20,0.0,0.0,629.0,3.0
Ecuador,2025-W21,0.0,0.0,629.0,3.0
Ecuador,2025-W22,0.0,0.0,629.0,3.0
Ecuador,2025-W23,0.0,0.0,629.0,3.0
Ecuador,2025-W24,0.0,0.0,629.0,3.0
Ecuador,2025-W25,0.0,0.0,629.0,3.0
Ecuador,2025-W26,0.0,0.0,629.0,3.0
Ecuador,2025-W27,0.0,0.0,629.0,3.0
Ecuador,2025-W28,0.0,0.0,629.0,3.0
Ecuador,2025-W29,0.0,0.0,629.0,3.0
Ecuador,2025-W30,0.0,0.0,629.0,3.0
Ecuador,2025-W31,0.0,0.0,629.0,3.0
Ecuador,2025-W32,0.0,0.0,629.0,3.0
Ecuador,2025-W33,0.0,0.0,629.0,3.0
Ecuador,2025-W34,0.0,0.0,629.0,3.0
Ecuador,2025-W35,0.0,0.0,629.0,3.0
Ecuador,2025-W36,0.0,0.0,629.0,3.0
Ecuador,2025-W37,0.0,0.0,629.0,3.0
Ecuador,2025-W38,0.0,0.0,629.0,3.0
Ecuador,2025-W39,0.0,0.0,629.0,3.0
Ecuador,2025-W40,0.0,0.0,629.0,3.0
Ecuador,2025-W41,0.0,0.0,629.0,3.0
Ecuador,2025-W42,0.0,0.0,629.0,3.0
Ecuador,2025-W43,0.0,0.0,629.0,3.0
Ecuador,2025-W44,0.0,0.0,629.0,3.0
Ecuador,2025-W45,0.0,0.0,629.0,3.0
Ecuador,2025-W46,0.0,0.0,629.0,3.0
Ecuador,2025-W47,0.0,0.0,629.0,3.0
Ecuador,2025-W48,0.0,0.0,629.0,3.0
Ecuador,2025-W49,0.0,0.0,629.0,3.0
Ecuador,2025-W50,0.0,0.0,629.0,3.0
Ecuador,2025-W51,0.0,0.0,629.0,3.0
Ecuador,2025-W52,0.0,0.0,629.0,3.0
Ecuador,2026-W01,0.0,0.0,629.0,3.0
Egypt,2022-W39,1.0,0.0,1.0,0.0
Egypt,2022-W40,0.0,0.0,1.0,0.0
Egypt,2022-W41,0.0,0.0,1.0,0.0
Egypt,2022-W42,0.0,0.0,1.0,0.0
Egypt,2022-W43,0.0,0.0,1.0,0.0
Egypt,2022-W44,0.0,0.0,1.0,0.0
Egypt,2022-W45,0.0,0.0,1.0,0.0
Egypt,2022-W46,0.0,0.0,1.0,0.0
Egypt,2022-W47,0.0,0.0,1.0,0.0
Egypt,2022-W48,0.0,0.0,1.0,0.0
Egypt,2022-W49,1.0,0.0,2.0,0.0
Egypt,2022-W50,1.0,0.0,3.0,0.0
Egypt,2022-W51,0.0,0.0,3.0,0.0
Egypt,2022-W52,0.0,0.0,3.0,0.0
Egypt,2023-W01,0.0,0.0,3.0,0.0
Egypt,2023-W02,0.0,0.0,3.0,0.0
Egypt,2023-W03,0.0,0.0,3.0,0.0
Egypt,2023-W04,0.0,0.0,3.0,0.0
Egypt,2023-W05,0.0,0.0,3.0,0.0
Egypt,2023-W06,0.0,0.0,3.0,0.0
Egypt,2023-W07,0.0,0.0,3.0,0.0
Egypt,2023-W08,0.0,0.0,3.0,0.0
Egypt,2023-W09,0.0,0.0,3.0,0.0
Egypt,2023-W10,0.0,0.0,3.0,0.0
Egypt,2023-W11,0.0,0.0,3.0,0.0
Egypt,2023-W12,0.0,0.0,3.0,0.0
Egypt,2023-W13,0.0,0.0,3.0,0.0
Egypt,2023-W14,0.0,0.0,3.0,0.0
Egypt,2023-W15,0.0,0.0,3.0,0.0
Egypt,2023-W16,0.0,0.0,3.0,0.0
Egypt,2023-W17,0.0,0.0,3.0,0.0
Egypt,2023-W18,0.0,0.0,3.0,0.0
Egypt,2023-W19,0.0,0.0,3.0,0.0
Egypt,2023-W20,0.0,0.0,3.0,0.0
Egypt,2023-W21,0.0,0.0,3.0,0.0
Egypt,2023-W22,0.0,0.0,3.0,0.0
Egypt,2023-W23,0.0,0.0,3.0,0.0
Egypt,2023-W24,0.0,0.0,3.0,0.0
Egypt,2023-W25,0.0,0.0,3.0,0.0
Egypt,2023-W26,0.0,0.0,3.0,0.0
Egypt,2023-W27,0.0,0.0,3.0,0.0
Egypt,2023-W28,0.0,0.0,3.0,0.0
Egypt,2023-W29,0.0,0.0,3.0,0.0
Egypt,2023-W30,0.0,0.0,3.0,0.0
Egypt,2023-W31,0.0,0.0,3.0,0.0
Egypt,2023-W32,0.0,0.0,3.0,0.0
Egypt,2023-W33,0.0,0.0,3.0,0.0
Egypt,2023-W34,0.0,0.0,3.0,0.0
Egypt,2023-W35,0.0,0.0,3.0,0.0
Egypt,2023-W36,0.0,0.0,3.0,0.0
Egypt,2023-W37,0.0,0.0,3.0,0.0
Egypt,2023-W38,0.0,0.0,3.0,0.0
Egypt,2023-W39,0.0,0.0,3.0,0.0
Egypt,2023-W40,0.0,0.0,3.0,0.0
Egypt,2023-W41,0.0,0.0,3.0,0.0
Egypt,2023-W42,0.0,0.0,3.0,0.0
Egypt,2023-W43,0.0,0.0,3.0,0.0
Egypt,2023-W44,0.0,0.0,3.0,0.0
Egypt,2023-W45,0.0,0.0,3.0,0.0
Egypt,2023-W46,0.0,0.0,3.0,0.0
Egypt,2023-W47,0.0,0.0,3.0,0.0
Egypt,2023-W48,0.0,0.0,3.0,0.0
Egypt,2023-W49,0.0,0.0,3.0,0.0
Egypt,2023-W50,0.0,0.0,3.0,0.0
Egypt,2023-W51,0.0,0.0,3.0,0.0
Egypt,2023-W52,0.0,0.0,3.0,0.0
Egypt,2024-W01,0.0,0.0,3.0,0.0
Egypt,2024-W02,0.0,0.0,3.0,0.0
Egypt,2024-W03,0.0,0.0,3.0,0.0
Egypt,2024-W04,0.0,0.0,3.0,0.0
Egypt,2024-W05,0.0,0.0,3.0,0.0
Egypt,2024-W06,0.0,0.0,3.0,0.0
Egypt,2024-W07,0.0,0.0,3.0,0.0
Egypt,2024-W08,0.0,0.0,3.0,0.0
Egypt,2024-W09,0.0,0.0,3.0,0.0
Egypt,2024-W10,0.0,0.0,3.0,0.0
Egypt,2024-W11,0.0,0.0,3.0,0.0
Egypt,2024-W12,0.0,0.0,3.0,0.0
Egypt,2024-W13,0.0,0.0,3.0,0.0
Egypt,2024-W14,0.0,0.0,3.0,0.0
Egypt,2024-W15,0.0,0.0,3.0,0.0
Egypt,2024-W16,0.0,0.0,3.0,0.0
Egypt,2024-W17,0.0,0.0,3.0,0.0
Egypt,2024-W18,0.0,0.0,3.0,0.0
Egypt,2024-W19,0.0,0.0,3.0,0.0
Egypt,2024-W20,0.0,0.0,3.0,0.0
Egypt,2024-W21,0.0,0.0,3.0,0.0
Egypt,2024-W22,0.0,0.0,3.0,0.0
Egypt,2024-W23,0.0,0.0,3.0,0.0
Egypt,2024-W24,0.0,0.0,3.0,0.0
Egypt,2024-W25,0.0,0.0,3.0,0.0
Egypt,2024-W26,0.0,0.0,3.0,0.0
Egypt,2024-W27,0.0,0.0,3.0,0.0
Egypt,2024-W28,0.0,0.0,3.0,0.0
Egypt,2024-W29,0.0,0.0,3.0,0.0
Egypt,2024-W30,0.0,0.0,3.0,0.0
Egypt,2024-W31,0.0,0.0,3.0,0.0
Egypt,2024-W32,0.0,0.0,3.0,0.0
Egypt,2024-W33,0.0,0.0,3.0,0.0
Egypt,2024-W34,0.0,0.0,3.0,0.0
Egypt,2024-W35,0.0,0.0,3.0,0.0
Egypt,2024-W36,0.0,0.0,3.0,0.0
Egypt,2024-W37,0.0,0.0,3.0,0.0
Egypt,2024-W38,0.0,0.0,3.0,0.0
Egypt,2024-W39,0.0,0.0,3.0,0.0
Egypt,2024-W40,0.0,0.0,3.0,0.0
Egypt,2024-W41,0.0,0.0,3.0,0.0
Egypt,2024-W42,0.0,0.0,3.0,0.0
Egypt,2024-W43,0.0,0.0,3.0,0.0
Egypt,2024-W44,0.0,0.0,3.0,0.0
Egypt,2024-W45,0.0,0.0,3.0,0.0
Egypt,2024-W46,0.0,0.0,3.0,0.0
Egypt,2024-W47,0.0,0.0,3.0,0.0
Egypt,2024-W48,0.0,0.0,3.0,0.0
Egypt,2024-W49,0.0,0.0,3.0,0.0
Egypt,2024-W50,0.0,0.0,3.0,0.0
Egypt,2024-W51,0.0,0.0,3.0,0.0
Egypt,2024-W52,0.0,0.0,3.0,0.0
Egypt,2025-W01,0.0,0.0,3.0,0.0
Egypt,2025-W02,0.0,0.0,3.0,0.0
Egypt,2025-W03,0.0,0.0,3.0,0.0
Egypt,2025-W04,0.0,0.0,3.0,0.0
Egypt,2025-W05,0.0,0.0,3.0,0.0
Egypt,2025-W06,0.0,0.0,3.0,0.0
Egypt,2025-W07,0.0,0.0,3.0,0.0
Egypt,2025-W08,0.0,0.0,3.0,0.0
Egypt,2025-W09,0.0,0.0,3.0,0.0
Egypt,2025-W10,0.0,0.0,3.0,0.0
Egypt,2025-W11,0.0,0.0,3.0,0.0
Egypt,2025-W12,0.0,0.0,3.0,0.0
Egypt,2025-W13,0.0,0.0,3.0,0.0
Egypt,2025-W14,0.0,0.0,3.0,0.0
Egypt,2025-W15,0.0,0.0,3.0,0.0
Egypt,2025-W16,0.0,0.0,3.0,0.0
Egypt,2025-W17,0.0,0.0,3.0,0.0
Egypt,2025-W18,0.0,0.0,3.0,0.0
Egypt,2025-W19,0.0,0.0,3.0,0.0
Egypt,2025-W20,0.0,0.0,3.0,0.0
Egypt,2025-W21,0.0,0.0,3.0,0.0
Egypt,2025-W22,0.0,0.0,3.0,0.0
Egypt,2025-W23,0.0,0.0,3.0,0.0
Egypt,2025-W24,0.0,0.0,3.0,0.0
Egypt,2025-W25,0.0,0.0,3.0,0.0
Egypt,2025-W26,0.0,0.0,3.0,0.0
Egypt,2025-W27,0.0,0.0,3.0,0.0
Egypt,2025-W28,0.0,0.0,3.0,0.0
Egypt,2025-W29,0.0,0.0,3.0,0.0
Egypt,2025-W30,0.0,0.0,3.0,0.0
Egypt,2025-W31,0.0,0.0,3.0,0.0
Egypt,2025-W32,0.0,0.0,3.0,0.0
Egypt,2025-W33,0.0,0.0,3.0,0.0
Egypt,2025-W34,0.0,0.0,3.0,0.0
Egypt,2025-W35,0.0,0.0,3.0,0.0
Egypt,2025-W36,0.0,0.0,3.0,0.0
Egypt,2025-W37,0.0,0.0,3.0,0.0
Egypt,2025-W38,1.0,0.0,4.0,0.0
El Salvador,2022-W35,1.0,0.0,1.0,0.0
El Salvador,2022-W36,0.0,0.0,1.0,0.0
El Salvador,2022-W37,3.0,0.0,4.0,0.0
El Salvador,2022-W38,2.0,0.0,6.0,0.0
El Salvador,2022-W39,1.0,0.0,7.0,0.0
El Salvador,2022-W40,3.0,0.0,10.0,0.0
El Salvador,2022-W41,0.0,0.0,10.0,0.0
El Salvador,2022-W42,3.0,0.0,13.0,0.0
El Salvador,2022-W43,3.0,0.0,16.0,0.0
El Salvador,2022-W44,1.0,0.0,17.0,0.0
El Salvador,2022-W45,3.0,0.0,20.0,0.0
El Salvador,2022-W46,3.0,0.0,23.0,0.0
El Salvador,2022-W47,15.0,0.0,38.0,0.0
El Salvador,2022-W48,12.0,0.0,50.0,0.0
El Salvador,2022-W49,11.0,0.0,61.0,0.0
El Salvador,2022-W50,6.0,0.0,67.0,0.0
El Salvador,2022-W51,8.0,0.0,75.0,0.0
El Salvador,2022-W52,7.0,0.0,82.0,0.0
El Salvador,2023-W01,3.0,0.0,85.0,0.0
El Salvador,2023-W02,3.0,0.0,88.0,0.0
El Salvador,2023-W03,4.0,0.0,92.0,0.0
El Salvador,2023-W04,2.0,0.0,94.0,0.0
El Salvador,2023-W05,3.0,0.0,97.0,0.0
El Salvador,2023-W06,3.0,0.0,100.0,0.0
El Salvador,2023-W07,1.0,0.0,101.0,0.0
El Salvador,2023-W08,2.0,0.0,103.0,0.0
El Salvador,2023-W09,1.0,0.0,104.0,0.0
El Salvador,2023-W10,0.0,0.0,104.0,0.0
El Salvador,2023-W11,0.0,0.0,104.0,0.0
El Salvador,2023-W12,0.0,0.0,104.0,0.0
El Salvador,2023-W13,0.0,0.0,104.0,0.0
El Salvador,2023-W14,0.0,0.0,104.0,0.0
El Salvador,2023-W15,0.0,0.0,104.0,0.0
El Salvador,2023-W16,0.0,0.0,104.0,0.0
El Salvador,2023-W17,0.0,0.0,104.0,0.0
El Salvador,2023-W18,0.0,0.0,104.0,0.0
El Salvador,2023-W19,0.0,0.0,104.0,0.0
El Salvador,2023-W20,1.0,0.0,105.0,0.0
El Salvador,2023-W21,0.0,0.0,105.0,0.0
El Salvador,2023-W22,0.0,0.0,105.0,0.0
El Salvador,2023-W23,0.0,0.0,105.0,0.0
El Salvador,2023-W24,0.0,0.0,105.0,0.0
El Salvador,2023-W25,0.0,0.0,105.0,0.0
El Salvador,2023-W26,0.0,0.0,105.0,0.0
El Salvador,2023-W27,0.0,0.0,105.0,0.0
El Salvador,2023-W28,0.0,0.0,105.0,0.0
El Salvador,2023-W29,0.0,0.0,105.0,0.0
El Salvador,2023-W30,0.0,0.0,105.0,0.0
El Salvador,2023-W31,1.0,0.0,106.0,0.0
El Salvador,2023-W32,0.0,0.0,106.0,0.0
El Salvador,2023-W33,0.0,0.0,106.0,0.0
El Salvador,2023-W34,0.0,0.0,106.0,0.0
El Salvador,2023-W35,0.0,0.0,106.0,0.0
El Salvador,2023-W36,0.0,0.0,106.0,0.0
El Salvador,2023-W37,0.0,0.0,106.0,0.0
El Salvador,2023-W38,0.0,0.0,106.0,0.0
El Salvador,2023-W39,0.0,0.0,106.0,0.0
El Salvador,2023-W40,0.0,0.0,106.0,0.0
El Salvador,2023-W41,0.0,0.0,106.0,0.0
El Salvador,2023-W42,0.0,0.0,106.0,0.0
El Salvador,2023-W43,0.0,0.0,106.0,0.0
El Salvador,2023-W44,0.0,0.0,106.0,0.0
El Salvador,2023-W45,0.0,0.0,106.0,0.0
El Salvador,2023-W46,0.0,0.0,106.0,0.0
El Salvador,2023-W47,0.0,0.0,106.0,0.0
El Salvador,2023-W48,0.0,0.0,106.0,0.0
El Salvador,2023-W49,0.0,0.0,106.0,0.0
El Salvador,2023-W50,0.0,0.0,106.0,0.0
El Salvador,2023-W51,0.0,0.0,106.0,0.0
El Salvador,2023-W52,0.0,0.0,106.0,0.0
El Salvador,2024-W01,0.0,0.0,106.0,0.0
El Salvador,2024-W02,0.0,0.0,106.0,0.0
El Salvador,2024-W03,0.0,0.0,106.0,0.0
El Salvador,2024-W04,0.0,0.0,106.0,0.0
El Salvador,2024-W05,0.0,0.0,106.0,0.0
El Salvador,2024-W06,0.0,0.0,106.0,0.0
El Salvador,2024-W07,0.0,0.0,106.0,0.0
El Salvador,2024-W08,0.0,0.0,106.0,0.0
El Salvador,2024-W09,0.0,0.0,106.0,0.0
El Salvador,2024-W10,0.0,0.0,106.0,0.0
El Salvador,2024-W11,0.0,0.0,106.0,0.0
El Salvador,2024-W12,0.0,0.0,106.0,0.0
El Salvador,2024-W13,0.0,0.0,106.0,0.0
El Salvador,2024-W14,0.0,0.0,106.0,0.0
El Salvador,2024-W15,0.0,0.0,106.0,0.0
El Salvador,2024-W16,0.0,0.0,106.0,0.0
El Salvador,2024-W17,0.0,0.0,106.0,0.0
El Salvador,2024-W18,0.0,0.0,106.0,0.0
El Salvador,2024-W19,0.0,0.0,106.0,0.0
El Salvador,2024-W20,0.0,0.0,106.0,0.0
El Salvador,2024-W21,0.0,0.0,106.0,0.0
El Salvador,2024-W22,0.0,0.0,106.0,0.0
El Salvador,2024-W23,0.0,0.0,106.0,0.0
El Salvador,2024-W24,0.0,0.0,106.0,0.0
El Salvador,2024-W25,0.0,0.0,106.0,0.0
El Salvador,2024-W26,0.0,0.0,106.0,0.0
El Salvador,2024-W27,0.0,0.0,106.0,0.0
El Salvador,2024-W28,0.0,0.0,106.0,0.0
El Salvador,2024-W29,0.0,0.0,106.0,0.0
El Salvador,2024-W30,0.0,0.0,106.0,0.0
El Salvador,2024-W31,0.0,0.0,106.0,0.0
El Salvador,2024-W32,0.0,0.0,106.0,0.0
El Salvador,2024-W33,0.0,0.0,106.0,0.0
El Salvador,2024-W34,0.0,0.0,106.0,0.0
El Salvador,2024-W35,0.0,0.0,106.0,0.0
El Salvador,2024-W36,0.0,0.0,106.0,0.0
El Salvador,2024-W37,0.0,0.0,106.0,0.0
El Salvador,2024-W38,0.0,0.0,106.0,0.0
El Salvador,2024-W39,0.0,0.0,106.0,0.0
El Salvador,2024-W40,0.0,0.0,106.0,0.0
El Salvador,2024-W41,0.0,0.0,106.0,0.0
El Salvador,2024-W42,0.0,0.0,106.0,0.0
El Salvador,2024-W43,0.0,0.0,106.0,0.0
El Salvador,2024-W44,0.0,0.0,106.0,0.0
El Salvador,2024-W45,0.0,0.0,106.0,0.0
El Salvador,2024-W46,0.0,0.0,106.0,0.0
El Salvador,2024-W47,0.0,0.0,106.0,0.0
El Salvador,2024-W48,0.0,0.0,106.0,0.0
El Salvador,2024-W49,0.0,0.0,106.0,0.0
El Salvador,2024-W50,0.0,0.0,106.0,0.0
El Salvador,2024-W51,0.0,0.0,106.0,0.0
El Salvador,2024-W52,0.0,0.0,106.0,0.0
El Salvador,2025-W01,0.0,0.0,106.0,0.0
El Salvador,2025-W02,0.0,0.0,106.0,0.0
El Salvador,2025-W03,0.0,0.0,106.0,0.0
El Salvador,2025-W04,0.0,0.0,106.0,0.0
El Salvador,2025-W05,0.0,0.0,106.0,0.0
El Salvador,2025-W06,0.0,0.0,106.0,0.0
El Salvador,2025-W07,0.0,0.0,106.0,0.0
El Salvador,2025-W08,0.0,0.0,106.0,0.0
El Salvador,2025-W09,0.0,0.0,106.0,0.0
El Salvador,2025-W10,0.0,0.0,106.0,0.0
El Salvador,2025-W11,0.0,0.0,106.0,0.0
El Salvador,2025-W12,0.0,0.0,106.0,0.0
El Salvador,2025-W13,0.0,0.0,106.0,0.0
El Salvador,2025-W14,0.0,0.0,106.0,0.0
El Salvador,2025-W15,0.0,0.0,106.0,0.0
El Salvador,2025-W16,0.0,0.0,106.0,0.0
El Salvador,2025-W17,0.0,0.0,106.0,0.0
El Salvador,2025-W18,0.0,0.0,106.0,0.0
El Salvador,2025-W19,0.0,0.0,106.0,0.0
El Salvador,2025-W20,0.0,0.0,106.0,0.0
El Salvador,2025-W21,0.0,0.0,106.0,0.0
El Salvador,2025-W22,0.0,0.0,106.0,0.0
El Salvador,2025-W23,0.0,0.0,106.0,0.0
El Salvador,2025-W24,0.0,0.0,106.0,0.0
El Salvador,2025-W25,0.0,0.0,106.0,0.0
El Salvador,2025-W26,0.0,0.0,106.0,0.0
El Salvador,2025-W27,0.0,0.0,106.0,0.0
El Salvador,2025-W28,0.0,0.0,106.0,0.0
El Salvador,2025-W29,0.0,0.0,106.0,0.0
El Salvador,2025-W30,0.0,0.0,106.0,0.0
El Salvador,2025-W31,0.0,0.0,106.0,0.0
El Salvador,2025-W32,0.0,0.0,106.0,0.0
El Salvador,2025-W33,0.0,0.0,106.0,0.0
El Salvador,2025-W34,0.0,0.0,106.0,0.0
El Salvador,2025-W35,0.0,0.0,106.0,0.0
El Salvador,2025-W36,0.0,0.0,106.0,0.0
El Salvador,2025-W37,0.0,0.0,106.0,0.0
El Salvador,2025-W38,0.0,0.0,106.0,0.0
El Salvador,2025-W39,0.0,0.0,106.0,0.0
El Salvador,2025-W40,0.0,0.0,106.0,0.0
El Salvador,2025-W41,0.0,0.0,106.0,0.0
El Salvador,2025-W42,0.0,0.0,106.0,0.0
El Salvador,2025-W43,0.0,0.0,106.0,0.0
El Salvador,2025-W44,0.0,0.0,106.0,0.0
El Salvador,2025-W45,0.0,0.0,106.0,0.0
El Salvador,2025-W46,0.0,0.0,106.0,0.0
El Salvador,2025-W47,0.0,0.0,106.0,0.0
El Salvador,2025-W48,0.0,0.0,106.0,0.0
El Salvador,2025-W49,0.0,0.0,106.0,0.0
El Salvador,2025-W50,0.0,0.0,106.0,0.0
El Salvador,2025-W51,0.0,0.0,106.0,0.0
El Salvador,2025-W52,0.0,0.0,106.0,0.0
El Salvador,2026-W01,0.0,0.0,106.0,0.0
Estonia,2022-W26,1.0,0.0,1.0,0.0
Estonia,2022-W27,1.0,0.0,2.0,0.0
Estonia,2022-W28,0.0,0.0,2.0,0.0
Estonia,2022-W29,2.0,0.0,4.0,0.0
Estonia,2022-W30,1.0,0.0,5.0,0.0
Estonia,2022-W31,4.0,0.0,9.0,0.0
Estonia,2022-W32,0.0,0.0,9.0,0.0
Estonia,2022-W33,0.0,0.0,9.0,0.0
Estonia,2022-W34,1.0,0.0,10.0,0.0
Estonia,2022-W35,0.0,0.0,10.0,0.0
Estonia,2022-W36,0.0,0.0,10.0,0.0
Estonia,2022-W37,1.0,0.0,11.0,0.0
Estonia,2022-W38,0.0,0.0,11.0,0.0
Estonia,2022-W39,0.0,0.0,11.0,0.0
Estonia,2022-W40,0.0,0.0,11.0,0.0
Estonia,2022-W41,0.0,0.0,11.0,0.0
Estonia,2022-W42,0.0,0.0,11.0,0.0
Estonia,2022-W43,0.0,0.0,11.0,0.0
Estonia,2022-W44,0.0,0.0,11.0,0.0
Estonia,2022-W45,0.0,0.0,11.0,0.0
Estonia,2022-W46,0.0,0.0,11.0,0.0
Estonia,2022-W47,0.0,0.0,11.0,0.0
Estonia,2022-W48,0.0,0.0,11.0,0.0
Estonia,2022-W49,0.0,0.0,11.0,0.0
Estonia,2022-W50,0.0,0.0,11.0,0.0
Estonia,2022-W51,0.0,0.0,11.0,0.0
Estonia,2022-W52,0.0,0.0,11.0,0.0
Estonia,2023-W01,0.0,0.0,11.0,0.0
Estonia,2023-W02,0.0,0.0,11.0,0.0
Estonia,2023-W03,0.0,0.0,11.0,0.0
Estonia,2023-W04,0.0,0.0,11.0,0.0
Estonia,2023-W05,0.0,0.0,11.0,0.0
Estonia,2023-W06,0.0,0.0,11.0,0.0
Estonia,2023-W07,0.0,0.0,11.0,0.0
Estonia,2023-W08,0.0,0.0,11.0,0.0
Estonia,2023-W09,0.0,0.0,11.0,0.0
Estonia,2023-W10,0.0,0.0,11.0,0.0
Estonia,2023-W11,0.0,0.0,11.0,0.0
Estonia,2023-W12,0.0,0.0,11.0,0.0
Estonia,2023-W13,0.0,0.0,11.0,0.0
Estonia,2023-W14,0.0,0.0,11.0,0.0
Estonia,2023-W15,0.0,0.0,11.0,0.0
Estonia,2023-W16,0.0,0.0,11.0,0.0
Estonia,2023-W17,0.0,0.0,11.0,0.0
Estonia,2023-W18,0.0,0.0,11.0,0.0
Estonia,2023-W19,0.0,0.0,11.0,0.0
Estonia,2023-W20,0.0,0.0,11.0,0.0
Estonia,2023-W21,0.0,0.0,11.0,0.0
Estonia,2023-W22,0.0,0.0,11.0,0.0
Estonia,2023-W23,0.0,0.0,11.0,0.0
Estonia,2023-W24,0.0,0.0,11.0,0.0
Estonia,2023-W25,0.0,0.0,11.0,0.0
Estonia,2023-W26,0.0,0.0,11.0,0.0
Estonia,2023-W27,0.0,0.0,11.0,0.0
Estonia,2023-W28,0.0,0.0,11.0,0.0
Estonia,2023-W29,0.0,0.0,11.0,0.0
Estonia,2023-W30,0.0,0.0,11.0,0.0
Estonia,2023-W31,0.0,0.0,11.0,0.0
Estonia,2023-W32,0.0,0.0,11.0,0.0
Estonia,2023-W33,0.0,0.0,11.0,0.0
Estonia,2023-W34,0.0,0.0,11.0,0.0
Estonia,2023-W35,0.0,0.0,11.0,0.0
Estonia,2023-W36,0.0,0.0,11.0,0.0
Estonia,2023-W37,0.0,0.0,11.0,0.0
Estonia,2023-W38,0.0,0.0,11.0,0.0
Estonia,2023-W39,0.0,0.0,11.0,0.0
Estonia,2023-W40,0.0,0.0,11.0,0.0
Estonia,2023-W41,0.0,0.0,11.0,0.0
Estonia,2023-W42,0.0,0.0,11.0,0.0
Estonia,2023-W43,0.0,0.0,11.0,0.0
Estonia,2023-W44,0.0,0.0,11.0,0.0
Estonia,2023-W45,0.0,0.0,11.0,0.0
Estonia,2023-W46,0.0,0.0,11.0,0.0
Estonia,2023-W47,0.0,0.0,11.0,0.0
Estonia,2023-W48,0.0,0.0,11.0,0.0
Estonia,2023-W49,0.0,0.0,11.0,0.0
Estonia,2023-W50,0.0,0.0,11.0,0.0
Estonia,2023-W51,0.0,0.0,11.0,0.0
Estonia,2023-W52,0.0,0.0,11.0,0.0
Estonia,2024-W01,0.0,0.0,11.0,0.0
Estonia,2024-W02,0.0,0.0,11.0,0.0
Estonia,2024-W03,0.0,0.0,11.0,0.0
Estonia,2024-W04,0.0,0.0,11.0,0.0
Estonia,2024-W05,0.0,0.0,11.0,0.0
Estonia,2024-W06,0.0,0.0,11.0,0.0
Estonia,2024-W07,0.0,0.0,11.0,0.0
Estonia,2024-W08,0.0,0.0,11.0,0.0
Estonia,2024-W09,0.0,0.0,11.0,0.0
Estonia,2024-W10,0.0,0.0,11.0,0.0
Estonia,2024-W11,0.0,0.0,11.0,0.0
Estonia,2024-W12,0.0,0.0,11.0,0.0
Estonia,2024-W13,0.0,0.0,11.0,0.0
Estonia,2024-W14,0.0,0.0,11.0,0.0
Estonia,2024-W15,0.0,0.0,11.0,0.0
Estonia,2024-W16,0.0,0.0,11.0,0.0
Estonia,2024-W17,0.0,0.0,11.0,0.0
Estonia,2024-W18,0.0,0.0,11.0,0.0
Estonia,2024-W19,0.0,0.0,11.0,0.0
Estonia,2024-W20,0.0,0.0,11.0,0.0
Estonia,2024-W21,0.0,0.0,11.0,0.0
Estonia,2024-W22,0.0,0.0,11.0,0.0
Estonia,2024-W23,0.0,0.0,11.0,0.0
Estonia,2024-W24,0.0,0.0,11.0,0.0
Estonia,2024-W25,0.0,0.0,11.0,0.0
Estonia,2024-W26,0.0,0.0,11.0,0.0
Estonia,2024-W27,0.0,0.0,11.0,0.0
Estonia,2024-W28,0.0,0.0,11.0,0.0
Estonia,2024-W29,0.0,0.0,11.0,0.0
Estonia,2024-W30,0.0,0.0,11.0,0.0
Estonia,2024-W31,0.0,0.0,11.0,0.0
Estonia,2024-W32,0.0,0.0,11.0,0.0
Estonia,2024-W33,0.0,0.0,11.0,0.0
Estonia,2024-W34,0.0,0.0,11.0,0.0
Estonia,2024-W35,0.0,0.0,11.0,0.0
Estonia,2024-W36,0.0,0.0,11.0,0.0
Estonia,2024-W37,0.0,0.0,11.0,0.0
Estonia,2024-W38,0.0,0.0,11.0,0.0
Estonia,2024-W39,0.0,0.0,11.0,0.0
Estonia,2024-W40,0.0,0.0,11.0,0.0
Estonia,2024-W41,0.0,0.0,11.0,0.0
Estonia,2024-W42,0.0,0.0,11.0,0.0
Estonia,2024-W43,0.0,0.0,11.0,0.0
Estonia,2024-W44,0.0,0.0,11.0,0.0
Estonia,2024-W45,0.0,0.0,11.0,0.0
Estonia,2024-W46,0.0,0.0,11.0,0.0
Estonia,2024-W47,0.0,0.0,11.0,0.0
Estonia,2024-W48,0.0,0.0,11.0,0.0
Estonia,2024-W49,0.0,0.0,11.0,0.0
Estonia,2024-W50,0.0,0.0,11.0,0.0
Estonia,2024-W51,0.0,0.0,11.0,0.0
Estonia,2024-W52,0.0,0.0,11.0,0.0
Estonia,2025-W01,0.0,0.0,11.0,0.0
Estonia,2025-W02,0.0,0.0,11.0,0.0
Estonia,2025-W03,0.0,0.0,11.0,0.0
Estonia,2025-W04,0.0,0.0,11.0,0.0
Estonia,2025-W05,0.0,0.0,11.0,0.0
Estonia,2025-W06,0.0,0.0,11.0,0.0
Estonia,2025-W07,0.0,0.0,11.0,0.0
Estonia,2025-W08,0.0,0.0,11.0,0.0
Estonia,2025-W09,0.0,0.0,11.0,0.0
Estonia,2025-W10,0.0,0.0,11.0,0.0
Estonia,2025-W11,0.0,0.0,11.0,0.0
Estonia,2025-W12,0.0,0.0,11.0,0.0
Estonia,2025-W13,0.0,0.0,11.0,0.0
Estonia,2025-W14,0.0,0.0,11.0,0.0
Estonia,2025-W15,0.0,0.0,11.0,0.0
Estonia,2025-W16,0.0,0.0,11.0,0.0
Estonia,2025-W17,0.0,0.0,11.0,0.0
Estonia,2025-W18,0.0,0.0,11.0,0.0
Estonia,2025-W19,0.0,0.0,11.0,0.0
Estonia,2025-W20,0.0,0.0,11.0,0.0
Estonia,2025-W21,0.0,0.0,11.0,0.0
Estonia,2025-W22,0.0,0.0,11.0,0.0
Estonia,2025-W23,0.0,0.0,11.0,0.0
Estonia,2025-W24,0.0,0.0,11.0,0.0
Estonia,2025-W25,0.0,0.0,11.0,0.0
Estonia,2025-W26,0.0,0.0,11.0,0.0
Estonia,2025-W27,0.0,0.0,11.0,0.0
Estonia,2025-W28,0.0,0.0,11.0,0.0
Estonia,2025-W29,0.0,0.0,11.0,0.0
Estonia,2025-W30,0.0,0.0,11.0,0.0
Estonia,2025-W31,0.0,0.0,11.0,0.0
Estonia,2025-W32,0.0,0.0,11.0,0.0
Estonia,2025-W33,0.0,0.0,11.0,0.0
Estonia,2025-W34,0.0,0.0,11.0,0.0
Estonia,2025-W35,0.0,0.0,11.0,0.0
Estonia,2025-W36,0.0,0.0,11.0,0.0
Estonia,2025-W37,0.0,0.0,11.0,0.0
Estonia,2025-W38,0.0,0.0,11.0,0.0
Estonia,2025-W39,0.0,0.0,11.0,0.0
Estonia,2025-W40,0.0,0.0,11.0,0.0
Estonia,2025-W41,0.0,0.0,11.0,0.0
Estonia,2025-W42,0.0,0.0,11.0,0.0
Estonia,2025-W43,0.0,0.0,11.0,0.0
Estonia,2025-W44,0.0,0.0,11.0,0.0
Estonia,2025-W45,0.0,0.0,11.0,0.0
Estonia,2025-W46,0.0,0.0,11.0,0.0
Estonia,2025-W47,0.0,0.0,11.0,0.0
Estonia,2025-W48,0.0,0.0,11.0,0.0
Estonia,2025-W49,0.0,0.0,11.0,0.0
Estonia,2025-W50,0.0,0.0,11.0,0.0
Estonia,2025-W51,0.0,0.0,11.0,0.0
Estonia,2025-W52,0.0,0.0,11.0,0.0
Ethiopia,2025-W20,16.0,0.0,16.0,0.0
Ethiopia,2025-W21,2.0,0.0,18.0,0.0
Ethiopia,2025-W22,4.0,1.0,22.0,1.0
Ethiopia,2025-W23,12.0,0.0,34.0,1.0
Ethiopia,2025-W24,1.0,0.0,35.0,1.0
Ethiopia,2025-W25,3.0,0.0,38.0,1.0
Ethiopia,2025-W26,3.0,0.0,41.0,1.0
Ethiopia,2025-W27,1.0,0.0,42.0,1.0
Ethiopia,2025-W28,1.0,0.0,43.0,1.0
Ethiopia,2025-W29,0.0,0.0,43.0,1.0
Ethiopia,2025-W30,1.0,0.0,44.0,1.0
Ethiopia,2025-W31,0.0,0.0,44.0,1.0
Ethiopia,2025-W32,2.0,0.0,46.0,1.0
Ethiopia,2025-W33,1.0,0.0,47.0,1.0
Ethiopia,2025-W34,1.0,0.0,48.0,1.0
Ethiopia,2025-W35,0.0,0.0,48.0,1.0
Ethiopia,2025-W36,0.0,0.0,48.0,1.0
Ethiopia,2025-W37,0.0,0.0,48.0,1.0
Ethiopia,2025-W38,0.0,0.0,48.0,1.0
Ethiopia,2025-W39,0.0,0.0,48.0,1.0
Ethiopia,2025-W40,0.0,0.0,48.0,1.0
Ethiopia,2025-W41,0.0,0.0,48.0,1.0
Europe,2022-W18,1.0,0.0,1.0,0.0
Europe,2022-W19,2.0,0.0,3.0,0.0
Europe,2022-W20,120.0,0.0,123.0,0.0
Europe,2022-W21,183.0,0.0,306.0,0.0
Europe,2022-W22,483.0,0.0,789.0,0.0
Europe,2022-W23,463.0,0.0,1252.0,0.0
Europe,2022-W24,961.0,0.0,2213.0,0.0
Europe,2022-W25,1398.0,0.0,3611.0,0.0
Europe,2022-W26,1327.0,0.0,4938.0,0.0
Europe,2022-W27,2636.0,0.0,7574.0,0.0
Europe,2022-W28,1504.0,0.0,9078.0,0.0
Europe,2022-W29,2680.0,0.0,11758.0,0.0
Europe,2022-W30,2166.0,0.0,13924.0,0.0
Europe,2022-W31,2409.0,2.0,16333.0,2.0
Europe,2022-W32,2707.0,0.0,19040.0,2.0
Europe,2022-W33,949.0,0.0,19989.0,2.0
Europe,2022-W34,1858.0,0.0,21847.0,2.0
Europe,2022-W35,830.0,1.0,22677.0,3.0
Europe,2022-W36,701.0,0.0,23378.0,3.0
Europe,2022-W37,406.0,0.0,23784.0,3.0
Europe,2022-W38,353.0,1.0,24137.0,4.0
Europe,2022-W39,339.0,0.0,24476.0,4.0
Europe,2022-W40,162.0,0.0,24638.0,4.0
Europe,2022-W41,128.0,0.0,24766.0,4.0
Europe,2022-W42,158.0,0.0,24924.0,4.0
Europe,2022-W43,97.0,0.0,25021.0,4.0
Europe,2022-W44,49.0,0.0,25070.0,4.0
Europe,2022-W45,83.0,0.0,25153.0,4.0
Europe,2022-W46,46.0,1.0,25199.0,5.0
Europe,2022-W47,38.0,0.0,25237.0,5.0
Europe,2022-W48,36.0,0.0,25273.0,5.0
Europe,2022-W49,30.0,0.0,25303.0,5.0
Europe,2022-W50,25.0,0.0,25328.0,5.0
Europe,2022-W51,93.0,0.0,25421.0,5.0
Europe,2022-W52,6.0,0.0,25427.0,5.0
Europe,2023-W01,33.0,0.0,25460.0,5.0
Europe,2023-W02,13.0,0.0,25473.0,5.0
Europe,2023-W03,29.0,0.0,25502.0,5.0
Europe,2023-W04,23.0,0.0,25525.0,5.0
Europe,2023-W05,21.0,0.0,25546.0,5.0
Europe,2023-W06,7.0,0.0,25553.0,5.0
Europe,2023-W07,6.0,0.0,25559.0,5.0
Europe,2023-W08,5.0,0.0,25564.0,5.0
Europe,2023-W09,3.0,1.0,25567.0,6.0
Europe,2023-W10,3.0,0.0,25570.0,6.0
Europe,2023-W11,3.0,0.0,25573.0,6.0
Europe,2023-W12,0.0,0.0,25573.0,6.0
Europe,2023-W13,1.0,0.0,25574.0,6.0
Europe,2023-W14,21.0,0.0,25595.0,6.0
Europe,2023-W15,5.0,0.0,25600.0,6.0
Europe,2023-W16,1.0,0.0,25601.0,6.0
Europe,2023-W17,1.0,0.0,25602.0,6.0
Europe,2023-W18,7.0,0.0,25609.0,6.0
Europe,2023-W19,0.0,0.0,25609.0,6.0
Europe,2023-W20,1.0,0.0,25610.0,6.0
Europe,2023-W21,0.0,1.0,25610.0,7.0
Europe,2023-W22,14.0,0.0,25624.0,7.0
Europe,2023-W23,8.0,0.0,25632.0,7.0
Europe,2023-W24,0.0,0.0,25632.0,7.0
Europe,2023-W25,2.0,0.0,25634.0,7.0
Europe,2023-W26,2.0,0.0,25636.0,7.0
Europe,2023-W27,20.0,0.0,25656.0,7.0
Europe,2023-W28,0.0,0.0,25656.0,7.0
Europe,2023-W29,0.0,0.0,25656.0,7.0
Europe,2023-W30,25.0,0.0,25681.0,7.0
Europe,2023-W31,12.0,0.0,25693.0,7.0
Europe,2023-W32,28.0,0.0,25721.0,7.0
Europe,2023-W33,0.0,0.0,25721.0,7.0
Europe,2023-W34,0.0,0.0,25721.0,7.0
Europe,2023-W35,2.0,0.0,25723.0,7.0
Europe,2023-W36,86.0,0.0,25809.0,7.0
Europe,2023-W37,0.0,0.0,25809.0,7.0
Europe,2023-W38,26.0,0.0,25835.0,7.0
Europe,2023-W39,117.0,0.0,25952.0,7.0
Europe,2023-W40,0.0,0.0,25952.0,7.0
Europe,2023-W41,0.0,0.0,25952.0,7.0
Europe,2023-W42,0.0,0.0,25952.0,7.0
Europe,2023-W43,0.0,0.0,25952.0,7.0
Europe,2023-W44,164.0,0.0,26116.0,7.0
Europe,2023-W45,0.0,0.0,26116.0,7.0
Europe,2023-W46,0.0,0.0,26116.0,7.0
Europe,2023-W47,0.0,0.0,26116.0,7.0
Europe,2023-W48,159.0,0.0,26275.0,7.0
Europe,2023-W49,0.0,0.0,26275.0,7.0
Europe,2023-W50,0.0,0.0,26275.0,7.0
Europe,2023-W51,0.0,0.0,26275.0,7.0
Europe,2023-W52,136.0,0.0,26411.0,7.0
Europe,2024-W01,0.0,0.0,26411.0,7.0
Europe,2024-W02,0.0,0.0,26411.0,7.0
Europe,2024-W03,0.0,0.0,26411.0,7.0
Europe,2024-W04,0.0,0.0,26411.0,7.0
Europe,2024-W05,141.0,1.0,26552.0,8.0
Europe,2024-W06,0.0,0.0,26552.0,8.0
Europe,2024-W07,0.0,0.0,26552.0,8.0
Europe,2024-W08,0.0,0.0,26552.0,8.0
Europe,2024-W09,195.0,1.0,26747.0,9.0
Europe,2024-W10,0.0,0.0,26747.0,9.0
Europe,2024-W11,0.0,0.0,26747.0,9.0
Europe,2024-W12,0.0,0.0,26747.0,9.0
Europe,2024-W13,123.0,0.0,26870.0,9.0
Europe,2024-W14,0.0,0.0,26870.0,9.0
Europe,2024-W15,0.0,0.0,26870.0,9.0
Europe,2024-W16,0.0,0.0,26870.0,9.0
Europe,2024-W17,0.0,0.0,26870.0,9.0
Europe,2024-W18,108.0,0.0,26978.0,9.0
Europe,2024-W19,0.0,0.0,26978.0,9.0
Europe,2024-W20,0.0,0.0,26978.0,9.0
Europe,2024-W21,0.0,0.0,26978.0,9.0
Europe,2024-W22,123.0,0.0,27101.0,9.0
Europe,2024-W23,0.0,0.0,27101.0,9.0
Europe,2024-W24,0.0,0.0,27101.0,9.0
Europe,2024-W25,0.0,0.0,27101.0,9.0
Europe,2024-W26,98.0,0.0,27199.0,9.0
Europe,2024-W27,0.0,0.0,27199.0,9.0
Europe,2024-W28,0.0,0.0,27199.0,9.0
Europe,2024-W29,0.0,0.0,27199.0,9.0
Europe,2024-W30,0.0,0.0,27199.0,9.0
Europe,2024-W31,148.0,0.0,27347.0,9.0
Europe,2024-W32,0.0,0.0,27347.0,9.0
Europe,2024-W33,0.0,0.0,27347.0,9.0
Europe,2024-W34,0.0,0.0,27347.0,9.0
Europe,2024-W35,281.0,0.0,27628.0,9.0
Europe,2024-W36,0.0,0.0,27628.0,9.0
Europe,2024-W37,0.0,0.0,27628.0,9.0
Europe,2024-W38,0.0,0.0,27628.0,9.0
Europe,2024-W39,0.0,0.0,27628.0,9.0
Europe,2024-W40,191.0,0.0,27819.0,9.0
Europe,2024-W41,0.0,0.0,27819.0,9.0
Europe,2024-W42,0.0,0.0,27819.0,9.0
Europe,2024-W43,0.0,0.0,27819.0,9.0
Europe,2024-W44,234.0,0.0,28053.0,9.0
Europe,2024-W45,0.0,0.0,28053.0,9.0
Europe,2024-W46,0.0,0.0,28053.0,9.0
Europe,2024-W47,0.0,0.0,28053.0,9.0
Europe,2024-W48,277.0,0.0,28330.0,9.0
Europe,2024-W49,0.0,0.0,28330.0,9.0
Europe,2024-W50,0.0,0.0,28330.0,9.0
Europe,2024-W51,0.0,0.0,28330.0,9.0
Europe,2024-W52,0.0,0.0,28330.0,9.0
Europe,2025-W01,202.0,0.0,28532.0,9.0
Europe,2025-W02,217.0,0.0,28749.0,9.0
Europe,2025-W03,0.0,0.0,28749.0,9.0
Europe,2025-W04,0.0,0.0,28749.0,9.0
Europe,2025-W05,0.0,0.0,28749.0,9.0
Europe,2025-W06,0.0,0.0,28749.0,9.0
Europe,2025-W07,0.0,0.0,28749.0,9.0
Europe,2025-W08,0.0,0.0,28749.0,9.0
Europe,2025-W09,176.0,0.0,28925.0,9.0
Europe,2025-W10,0.0,0.0,28925.0,9.0
Europe,2025-W11,0.0,0.0,28925.0,9.0
Europe,2025-W12,0.0,0.0,28925.0,9.0
Europe,2025-W13,0.0,0.0,28925.0,9.0
Europe,2025-W14,280.0,0.0,29205.0,9.0
Europe,2025-W15,0.0,0.0,29205.0,9.0
Europe,2025-W16,0.0,0.0,29205.0,9.0
Europe,2025-W17,0.0,0.0,29205.0,9.0
Europe,2025-W18,287.0,0.0,29492.0,9.0
Europe,2025-W19,0.0,0.0,29492.0,9.0
Europe,2025-W20,288.0,0.0,29780.0,9.0
Europe,2025-W21,0.0,0.0,29780.0,9.0
Europe,2025-W22,0.0,0.0,29780.0,9.0
Europe,2025-W23,0.0,0.0,29780.0,9.0
Europe,2025-W24,219.0,1.0,29999.0,10.0
Europe,2025-W25,0.0,0.0,29999.0,10.0
Europe,2025-W26,0.0,0.0,29999.0,10.0
Europe,2025-W27,0.0,0.0,29999.0,10.0
Europe,2025-W28,123.0,0.0,30122.0,10.0
Europe,2025-W29,0.0,0.0,30122.0,10.0
Europe,2025-W30,0.0,0.0,30122.0,10.0
Europe,2025-W31,0.0,0.0,30122.0,10.0
Europe,2025-W32,0.0,0.0,30122.0,10.0
Europe,2025-W33,190.0,0.0,30312.0,10.0
Europe,2025-W34,0.0,0.0,30312.0,10.0
Europe,2025-W35,0.0,0.0,30312.0,10.0
Europe,2025-W36,0.0,0.0,30312.0,10.0
Europe,2025-W37,232.0,0.0,30544.0,10.0
Europe,2025-W38,0.0,0.0,30544.0,10.0
Europe,2025-W39,0.0,0.0,30544.0,10.0
Europe,2025-W40,0.0,0.0,30544.0,10.0
Europe,2025-W41,174.0,0.0,30718.0,10.0
Europe,2025-W42,0.0,0.0,30718.0,10.0
Europe,2025-W43,0.0,0.0,30718.0,10.0
Europe,2025-W44,0.0,0.0,30718.0,10.0
Europe,2025-W45,0.0,0.0,30718.0,10.0
Europe,2025-W46,373.0,0.0,31091.0,10.0
Europe,2025-W47,0.0,0.0,31091.0,10.0
Europe,2025-W48,0.0,0.0,31091.0,10.0
Europe,2025-W49,0.0,0.0,31091.0,10.0
Europe,2025-W50,0.0,0.0,31091.0,10.0
Europe,2025-W51,0.0,0.0,31091.0,10.0
Europe,2025-W52,129.0,0.0,31220.0,10.0
Finland,2022-W20,1.0,0.0,1.0,0.0
Finland,2022-W21,0.0,0.0,1.0,0.0
Finland,2022-W22,1.0,0.0,2.0,0.0
Finland,2022-W23,0.0,0.0,2.0,0.0
Finland,2022-W24,1.0,0.0,3.0,0.0
Finland,2022-W25,1.0,0.0,4.0,0.0
Finland,2022-W26,0.0,0.0,4.0,0.0
Finland,2022-W27,9.0,0.0,13.0,0.0
Finland,2022-W28,0.0,0.0,13.0,0.0
Finland,2022-W29,0.0,0.0,13.0,0.0
Finland,2022-W30,4.0,0.0,17.0,0.0
Finland,2022-W31,5.0,0.0,22.0,0.0
Finland,2022-W32,0.0,0.0,22.0,0.0
Finland,2022-W33,0.0,0.0,22.0,0.0
Finland,2022-W34,0.0,0.0,22.0,0.0
Finland,2022-W35,2.0,0.0,24.0,0.0
Finland,2022-W36,9.0,0.0,33.0,0.0
Finland,2022-W37,0.0,0.0,33.0,0.0
Finland,2022-W38,0.0,0.0,33.0,0.0
Finland,2022-W39,7.0,0.0,40.0,0.0
Finland,2022-W40,0.0,0.0,40.0,0.0
Finland,2022-W41,1.0,0.0,41.0,0.0
Finland,2022-W42,0.0,0.0,41.0,0.0
Finland,2022-W43,0.0,0.0,41.0,0.0
Finland,2022-W44,1.0,0.0,42.0,0.0
Finland,2022-W45,0.0,0.0,42.0,0.0
Finland,2022-W46,0.0,0.0,42.0,0.0
Finland,2022-W47,0.0,0.0,42.0,0.0
Finland,2022-W48,0.0,0.0,42.0,0.0
Finland,2022-W49,0.0,0.0,42.0,0.0
Finland,2022-W50,0.0,0.0,42.0,0.0
Finland,2022-W51,0.0,0.0,42.0,0.0
Finland,2022-W52,0.0,0.0,42.0,0.0
Finland,2023-W01,0.0,0.0,42.0,0.0
Finland,2023-W02,0.0,0.0,42.0,0.0
Finland,2023-W03,0.0,0.0,42.0,0.0
Finland,2023-W04,0.0,0.0,42.0,0.0
Finland,2023-W05,0.0,0.0,42.0,0.0
Finland,2023-W06,0.0,0.0,42.0,0.0
Finland,2023-W07,0.0,0.0,42.0,0.0
Finland,2023-W08,0.0,0.0,42.0,0.0
Finland,2023-W09,0.0,0.0,42.0,0.0
Finland,2023-W10,0.0,0.0,42.0,0.0
Finland,2023-W11,0.0,0.0,42.0,0.0
Finland,2023-W12,0.0,0.0,42.0,0.0
Finland,2023-W13,0.0,0.0,42.0,0.0
Finland,2023-W14,0.0,0.0,42.0,0.0
Finland,2023-W15,0.0,0.0,42.0,0.0
Finland,2023-W16,0.0,0.0,42.0,0.0
Finland,2023-W17,0.0,0.0,42.0,0.0
Finland,2023-W18,0.0,0.0,42.0,0.0
Finland,2023-W19,0.0,0.0,42.0,0.0
Finland,2023-W20,0.0,0.0,42.0,0.0
Finland,2023-W21,0.0,0.0,42.0,0.0
Finland,2023-W22,0.0,0.0,42.0,0.0
Finland,2023-W23,0.0,0.0,42.0,0.0
Finland,2023-W24,0.0,0.0,42.0,0.0
Finland,2023-W25,0.0,0.0,42.0,0.0
Finland,2023-W26,0.0,0.0,42.0,0.0
Finland,2023-W27,0.0,0.0,42.0,0.0
Finland,2023-W28,0.0,0.0,42.0,0.0
Finland,2023-W29,0.0,0.0,42.0,0.0
Finland,2023-W30,0.0,0.0,42.0,0.0
Finland,2023-W31,0.0,0.0,42.0,0.0
Finland,2023-W32,0.0,0.0,42.0,0.0
Finland,2023-W33,0.0,0.0,42.0,0.0
Finland,2023-W34,0.0,0.0,42.0,0.0
Finland,2023-W35,0.0,0.0,42.0,0.0
Finland,2023-W36,0.0,0.0,42.0,0.0
Finland,2023-W37,0.0,0.0,42.0,0.0
Finland,2023-W38,0.0,0.0,42.0,0.0
Finland,2023-W39,0.0,0.0,42.0,0.0
Finland,2023-W40,0.0,0.0,42.0,0.0
Finland,2023-W41,0.0,0.0,42.0,0.0
Finland,2023-W42,0.0,0.0,42.0,0.0
Finland,2023-W43,0.0,0.0,42.0,0.0
Finland,2023-W44,0.0,0.0,42.0,0.0
Finland,2023-W45,0.0,0.0,42.0,0.0
Finland,2023-W46,0.0,0.0,42.0,0.0
Finland,2023-W47,0.0,0.0,42.0,0.0
Finland,2023-W48,0.0,0.0,42.0,0.0
Finland,2023-W49,0.0,0.0,42.0,0.0
Finland,2023-W50,0.0,0.0,42.0,0.0
Finland,2023-W51,0.0,0.0,42.0,0.0
Finland,2023-W52,0.0,0.0,42.0,0.0
Finland,2024-W01,0.0,0.0,42.0,0.0
Finland,2024-W02,0.0,0.0,42.0,0.0
Finland,2024-W03,0.0,0.0,42.0,0.0
Finland,2024-W04,0.0,0.0,42.0,0.0
Finland,2024-W05,0.0,0.0,42.0,0.0
Finland,2024-W06,0.0,0.0,42.0,0.0
Finland,2024-W07,0.0,0.0,42.0,0.0
Finland,2024-W08,0.0,0.0,42.0,0.0
Finland,2024-W09,1.0,0.0,43.0,0.0
Finland,2024-W10,0.0,0.0,43.0,0.0
Finland,2024-W11,0.0,0.0,43.0,0.0
Finland,2024-W12,0.0,0.0,43.0,0.0
Finland,2024-W13,0.0,0.0,43.0,0.0
Finland,2024-W14,0.0,0.0,43.0,0.0
Finland,2024-W15,0.0,0.0,43.0,0.0
Finland,2024-W16,0.0,0.0,43.0,0.0
Finland,2024-W17,0.0,0.0,43.0,0.0
Finland,2024-W18,0.0,0.0,43.0,0.0
Finland,2024-W19,0.0,0.0,43.0,0.0
Finland,2024-W20,0.0,0.0,43.0,0.0
Finland,2024-W21,0.0,0.0,43.0,0.0
Finland,2024-W22,0.0,0.0,43.0,0.0
Finland,2024-W23,0.0,0.0,43.0,0.0
Finland,2024-W24,0.0,0.0,43.0,0.0
Finland,2024-W25,0.0,0.0,43.0,0.0
Finland,2024-W26,0.0,0.0,43.0,0.0
Finland,2024-W27,0.0,0.0,43.0,0.0
Finland,2024-W28,0.0,0.0,43.0,0.0
Finland,2024-W29,0.0,0.0,43.0,0.0
Finland,2024-W30,0.0,0.0,43.0,0.0
Finland,2024-W31,0.0,0.0,43.0,0.0
Finland,2024-W32,0.0,0.0,43.0,0.0
Finland,2024-W33,0.0,0.0,43.0,0.0
Finland,2024-W34,0.0,0.0,43.0,0.0
Finland,2024-W35,0.0,0.0,43.0,0.0
Finland,2024-W36,0.0,0.0,43.0,0.0
Finland,2024-W37,0.0,0.0,43.0,0.0
Finland,2024-W38,0.0,0.0,43.0,0.0
Finland,2024-W39,0.0,0.0,43.0,0.0
Finland,2024-W40,0.0,0.0,43.0,0.0
Finland,2024-W41,0.0,0.0,43.0,0.0
Finland,2024-W42,0.0,0.0,43.0,0.0
Finland,2024-W43,0.0,0.0,43.0,0.0
Finland,2024-W44,0.0,0.0,43.0,0.0
Finland,2024-W45,0.0,0.0,43.0,0.0
Finland,2024-W46,0.0,0.0,43.0,0.0
Finland,2024-W47,0.0,0.0,43.0,0.0
Finland,2024-W48,0.0,0.0,43.0,0.0
Finland,2024-W49,0.0,0.0,43.0,0.0
Finland,2024-W50,0.0,0.0,43.0,0.0
Finland,2024-W51,0.0,0.0,43.0,0.0
Finland,2024-W52,0.0,0.0,43.0,0.0
Finland,2025-W01,0.0,0.0,43.0,0.0
Finland,2025-W02,0.0,0.0,43.0,0.0
Finland,2025-W03,0.0,0.0,43.0,0.0
Finland,2025-W04,0.0,0.0,43.0,0.0
Finland,2025-W05,0.0,0.0,43.0,0.0
Finland,2025-W06,0.0,0.0,43.0,0.0
Finland,2025-W07,0.0,0.0,43.0,0.0
Finland,2025-W08,0.0,0.0,43.0,0.0
Finland,2025-W09,0.0,0.0,43.0,0.0
Finland,2025-W10,0.0,0.0,43.0,0.0
Finland,2025-W11,0.0,0.0,43.0,0.0
Finland,2025-W12,0.0,0.0,43.0,0.0
Finland,2025-W13,0.0,0.0,43.0,0.0
Finland,2025-W14,0.0,0.0,43.0,0.0
Finland,2025-W15,0.0,0.0,43.0,0.0
Finland,2025-W16,0.0,0.0,43.0,0.0
Finland,2025-W17,0.0,0.0,43.0,0.0
Finland,2025-W18,0.0,0.0,43.0,0.0
Finland,2025-W19,0.0,0.0,43.0,0.0
Finland,2025-W20,0.0,0.0,43.0,0.0
Finland,2025-W21,0.0,0.0,43.0,0.0
Finland,2025-W22,0.0,0.0,43.0,0.0
Finland,2025-W23,0.0,0.0,43.0,0.0
Finland,2025-W24,0.0,0.0,43.0,0.0
Finland,2025-W25,0.0,0.0,43.0,0.0
Finland,2025-W26,0.0,0.0,43.0,0.0
Finland,2025-W27,0.0,0.0,43.0,0.0
Finland,2025-W28,0.0,0.0,43.0,0.0
Finland,2025-W29,0.0,0.0,43.0,0.0
Finland,2025-W30,0.0,0.0,43.0,0.0
Finland,2025-W31,0.0,0.0,43.0,0.0
Finland,2025-W32,0.0,0.0,43.0,0.0
Finland,2025-W33,0.0,0.0,43.0,0.0
Finland,2025-W34,0.0,0.0,43.0,0.0
Finland,2025-W35,0.0,0.0,43.0,0.0
Finland,2025-W36,0.0,0.0,43.0,0.0
Finland,2025-W37,0.0,0.0,43.0,0.0
Finland,2025-W38,0.0,0.0,43.0,0.0
Finland,2025-W39,0.0,0.0,43.0,0.0
Finland,2025-W40,0.0,0.0,43.0,0.0
Finland,2025-W41,0.0,0.0,43.0,0.0
Finland,2025-W42,0.0,0.0,43.0,0.0
Finland,2025-W43,0.0,0.0,43.0,0.0
Finland,2025-W44,0.0,0.0,43.0,0.0
Finland,2025-W45,0.0,0.0,43.0,0.0
Finland,2025-W46,0.0,0.0,43.0,0.0
Finland,2025-W47,0.0,0.0,43.0,0.0
Finland,2025-W48,0.0,0.0,43.0,0.0
Finland,2025-W49,0.0,0.0,43.0,0.0
Finland,2025-W50,0.0,0.0,43.0,0.0
Finland,2025-W51,0.0,0.0,43.0,0.0
Finland,2025-W52,0.0,0.0,43.0,0.0
France,2022-W20,1.0,0.0,1.0,0.0
France,2022-W21,6.0,0.0,7.0,0.0
France,2022-W22,44.0,0.0,51.0,0.0
France,2022-W23,40.0,0.0,91.0,0.0
France,2022-W24,92.0,0.0,183.0,0.0
France,2022-W25,147.0,0.0,330.0,0.0
France,2022-W26,168.0,0.0,498.0,0.0
France,2022-W27,223.0,0.0,721.0,0.0
France,2022-W28,191.0,0.0,912.0,0.0
France,2022-W29,541.0,0.0,1453.0,0.0
France,2022-W30,384.0,0.0,1837.0,0.0
France,2022-W31,402.0,0.0,2239.0,0.0
France,2022-W32,434.0,0.0,2673.0,0.0
France,2022-W33,216.0,0.0,2889.0,0.0
France,2022-W34,532.0,0.0,3421.0,0.0
France,2022-W35,225.0,0.0,3646.0,0.0
France,2022-W36,139.0,0.0,3785.0,0.0
France,2022-W37,113.0,0.0,3898.0,0.0
France,2022-W38,45.0,0.0,3943.0,0.0
France,2022-W39,56.0,0.0,3999.0,0.0
France,2022-W40,44.0,0.0,4043.0,0.0
France,2022-W41,21.0,0.0,4064.0,0.0
France,2022-W42,20.0,0.0,4084.0,0.0
France,2022-W43,10.0,0.0,4094.0,0.0
France,2022-W44,3.0,0.0,4097.0,0.0
France,2022-W45,5.0,0.0,4102.0,0.0
France,2022-W46,2.0,0.0,4104.0,0.0
France,2022-W47,3.0,0.0,4107.0,0.0
France,2022-W48,3.0,0.0,4110.0,0.0
France,2022-W49,0.0,0.0,4110.0,0.0
France,2022-W50,0.0,0.0,4110.0,0.0
France,2022-W51,0.0,0.0,4110.0,0.0
France,2022-W52,4.0,0.0,4114.0,0.0
France,2023-W01,0.0,0.0,4114.0,0.0
France,2023-W02,0.0,0.0,4114.0,0.0
France,2023-W03,0.0,0.0,4114.0,0.0
France,2023-W04,14.0,0.0,4128.0,0.0
France,2023-W05,0.0,0.0,4128.0,0.0
France,2023-W06,0.0,0.0,4128.0,0.0
France,2023-W07,0.0,0.0,4128.0,0.0
France,2023-W08,0.0,0.0,4128.0,0.0
France,2023-W09,0.0,0.0,4128.0,0.0
France,2023-W10,0.0,0.0,4128.0,0.0
France,2023-W11,0.0,0.0,4128.0,0.0
France,2023-W12,0.0,0.0,4128.0,0.0
France,2023-W13,0.0,0.0,4128.0,0.0
France,2023-W14,16.0,0.0,4144.0,0.0
France,2023-W15,0.0,0.0,4144.0,0.0
France,2023-W16,0.0,0.0,4144.0,0.0
France,2023-W17,0.0,0.0,4144.0,0.0
France,2023-W18,2.0,0.0,4146.0,0.0
France,2023-W19,0.0,0.0,4146.0,0.0
France,2023-W20,0.0,0.0,4146.0,0.0
France,2023-W21,0.0,0.0,4146.0,0.0
France,2023-W22,0.0,0.0,4146.0,0.0
France,2023-W23,0.0,0.0,4146.0,0.0
France,2023-W24,0.0,0.0,4146.0,0.0
France,2023-W25,0.0,0.0,4146.0,0.0
France,2023-W26,0.0,0.0,4146.0,0.0
France,2023-W27,1.0,0.0,4147.0,0.0
France,2023-W28,0.0,0.0,4147.0,0.0
France,2023-W29,0.0,0.0,4147.0,0.0
France,2023-W30,0.0,0.0,4147.0,0.0
France,2023-W31,0.0,0.0,4147.0,0.0
France,2023-W32,3.0,0.0,4150.0,0.0
France,2023-W33,0.0,0.0,4150.0,0.0
France,2023-W34,0.0,0.0,4150.0,0.0
France,2023-W35,0.0,0.0,4150.0,0.0
France,2023-W36,4.0,0.0,4154.0,0.0
France,2023-W37,0.0,0.0,4154.0,0.0
France,2023-W38,0.0,0.0,4154.0,0.0
France,2023-W39,4.0,0.0,4158.0,0.0
France,2023-W40,0.0,0.0,4158.0,0.0
France,2023-W41,0.0,0.0,4158.0,0.0
France,2023-W42,0.0,0.0,4158.0,0.0
France,2023-W43,0.0,0.0,4158.0,0.0
France,2023-W44,3.0,0.0,4161.0,0.0
France,2023-W45,0.0,0.0,4161.0,0.0
France,2023-W46,0.0,0.0,4161.0,0.0
France,2023-W47,0.0,0.0,4161.0,0.0
France,2023-W48,3.0,0.0,4164.0,0.0
France,2023-W49,0.0,0.0,4164.0,0.0
France,2023-W50,0.0,0.0,4164.0,0.0
France,2023-W51,0.0,0.0,4164.0,0.0
France,2023-W52,7.0,0.0,4171.0,0.0
France,2024-W01,0.0,0.0,4171.0,0.0
France,2024-W02,0.0,0.0,4171.0,0.0
France,2024-W03,0.0,0.0,4171.0,0.0
France,2024-W04,0.0,0.0,4171.0,0.0
France,2024-W05,8.0,0.0,4179.0,0.0
France,2024-W06,0.0,0.0,4179.0,0.0
France,2024-W07,0.0,0.0,4179.0,0.0
France,2024-W08,0.0,0.0,4179.0,0.0
France,2024-W09,16.0,0.0,4195.0,0.0
France,2024-W10,0.0,0.0,4195.0,0.0
France,2024-W11,0.0,0.0,4195.0,0.0
France,2024-W12,0.0,0.0,4195.0,0.0
France,2024-W13,11.0,0.0,4206.0,0.0
France,2024-W14,0.0,0.0,4206.0,0.0
France,2024-W15,0.0,0.0,4206.0,0.0
France,2024-W16,0.0,0.0,4206.0,0.0
France,2024-W17,0.0,0.0,4206.0,0.0
France,2024-W18,12.0,0.0,4218.0,0.0
France,2024-W19,0.0,0.0,4218.0,0.0
France,2024-W20,0.0,0.0,4218.0,0.0
France,2024-W21,0.0,0.0,4218.0,0.0
France,2024-W22,31.0,0.0,4249.0,0.0
France,2024-W23,0.0,0.0,4249.0,0.0
France,2024-W24,0.0,0.0,4249.0,0.0
France,2024-W25,0.0,0.0,4249.0,0.0
France,2024-W26,23.0,0.0,4272.0,0.0
France,2024-W27,0.0,0.0,4272.0,0.0
France,2024-W28,0.0,0.0,4272.0,0.0
France,2024-W29,0.0,0.0,4272.0,0.0
France,2024-W30,0.0,0.0,4272.0,0.0
France,2024-W31,11.0,0.0,4283.0,0.0
France,2024-W32,0.0,0.0,4283.0,0.0
France,2024-W33,0.0,0.0,4283.0,0.0
France,2024-W34,0.0,0.0,4283.0,0.0
France,2024-W35,24.0,0.0,4307.0,0.0
France,2024-W36,0.0,0.0,4307.0,0.0
France,2024-W37,0.0,0.0,4307.0,0.0
France,2024-W38,0.0,0.0,4307.0,0.0
France,2024-W39,0.0,0.0,4307.0,0.0
France,2024-W40,27.0,0.0,4334.0,0.0
France,2024-W41,0.0,0.0,4334.0,0.0
France,2024-W42,0.0,0.0,4334.0,0.0
France,2024-W43,0.0,0.0,4334.0,0.0
France,2024-W44,29.0,0.0,4363.0,0.0
France,2024-W45,0.0,0.0,4363.0,0.0
France,2024-W46,0.0,0.0,4363.0,0.0
France,2024-W47,0.0,0.0,4363.0,0.0
France,2024-W48,8.0,0.0,4371.0,0.0
France,2024-W49,0.0,0.0,4371.0,0.0
France,2024-W50,0.0,0.0,4371.0,0.0
France,2024-W51,0.0,0.0,4371.0,0.0
France,2024-W52,0.0,0.0,4371.0,0.0
France,2025-W01,12.0,0.0,4383.0,0.0
France,2025-W02,9.0,0.0,4392.0,0.0
France,2025-W03,0.0,0.0,4392.0,0.0
France,2025-W04,0.0,0.0,4392.0,0.0
France,2025-W05,0.0,0.0,4392.0,0.0
France,2025-W06,0.0,0.0,4392.0,0.0
France,2025-W07,0.0,0.0,4392.0,0.0
France,2025-W08,0.0,0.0,4392.0,0.0
France,2025-W09,13.0,0.0,4405.0,0.0
France,2025-W10,0.0,0.0,4405.0,0.0
France,2025-W11,0.0,0.0,4405.0,0.0
France,2025-W12,0.0,0.0,4405.0,0.0
France,2025-W13,0.0,0.0,4405.0,0.0
France,2025-W14,25.0,0.0,4430.0,0.0
France,2025-W15,0.0,0.0,4430.0,0.0
France,2025-W16,0.0,0.0,4430.0,0.0
France,2025-W17,0.0,0.0,4430.0,0.0
France,2025-W18,23.0,0.0,4453.0,0.0
France,2025-W19,0.0,0.0,4453.0,0.0
France,2025-W20,34.0,0.0,4487.0,0.0
France,2025-W21,0.0,0.0,4487.0,0.0
France,2025-W22,0.0,0.0,4487.0,0.0
France,2025-W23,0.0,0.0,4487.0,0.0
France,2025-W24,21.0,0.0,4508.0,0.0
France,2025-W25,0.0,0.0,4508.0,0.0
France,2025-W26,0.0,0.0,4508.0,0.0
France,2025-W27,0.0,0.0,4508.0,0.0
France,2025-W28,0.0,0.0,4508.0,0.0
France,2025-W29,0.0,0.0,4508.0,0.0
France,2025-W30,0.0,0.0,4508.0,0.0
France,2025-W31,0.0,0.0,4508.0,0.0
France,2025-W32,0.0,0.0,4508.0,0.0
France,2025-W33,20.0,0.0,4528.0,0.0
France,2025-W34,0.0,0.0,4528.0,0.0
France,2025-W35,0.0,0.0,4528.0,0.0
France,2025-W36,0.0,0.0,4528.0,0.0
France,2025-W37,11.0,0.0,4539.0,0.0
France,2025-W38,0.0,0.0,4539.0,0.0
France,2025-W39,0.0,0.0,4539.0,0.0
France,2025-W40,0.0,0.0,4539.0,0.0
France,2025-W41,13.0,0.0,4552.0,0.0
France,2025-W42,0.0,0.0,4552.0,0.0
France,2025-W43,0.0,0.0,4552.0,0.0
France,2025-W44,0.0,0.0,4552.0,0.0
France,2025-W45,0.0,0.0,4552.0,0.0
France,2025-W46,8.0,0.0,4560.0,0.0
France,2025-W47,0.0,0.0,4560.0,0.0
France,2025-W48,0.0,0.0,4560.0,0.0
France,2025-W49,0.0,0.0,4560.0,0.0
France,2025-W50,0.0,0.0,4560.0,0.0
France,2025-W51,0.0,0.0,4560.0,0.0
France,2025-W52,11.0,0.0,4571.0,0.0
Gabon,2024-W33,0.0,0.0,0.0,0.0
Gabon,2024-W34,1.0,0.0,1.0,0.0
Gabon,2024-W35,1.0,0.0,2.0,0.0
Gabon,2024-W36,0.0,0.0,2.0,0.0
Gabon,2024-W37,0.0,0.0,2.0,0.0
Gabon,2024-W38,0.0,0.0,2.0,0.0
Gabon,2024-W39,0.0,0.0,2.0,0.0
Gabon,2024-W40,0.0,0.0,2.0,0.0
Gabon,2024-W41,0.0,0.0,2.0,0.0
Gabon,2024-W42,0.0,0.0,2.0,0.0
Gabon,2024-W43,0.0,0.0,2.0,0.0
Gabon,2024-W44,0.0,0.0,2.0,0.0
Gabon,2024-W45,0.0,0.0,2.0,0.0
Gabon,2024-W46,0.0,0.0,2.0,0.0
Gabon,2024-W47,0.0,0.0,2.0,0.0
Gabon,2024-W48,0.0,0.0,2.0,0.0
Gabon,2024-W49,0.0,0.0,2.0,0.0
Gabon,2024-W50,0.0,0.0,2.0,0.0
Gabon,2024-W51,0.0,0.0,2.0,0.0
Gabon,2024-W52,0.0,0.0,2.0,0.0
Gambia,2025-W25,0.0,0.0,0.0,0.0
Gambia,2025-W26,0.0,0.0,0.0,0.0
Gambia,2025-W27,0.0,0.0,0.0,0.0
Gambia,2025-W28,0.0,0.0,0.0,0.0
Gambia,2025-W29,1.0,0.0,1.0,0.0
Gambia,2025-W30,0.0,0.0,1.0,0.0
Gambia,2025-W31,0.0,0.0,1.0,0.0
Georgia,2022-W24,1.0,0.0,1.0,0.0
Georgia,2022-W25,0.0,0.0,1.0,0.0
Georgia,2022-W26,0.0,0.0,1.0,0.0
Georgia,2022-W27,0.0,0.0,1.0,0.0
Georgia,2022-W28,0.0,0.0,1.0,0.0
Georgia,2022-W29,0.0,0.0,1.0,0.0
Georgia,2022-W30,0.0,0.0,1.0,0.0
Georgia,2022-W31,0.0,0.0,1.0,0.0
Georgia,2022-W32,0.0,0.0,1.0,0.0
Georgia,2022-W33,1.0,0.0,2.0,0.0
Georgia,2022-W34,0.0,0.0,2.0,0.0
Georgia,2022-W35,0.0,0.0,2.0,0.0
Georgia,2022-W36,0.0,0.0,2.0,0.0
Georgia,2022-W37,0.0,0.0,2.0,0.0
Georgia,2022-W38,0.0,0.0,2.0,0.0
Georgia,2022-W39,0.0,0.0,2.0,0.0
Georgia,2022-W40,0.0,0.0,2.0,0.0
Georgia,2022-W41,0.0,0.0,2.0,0.0
Georgia,2022-W42,0.0,0.0,2.0,0.0
Georgia,2022-W43,0.0,0.0,2.0,0.0
Georgia,2022-W44,0.0,0.0,2.0,0.0
Georgia,2022-W45,0.0,0.0,2.0,0.0
Georgia,2022-W46,0.0,0.0,2.0,0.0
Georgia,2022-W47,0.0,0.0,2.0,0.0
Georgia,2022-W48,0.0,0.0,2.0,0.0
Georgia,2022-W49,0.0,0.0,2.0,0.0
Georgia,2022-W50,0.0,0.0,2.0,0.0
Georgia,2022-W51,0.0,0.0,2.0,0.0
Georgia,2022-W52,0.0,0.0,2.0,0.0
Georgia,2023-W01,0.0,0.0,2.0,0.0
Georgia,2023-W02,0.0,0.0,2.0,0.0
Georgia,2023-W03,0.0,0.0,2.0,0.0
Georgia,2023-W04,0.0,0.0,2.0,0.0
Georgia,2023-W05,0.0,0.0,2.0,0.0
Georgia,2023-W06,0.0,0.0,2.0,0.0
Georgia,2023-W07,0.0,0.0,2.0,0.0
Georgia,2023-W08,0.0,0.0,2.0,0.0
Georgia,2023-W09,0.0,0.0,2.0,0.0
Georgia,2023-W10,0.0,0.0,2.0,0.0
Georgia,2023-W11,0.0,0.0,2.0,0.0
Georgia,2023-W12,0.0,0.0,2.0,0.0
Georgia,2023-W13,0.0,0.0,2.0,0.0
Georgia,2023-W14,0.0,0.0,2.0,0.0
Georgia,2023-W15,0.0,0.0,2.0,0.0
Georgia,2023-W16,0.0,0.0,2.0,0.0
Georgia,2023-W17,0.0,0.0,2.0,0.0
Georgia,2023-W18,0.0,0.0,2.0,0.0
Georgia,2023-W19,0.0,0.0,2.0,0.0
Georgia,2023-W20,0.0,0.0,2.0,0.0
Georgia,2023-W21,0.0,0.0,2.0,0.0
Georgia,2023-W22,0.0,0.0,2.0,0.0
Georgia,2023-W23,0.0,0.0,2.0,0.0
Georgia,2023-W24,0.0,0.0,2.0,0.0
Georgia,2023-W25,0.0,0.0,2.0,0.0
Georgia,2023-W26,0.0,0.0,2.0,0.0
Georgia,2023-W27,0.0,0.0,2.0,0.0
Georgia,2023-W28,0.0,0.0,2.0,0.0
Georgia,2023-W29,0.0,0.0,2.0,0.0
Georgia,2023-W30,0.0,0.0,2.0,0.0
Georgia,2023-W31,0.0,0.0,2.0,0.0
Georgia,2023-W32,0.0,0.0,2.0,0.0
Georgia,2023-W33,0.0,0.0,2.0,0.0
Georgia,2023-W34,0.0,0.0,2.0,0.0
Georgia,2023-W35,0.0,0.0,2.0,0.0
Georgia,2023-W36,0.0,0.0,2.0,0.0
Georgia,2023-W37,0.0,0.0,2.0,0.0
Georgia,2023-W38,0.0,0.0,2.0,0.0
Georgia,2023-W39,0.0,0.0,2.0,0.0
Georgia,2023-W40,0.0,0.0,2.0,0.0
Georgia,2023-W41,0.0,0.0,2.0,0.0
Georgia,2023-W42,0.0,0.0,2.0,0.0
Georgia,2023-W43,0.0,0.0,2.0,0.0
Georgia,2023-W44,0.0,0.0,2.0,0.0
Georgia,2023-W45,0.0,0.0,2.0,0.0
Georgia,2023-W46,0.0,0.0,2.0,0.0
Georgia,2023-W47,0.0,0.0,2.0,0.0
Georgia,2023-W48,0.0,0.0,2.0,0.0
Georgia,2023-W49,0.0,0.0,2.0,0.0
Georgia,2023-W50,0.0,0.0,2.0,0.0
Georgia,2023-W51,0.0,0.0,2.0,0.0
Georgia,2023-W52,0.0,0.0,2.0,0.0
Georgia,2024-W01,0.0,0.0,2.0,0.0
Georgia,2024-W02,0.0,0.0,2.0,0.0
Georgia,2024-W03,0.0,0.0,2.0,0.0
Georgia,2024-W04,0.0,0.0,2.0,0.0
Georgia,2024-W05,0.0,0.0,2.0,0.0
Georgia,2024-W06,0.0,0.0,2.0,0.0
Georgia,2024-W07,0.0,0.0,2.0,0.0
Georgia,2024-W08,0.0,0.0,2.0,0.0
Georgia,2024-W09,0.0,0.0,2.0,0.0
Georgia,2024-W10,0.0,0.0,2.0,0.0
Georgia,2024-W11,0.0,0.0,2.0,0.0
Georgia,2024-W12,0.0,0.0,2.0,0.0
Georgia,2024-W13,0.0,0.0,2.0,0.0
Georgia,2024-W14,0.0,0.0,2.0,0.0
Georgia,2024-W15,0.0,0.0,2.0,0.0
Georgia,2024-W16,0.0,0.0,2.0,0.0
Georgia,2024-W17,0.0,0.0,2.0,0.0
Georgia,2024-W18,0.0,0.0,2.0,0.0
Georgia,2024-W19,0.0,0.0,2.0,0.0
Georgia,2024-W20,0.0,0.0,2.0,0.0
Georgia,2024-W21,0.0,0.0,2.0,0.0
Georgia,2024-W22,0.0,0.0,2.0,0.0
Georgia,2024-W23,0.0,0.0,2.0,0.0
Georgia,2024-W24,0.0,0.0,2.0,0.0
Georgia,2024-W25,0.0,0.0,2.0,0.0
Georgia,2024-W26,0.0,0.0,2.0,0.0
Georgia,2024-W27,0.0,0.0,2.0,0.0
Georgia,2024-W28,0.0,0.0,2.0,0.0
Georgia,2024-W29,0.0,0.0,2.0,0.0
Georgia,2024-W30,0.0,0.0,2.0,0.0
Georgia,2024-W31,0.0,0.0,2.0,0.0
Georgia,2024-W32,0.0,0.0,2.0,0.0
Georgia,2024-W33,0.0,0.0,2.0,0.0
Georgia,2024-W34,0.0,0.0,2.0,0.0
Georgia,2024-W35,0.0,0.0,2.0,0.0
Georgia,2024-W36,0.0,0.0,2.0,0.0
Georgia,2024-W37,0.0,0.0,2.0,0.0
Georgia,2024-W38,0.0,0.0,2.0,0.0
Georgia,2024-W39,0.0,0.0,2.0,0.0
Georgia,2024-W40,0.0,0.0,2.0,0.0
Georgia,2024-W41,0.0,0.0,2.0,0.0
Georgia,2024-W42,0.0,0.0,2.0,0.0
Georgia,2024-W43,0.0,0.0,2.0,0.0
Georgia,2024-W44,0.0,0.0,2.0,0.0
Georgia,2024-W45,0.0,0.0,2.0,0.0
Georgia,2024-W46,0.0,0.0,2.0,0.0
Georgia,2024-W47,0.0,0.0,2.0,0.0
Georgia,2024-W48,0.0,0.0,2.0,0.0
Georgia,2024-W49,0.0,0.0,2.0,0.0
Georgia,2024-W50,0.0,0.0,2.0,0.0
Georgia,2024-W51,0.0,0.0,2.0,0.0
Georgia,2024-W52,0.0,0.0,2.0,0.0
Georgia,2025-W01,0.0,0.0,2.0,0.0
Georgia,2025-W02,0.0,0.0,2.0,0.0
Georgia,2025-W03,0.0,0.0,2.0,0.0
Georgia,2025-W04,0.0,0.0,2.0,0.0
Georgia,2025-W05,0.0,0.0,2.0,0.0
Georgia,2025-W06,0.0,0.0,2.0,0.0
Georgia,2025-W07,0.0,0.0,2.0,0.0
Georgia,2025-W08,0.0,0.0,2.0,0.0
Georgia,2025-W09,0.0,0.0,2.0,0.0
Georgia,2025-W10,0.0,0.0,2.0,0.0
Georgia,2025-W11,0.0,0.0,2.0,0.0
Georgia,2025-W12,0.0,0.0,2.0,0.0
Georgia,2025-W13,0.0,0.0,2.0,0.0
Georgia,2025-W14,0.0,0.0,2.0,0.0
Georgia,2025-W15,0.0,0.0,2.0,0.0
Georgia,2025-W16,0.0,0.0,2.0,0.0
Georgia,2025-W17,0.0,0.0,2.0,0.0
Georgia,2025-W18,0.0,0.0,2.0,0.0
Georgia,2025-W19,0.0,0.0,2.0,0.0
Georgia,2025-W20,0.0,0.0,2.0,0.0
Georgia,2025-W21,0.0,0.0,2.0,0.0
Georgia,2025-W22,0.0,0.0,2.0,0.0
Georgia,2025-W23,0.0,0.0,2.0,0.0
Georgia,2025-W24,0.0,0.0,2.0,0.0
Georgia,2025-W25,0.0,0.0,2.0,0.0
Georgia,2025-W26,0.0,0.0,2.0,0.0
Georgia,2025-W27,0.0,0.0,2.0,0.0
Georgia,2025-W28,0.0,0.0,2.0,0.0
Georgia,2025-W29,0.0,0.0,2.0,0.0
Georgia,2025-W30,0.0,0.0,2.0,0.0
Georgia,2025-W31,0.0,0.0,2.0,0.0
Georgia,2025-W32,0.0,0.0,2.0,0.0
Georgia,2025-W33,0.0,0.0,2.0,0.0
Georgia,2025-W34,0.0,0.0,2.0,0.0
Georgia,2025-W35,0.0,0.0,2.0,0.0
Georgia,2025-W36,0.0,0.0,2.0,0.0
Georgia,2025-W37,0.0,0.0,2.0,0.0
Georgia,2025-W38,0.0,0.0,2.0,0.0
Georgia,2025-W39,0.0,0.0,2.0,0.0
Georgia,2025-W40,0.0,0.0,2.0,0.0
Georgia,2025-W41,0.0,0.0,2.0,0.0
Georgia,2025-W42,0.0,0.0,2.0,0.0
Georgia,2025-W43,0.0,0.0,2.0,0.0
Georgia,2025-W44,0.0,0.0,2.0,0.0
Georgia,2025-W45,0.0,0.0,2.0,0.0
Georgia,2025-W46,0.0,0.0,2.0,0.0
Georgia,2025-W47,0.0,0.0,2.0,0.0
Georgia,2025-W48,0.0,0.0,2.0,0.0
Georgia,2025-W49,0.0,0.0,2.0,0.0
Georgia,2025-W50,0.0,0.0,2.0,0.0
Georgia,2025-W51,0.0,0.0,2.0,0.0
Georgia,2025-W52,0.0,0.0,2.0,0.0
Germany,2022-W20,3.0,0.0,3.0,0.0
Germany,2022-W21,12.0,0.0,15.0,0.0
Germany,2022-W22,50.0,0.0,65.0,0.0
Germany,2022-W23,100.0,0.0,165.0,0.0
Germany,2022-W24,173.0,0.0,338.0,0.0
Germany,2022-W25,338.0,0.0,676.0,0.0
Germany,2022-W26,378.0,0.0,1054.0,0.0
Germany,2022-W27,436.0,0.0,1490.0,0.0
Germany,2022-W28,300.0,0.0,1790.0,0.0
Germany,2022-W29,478.0,0.0,2268.0,0.0
Germany,2022-W30,327.0,0.0,2595.0,0.0
Germany,2022-W31,292.0,0.0,2887.0,0.0
Germany,2022-W32,215.0,0.0,3102.0,0.0
Germany,2022-W33,164.0,0.0,3266.0,0.0
Germany,2022-W34,139.0,0.0,3405.0,0.0
Germany,2022-W35,88.0,0.0,3493.0,0.0
Germany,2022-W36,37.0,0.0,3530.0,0.0
Germany,2022-W37,26.0,0.0,3556.0,0.0
Germany,2022-W38,41.0,0.0,3597.0,0.0
Germany,2022-W39,28.0,0.0,3625.0,0.0
Germany,2022-W40,20.0,0.0,3645.0,0.0
Germany,2022-W41,6.0,0.0,3651.0,0.0
Germany,2022-W42,5.0,0.0,3656.0,0.0
Germany,2022-W43,6.0,0.0,3662.0,0.0
Germany,2022-W44,6.0,0.0,3668.0,0.0
Germany,2022-W45,2.0,0.0,3670.0,0.0
Germany,2022-W46,1.0,0.0,3671.0,0.0
Germany,2022-W47,0.0,0.0,3671.0,0.0
Germany,2022-W48,0.0,0.0,3671.0,0.0
Germany,2022-W49,2.0,0.0,3673.0,0.0
Germany,2022-W50,2.0,0.0,3675.0,0.0
Germany,2022-W51,1.0,0.0,3676.0,0.0
Germany,2022-W52,0.0,0.0,3676.0,0.0
Germany,2023-W01,1.0,0.0,3677.0,0.0
Germany,2023-W02,7.0,0.0,3684.0,0.0
Germany,2023-W03,5.0,0.0,3689.0,0.0
Germany,2023-W04,2.0,0.0,3691.0,0.0
Germany,2023-W05,0.0,0.0,3691.0,0.0
Germany,2023-W06,0.0,0.0,3691.0,0.0
Germany,2023-W07,0.0,0.0,3691.0,0.0
Germany,2023-W08,0.0,0.0,3691.0,0.0
Germany,2023-W09,0.0,0.0,3691.0,0.0
Germany,2023-W10,0.0,0.0,3691.0,0.0
Germany,2023-W11,0.0,0.0,3691.0,0.0
Germany,2023-W12,0.0,0.0,3691.0,0.0
Germany,2023-W13,0.0,0.0,3691.0,0.0
Germany,2023-W14,0.0,0.0,3691.0,0.0
Germany,2023-W15,0.0,0.0,3691.0,0.0
Germany,2023-W16,0.0,0.0,3691.0,0.0
Germany,2023-W17,0.0,0.0,3691.0,0.0
Germany,2023-W18,0.0,0.0,3691.0,0.0
Germany,2023-W19,0.0,0.0,3691.0,0.0
Germany,2023-W20,0.0,0.0,3691.0,0.0
Germany,2023-W21,0.0,0.0,3691.0,0.0
Germany,2023-W22,0.0,0.0,3691.0,0.0
Germany,2023-W23,0.0,0.0,3691.0,0.0
Germany,2023-W24,0.0,0.0,3691.0,0.0
Germany,2023-W25,0.0,0.0,3691.0,0.0
Germany,2023-W26,0.0,0.0,3691.0,0.0
Germany,2023-W27,0.0,0.0,3691.0,0.0
Germany,2023-W28,0.0,0.0,3691.0,0.0
Germany,2023-W29,0.0,0.0,3691.0,0.0
Germany,2023-W30,0.0,0.0,3691.0,0.0
Germany,2023-W31,0.0,0.0,3691.0,0.0
Germany,2023-W32,3.0,0.0,3694.0,0.0
Germany,2023-W33,0.0,0.0,3694.0,0.0
Germany,2023-W34,0.0,0.0,3694.0,0.0
Germany,2023-W35,0.0,0.0,3694.0,0.0
Germany,2023-W36,3.0,0.0,3697.0,0.0
Germany,2023-W37,0.0,0.0,3697.0,0.0
Germany,2023-W38,6.0,0.0,3703.0,0.0
Germany,2023-W39,5.0,0.0,3708.0,0.0
Germany,2023-W40,0.0,0.0,3708.0,0.0
Germany,2023-W41,0.0,0.0,3708.0,0.0
Germany,2023-W42,0.0,0.0,3708.0,0.0
Germany,2023-W43,0.0,0.0,3708.0,0.0
Germany,2023-W44,49.0,0.0,3757.0,0.0
Germany,2023-W45,0.0,0.0,3757.0,0.0
Germany,2023-W46,0.0,0.0,3757.0,0.0
Germany,2023-W47,0.0,0.0,3757.0,0.0
Germany,2023-W48,22.0,0.0,3779.0,0.0
Germany,2023-W49,0.0,0.0,3779.0,0.0
Germany,2023-W50,0.0,0.0,3779.0,0.0
Germany,2023-W51,0.0,0.0,3779.0,0.0
Germany,2023-W52,21.0,0.0,3800.0,0.0
Germany,2024-W01,0.0,0.0,3800.0,0.0
Germany,2024-W02,0.0,0.0,3800.0,0.0
Germany,2024-W03,0.0,0.0,3800.0,0.0
Germany,2024-W04,0.0,0.0,3800.0,0.0
Germany,2024-W05,7.0,0.0,3807.0,0.0
Germany,2024-W06,0.0,0.0,3807.0,0.0
Germany,2024-W07,0.0,0.0,3807.0,0.0
Germany,2024-W08,0.0,0.0,3807.0,0.0
Germany,2024-W09,9.0,0.0,3816.0,0.0
Germany,2024-W10,0.0,0.0,3816.0,0.0
Germany,2024-W11,0.0,0.0,3816.0,0.0
Germany,2024-W12,0.0,0.0,3816.0,0.0
Germany,2024-W13,14.0,0.0,3830.0,0.0
Germany,2024-W14,0.0,0.0,3830.0,0.0
Germany,2024-W15,0.0,0.0,3830.0,0.0
Germany,2024-W16,0.0,0.0,3830.0,0.0
Germany,2024-W17,0.0,0.0,3830.0,0.0
Germany,2024-W18,11.0,0.0,3841.0,0.0
Germany,2024-W19,0.0,0.0,3841.0,0.0
Germany,2024-W20,0.0,0.0,3841.0,0.0
Germany,2024-W21,0.0,0.0,3841.0,0.0
Germany,2024-W22,6.0,0.0,3847.0,0.0
Germany,2024-W23,0.0,0.0,3847.0,0.0
Germany,2024-W24,0.0,0.0,3847.0,0.0
Germany,2024-W25,0.0,0.0,3847.0,0.0
Germany,2024-W26,10.0,0.0,3857.0,0.0
Germany,2024-W27,0.0,0.0,3857.0,0.0
Germany,2024-W28,0.0,0.0,3857.0,0.0
Germany,2024-W29,0.0,0.0,3857.0,0.0
Germany,2024-W30,0.0,0.0,3857.0,0.0
Germany,2024-W31,29.0,0.0,3886.0,0.0
Germany,2024-W32,0.0,0.0,3886.0,0.0
Germany,2024-W33,0.0,0.0,3886.0,0.0
Germany,2024-W34,0.0,0.0,3886.0,0.0
Germany,2024-W35,23.0,0.0,3909.0,0.0
Germany,2024-W36,0.0,0.0,3909.0,0.0
Germany,2024-W37,0.0,0.0,3909.0,0.0
Germany,2024-W38,0.0,0.0,3909.0,0.0
Germany,2024-W39,0.0,0.0,3909.0,0.0
Germany,2024-W40,23.0,0.0,3932.0,0.0
Germany,2024-W41,0.0,0.0,3932.0,0.0
Germany,2024-W42,0.0,0.0,3932.0,0.0
Germany,2024-W43,0.0,0.0,3932.0,0.0
Germany,2024-W44,48.0,0.0,3980.0,0.0
Germany,2024-W45,0.0,0.0,3980.0,0.0
Germany,2024-W46,0.0,0.0,3980.0,0.0
Germany,2024-W47,0.0,0.0,3980.0,0.0
Germany,2024-W48,60.0,0.0,4040.0,0.0
Germany,2024-W49,0.0,0.0,4040.0,0.0
Germany,2024-W50,0.0,0.0,4040.0,0.0
Germany,2024-W51,0.0,0.0,4040.0,0.0
Germany,2024-W52,0.0,0.0,4040.0,0.0
Germany,2025-W01,50.0,0.0,4090.0,0.0
Germany,2025-W02,49.0,0.0,4139.0,0.0
Germany,2025-W03,0.0,0.0,4139.0,0.0
Germany,2025-W04,0.0,0.0,4139.0,0.0
Germany,2025-W05,0.0,0.0,4139.0,0.0
Germany,2025-W06,0.0,0.0,4139.0,0.0
Germany,2025-W07,0.0,0.0,4139.0,0.0
Germany,2025-W08,0.0,0.0,4139.0,0.0
Germany,2025-W09,20.0,0.0,4159.0,0.0
Germany,2025-W10,0.0,0.0,4159.0,0.0
Germany,2025-W11,0.0,0.0,4159.0,0.0
Germany,2025-W12,0.0,0.0,4159.0,0.0
Germany,2025-W13,0.0,0.0,4159.0,0.0
Germany,2025-W14,77.0,0.0,4236.0,0.0
Germany,2025-W15,0.0,0.0,4236.0,0.0
Germany,2025-W16,0.0,0.0,4236.0,0.0
Germany,2025-W17,0.0,0.0,4236.0,0.0
Germany,2025-W18,61.0,0.0,4297.0,0.0
Germany,2025-W19,0.0,0.0,4297.0,0.0
Germany,2025-W20,81.0,0.0,4378.0,0.0
Germany,2025-W21,0.0,0.0,4378.0,0.0
Germany,2025-W22,0.0,0.0,4378.0,0.0
Germany,2025-W23,0.0,0.0,4378.0,0.0
Germany,2025-W24,59.0,0.0,4437.0,0.0
Germany,2025-W25,0.0,0.0,4437.0,0.0
Germany,2025-W26,0.0,0.0,4437.0,0.0
Germany,2025-W27,0.0,0.0,4437.0,0.0
Germany,2025-W28,40.0,0.0,4477.0,0.0
Germany,2025-W29,0.0,0.0,4477.0,0.0
Germany,2025-W30,0.0,0.0,4477.0,0.0
Germany,2025-W31,0.0,0.0,4477.0,0.0
Germany,2025-W32,0.0,0.0,4477.0,0.0
Germany,2025-W33,22.0,0.0,4499.0,0.0
Germany,2025-W34,0.0,0.0,4499.0,0.0
Germany,2025-W35,0.0,0.0,4499.0,0.0
Germany,2025-W36,0.0,0.0,4499.0,0.0
Germany,2025-W37,32.0,0.0,4531.0,0.0
Germany,2025-W38,0.0,0.0,4531.0,0.0
Germany,2025-W39,0.0,0.0,4531.0,0.0
Germany,2025-W40,0.0,0.0,4531.0,0.0
Germany,2025-W41,12.0,0.0,4543.0,0.0
Germany,2025-W42,0.0,0.0,4543.0,0.0
Germany,2025-W43,0.0,0.0,4543.0,0.0
Germany,2025-W44,0.0,0.0,4543.0,0.0
Germany,2025-W45,0.0,0.0,4543.0,0.0
Germany,2025-W46,48.0,0.0,4591.0,0.0
Germany,2025-W47,0.0,0.0,4591.0,0.0
Germany,2025-W48,0.0,0.0,4591.0,0.0
Germany,2025-W49,0.0,0.0,4591.0,0.0
Germany,2025-W50,0.0,0.0,4591.0,0.0
Germany,2025-W51,0.0,0.0,4591.0,0.0
Germany,2025-W52,14.0,0.0,4605.0,0.0
Ghana,2022-W17,0.0,0.0,2.0,0.0
Ghana,2022-W18,0.0,0.0,2.0,0.0
Ghana,2022-W19,0.0,0.0,2.0,0.0
Ghana,2022-W20,0.0,0.0,2.0,0.0
Ghana,2022-W21,0.0,0.0,2.0,0.0
Ghana,2022-W22,6.0,0.0,8.0,0.0
Ghana,2022-W23,11.0,0.0,19.0,0.0
Ghana,2022-W24,3.0,0.0,22.0,0.0
Ghana,2022-W25,1.0,0.0,23.0,0.0
Ghana,2022-W26,6.0,0.0,29.0,0.0
Ghana,2022-W27,5.0,0.0,34.0,0.0
Ghana,2022-W28,2.0,0.0,36.0,0.0
Ghana,2022-W29,2.0,0.0,38.0,0.0
Ghana,2022-W30,14.0,1.0,52.0,1.0
Ghana,2022-W31,4.0,0.0,56.0,1.0
Ghana,2022-W32,12.0,0.0,68.0,1.0
Ghana,2022-W33,11.0,3.0,79.0,4.0
Ghana,2022-W34,7.0,0.0,86.0,4.0
Ghana,2022-W35,3.0,0.0,89.0,4.0
Ghana,2022-W36,4.0,0.0,93.0,4.0
Ghana,2022-W37,3.0,0.0,96.0,4.0
Ghana,2022-W38,5.0,0.0,101.0,4.0
Ghana,2022-W39,4.0,0.0,105.0,4.0
Ghana,2022-W40,0.0,0.0,105.0,4.0
Ghana,2022-W41,1.0,0.0,106.0,4.0
Ghana,2022-W42,0.0,0.0,106.0,4.0
Ghana,2022-W43,2.0,0.0,108.0,4.0
Ghana,2022-W44,0.0,0.0,108.0,4.0
Ghana,2022-W45,0.0,0.0,108.0,4.0
Ghana,2022-W46,0.0,0.0,108.0,4.0
Ghana,2022-W47,3.0,0.0,111.0,4.0
Ghana,2022-W48,0.0,0.0,111.0,4.0
Ghana,2022-W49,6.0,0.0,117.0,4.0
Ghana,2022-W50,0.0,0.0,117.0,4.0
Ghana,2022-W51,5.0,0.0,122.0,4.0
Ghana,2022-W52,0.0,0.0,122.0,4.0
Ghana,2023-W01,0.0,0.0,122.0,4.0
Ghana,2023-W02,0.0,0.0,122.0,4.0
Ghana,2023-W03,2.0,0.0,124.0,4.0
Ghana,2023-W04,0.0,0.0,124.0,4.0
Ghana,2023-W05,0.0,0.0,124.0,4.0
Ghana,2023-W06,0.0,0.0,124.0,4.0
Ghana,2023-W07,0.0,0.0,124.0,4.0
Ghana,2023-W08,0.0,0.0,124.0,4.0
Ghana,2023-W09,0.0,0.0,124.0,4.0
Ghana,2023-W10,0.0,0.0,124.0,4.0
Ghana,2023-W11,1.0,0.0,125.0,4.0
Ghana,2023-W12,0.0,0.0,125.0,4.0
Ghana,2023-W13,0.0,0.0,125.0,4.0
Ghana,2023-W14,1.0,0.0,126.0,4.0
Ghana,2023-W15,0.0,0.0,126.0,4.0
Ghana,2023-W16,0.0,0.0,126.0,4.0
Ghana,2023-W17,0.0,0.0,126.0,4.0
Ghana,2023-W18,1.0,0.0,127.0,4.0
Ghana,2023-W19,1.0,0.0,128.0,4.0
Ghana,2023-W20,0.0,0.0,128.0,4.0
Ghana,2023-W21,0.0,0.0,128.0,4.0
Ghana,2023-W22,0.0,0.0,128.0,4.0
Ghana,2023-W23,0.0,0.0,128.0,4.0
Ghana,2023-W24,0.0,0.0,128.0,4.0
Ghana,2023-W25,0.0,0.0,128.0,4.0
Ghana,2023-W26,0.0,0.0,128.0,4.0
Ghana,2023-W27,0.0,0.0,128.0,4.0
Ghana,2023-W28,0.0,0.0,128.0,4.0
Ghana,2023-W29,0.0,0.0,128.0,4.0
Ghana,2023-W30,0.0,0.0,128.0,4.0
Ghana,2023-W31,0.0,0.0,128.0,4.0
Ghana,2023-W32,0.0,0.0,128.0,4.0
Ghana,2023-W33,0.0,0.0,128.0,4.0
Ghana,2023-W34,0.0,0.0,128.0,4.0
Ghana,2023-W35,0.0,0.0,128.0,4.0
Ghana,2023-W36,0.0,0.0,128.0,4.0
Ghana,2023-W37,0.0,0.0,128.0,4.0
Ghana,2023-W38,0.0,0.0,128.0,4.0
Ghana,2023-W39,0.0,0.0,128.0,4.0
Ghana,2023-W40,0.0,0.0,128.0,4.0
Ghana,2023-W41,0.0,0.0,128.0,4.0
Ghana,2023-W42,0.0,0.0,128.0,4.0
Ghana,2023-W43,0.0,0.0,128.0,4.0
Ghana,2023-W44,0.0,0.0,128.0,4.0
Ghana,2023-W45,0.0,0.0,128.0,4.0
Ghana,2023-W46,0.0,0.0,128.0,4.0
Ghana,2023-W47,0.0,0.0,128.0,4.0
Ghana,2023-W48,0.0,0.0,128.0,4.0
Ghana,2023-W49,0.0,0.0,128.0,4.0
Ghana,2023-W50,0.0,0.0,128.0,4.0
Ghana,2023-W51,0.0,0.0,128.0,4.0
Ghana,2023-W52,0.0,0.0,128.0,4.0
Ghana,2024-W01,0.0,0.0,128.0,4.0
Ghana,2024-W02,0.0,0.0,128.0,4.0
Ghana,2024-W03,0.0,0.0,128.0,4.0
Ghana,2024-W04,0.0,0.0,128.0,4.0
Ghana,2024-W05,0.0,0.0,128.0,4.0
Ghana,2024-W06,0.0,0.0,128.0,4.0
Ghana,2024-W07,0.0,0.0,128.0,4.0
Ghana,2024-W08,0.0,0.0,128.0,4.0
Ghana,2024-W09,0.0,0.0,128.0,4.0
Ghana,2024-W10,0.0,0.0,128.0,4.0
Ghana,2024-W11,0.0,0.0,128.0,4.0
Ghana,2024-W12,0.0,0.0,128.0,4.0
Ghana,2024-W13,0.0,0.0,128.0,4.0
Ghana,2024-W14,0.0,0.0,128.0,4.0
Ghana,2024-W15,0.0,0.0,128.0,4.0
Ghana,2024-W16,0.0,0.0,128.0,4.0
Ghana,2024-W17,0.0,0.0,128.0,4.0
Ghana,2024-W18,0.0,0.0,128.0,4.0
Ghana,2024-W19,0.0,0.0,128.0,4.0
Ghana,2024-W20,0.0,0.0,128.0,4.0
Ghana,2024-W21,0.0,0.0,128.0,4.0
Ghana,2024-W22,0.0,0.0,128.0,4.0
Ghana,2024-W23,0.0,0.0,128.0,4.0
Ghana,2024-W24,0.0,0.0,128.0,4.0
Ghana,2024-W25,0.0,0.0,128.0,4.0
Ghana,2024-W26,0.0,0.0,128.0,4.0
Ghana,2024-W27,0.0,0.0,128.0,4.0
Ghana,2024-W28,0.0,0.0,128.0,4.0
Ghana,2024-W29,0.0,0.0,128.0,4.0
Ghana,2024-W30,0.0,0.0,128.0,4.0
Ghana,2024-W31,0.0,0.0,128.0,4.0
Ghana,2024-W32,0.0,0.0,128.0,4.0
Ghana,2024-W33,0.0,0.0,128.0,4.0
Ghana,2024-W34,0.0,0.0,128.0,4.0
Ghana,2024-W35,0.0,0.0,128.0,4.0
Ghana,2024-W36,0.0,0.0,128.0,4.0
Ghana,2024-W37,0.0,0.0,128.0,4.0
Ghana,2024-W38,1.0,0.0,129.0,4.0
Ghana,2024-W39,1.0,0.0,130.0,4.0
Ghana,2024-W40,0.0,0.0,130.0,4.0
Ghana,2024-W41,0.0,0.0,130.0,4.0
Ghana,2024-W42,0.0,0.0,130.0,4.0
Ghana,2024-W43,1.0,0.0,131.0,4.0
Ghana,2024-W44,0.0,0.0,131.0,4.0
Ghana,2024-W45,0.0,0.0,131.0,4.0
Ghana,2024-W46,1.0,0.0,132.0,4.0
Ghana,2024-W47,1.0,0.0,133.0,4.0
Ghana,2024-W48,0.0,0.0,133.0,4.0
Ghana,2024-W49,0.0,0.0,133.0,4.0
Ghana,2024-W50,0.0,0.0,133.0,4.0
Ghana,2024-W51,0.0,0.0,133.0,4.0
Ghana,2024-W52,0.0,0.0,133.0,4.0
Ghana,2025-W01,0.0,0.0,133.0,4.0
Ghana,2025-W02,0.0,0.0,133.0,4.0
Ghana,2025-W03,0.0,0.0,133.0,4.0
Ghana,2025-W04,0.0,0.0,133.0,4.0
Ghana,2025-W05,0.0,0.0,133.0,4.0
Ghana,2025-W06,0.0,0.0,133.0,4.0
Ghana,2025-W07,0.0,0.0,133.0,4.0
Ghana,2025-W08,1.0,0.0,134.0,4.0
Ghana,2025-W09,0.0,0.0,134.0,4.0
Ghana,2025-W10,0.0,0.0,134.0,4.0
Ghana,2025-W11,0.0,0.0,134.0,4.0
Ghana,2025-W12,0.0,0.0,134.0,4.0
Ghana,2025-W13,0.0,0.0,134.0,4.0
Ghana,2025-W14,0.0,0.0,134.0,4.0
Ghana,2025-W15,0.0,0.0,134.0,4.0
Ghana,2025-W16,1.0,0.0,135.0,4.0
Ghana,2025-W17,1.0,0.0,136.0,4.0
Ghana,2025-W18,2.0,0.0,138.0,4.0
Ghana,2025-W19,10.0,0.0,148.0,4.0
Ghana,2025-W20,19.0,0.0,167.0,4.0
Ghana,2025-W21,21.0,0.0,188.0,4.0
Ghana,2025-W22,36.0,0.0,224.0,4.0
Ghana,2025-W23,15.0,0.0,239.0,4.0
Ghana,2025-W24,25.0,0.0,264.0,4.0
Ghana,2025-W25,37.0,0.0,301.0,4.0
Ghana,2025-W26,24.0,0.0,325.0,4.0
Ghana,2025-W27,31.0,0.0,356.0,4.0
Ghana,2025-W28,27.0,1.0,383.0,5.0
Ghana,2025-W29,18.0,0.0,401.0,5.0
Ghana,2025-W30,32.0,0.0,433.0,5.0
Ghana,2025-W31,23.0,0.0,456.0,5.0
Ghana,2025-W32,44.0,0.0,500.0,5.0
Ghana,2025-W33,37.0,0.0,537.0,5.0
Ghana,2025-W34,35.0,0.0,572.0,5.0
Ghana,2025-W35,48.0,0.0,620.0,5.0
Ghana,2025-W36,28.0,0.0,648.0,5.0
Ghana,2025-W37,35.0,1.0,683.0,6.0
Ghana,2025-W38,28.0,0.0,711.0,6.0
Ghana,2025-W39,74.0,1.0,785.0,7.0
Ghana,2025-W40,44.0,0.0,829.0,7.0
Ghana,2025-W41,38.0,0.0,867.0,7.0
Ghana,2025-W42,32.0,0.0,899.0,7.0
Ghana,2025-W43,24.0,0.0,923.0,7.0
Ghana,2025-W44,32.0,0.0,955.0,7.0
Ghana,2025-W45,28.0,0.0,983.0,7.0
Ghana,2025-W46,26.0,0.0,1009.0,7.0
Ghana,2025-W47,21.0,0.0,1030.0,7.0
Ghana,2025-W48,12.0,1.0,1042.0,8.0
Ghana,2025-W49,11.0,0.0,1053.0,8.0
Ghana,2025-W50,9.0,0.0,1062.0,8.0
Ghana,2025-W51,13.0,2.0,1075.0,10.0
Ghana,2025-W52,2.0,1.0,1077.0,11.0
Gibraltar,2022-W22,1.0,0.0,1.0,0.0
Gibraltar,2022-W23,0.0,0.0,1.0,0.0
Gibraltar,2022-W24,0.0,0.0,1.0,0.0
Gibraltar,2022-W25,0.0,0.0,1.0,0.0
Gibraltar,2022-W26,0.0,0.0,1.0,0.0
Gibraltar,2022-W27,0.0,0.0,1.0,0.0
Gibraltar,2022-W28,4.0,0.0,5.0,0.0
Gibraltar,2022-W29,0.0,0.0,5.0,0.0
Gibraltar,2022-W30,0.0,0.0,5.0,0.0
Gibraltar,2022-W31,0.0,0.0,5.0,0.0
Gibraltar,2022-W32,1.0,0.0,6.0,0.0
Gibraltar,2022-W33,0.0,0.0,6.0,0.0
Gibraltar,2022-W34,0.0,0.0,6.0,0.0
Gibraltar,2022-W35,0.0,0.0,6.0,0.0
Gibraltar,2022-W36,0.0,0.0,6.0,0.0
Gibraltar,2022-W37,0.0,0.0,6.0,0.0
Gibraltar,2022-W38,0.0,0.0,6.0,0.0
Gibraltar,2022-W39,0.0,0.0,6.0,0.0
Gibraltar,2022-W40,0.0,0.0,6.0,0.0
Gibraltar,2022-W41,0.0,0.0,6.0,0.0
Gibraltar,2022-W42,0.0,0.0,6.0,0.0
Gibraltar,2022-W43,0.0,0.0,6.0,0.0
Gibraltar,2022-W44,0.0,0.0,6.0,0.0
Gibraltar,2022-W45,0.0,0.0,6.0,0.0
Gibraltar,2022-W46,0.0,0.0,6.0,0.0
Gibraltar,2022-W47,0.0,0.0,6.0,0.0
Gibraltar,2022-W48,0.0,0.0,6.0,0.0
Gibraltar,2022-W49,0.0,0.0,6.0,0.0
Gibraltar,2022-W50,0.0,0.0,6.0,0.0
Gibraltar,2022-W51,0.0,0.0,6.0,0.0
Gibraltar,2022-W52,0.0,0.0,6.0,0.0
Gibraltar,2023-W01,0.0,0.0,6.0,0.0
Gibraltar,2023-W02,0.0,0.0,6.0,0.0
Gibraltar,2023-W03,0.0,0.0,6.0,0.0
Gibraltar,2023-W04,0.0,0.0,6.0,0.0
Gibraltar,2023-W05,0.0,0.0,6.0,0.0
Gibraltar,2023-W06,0.0,0.0,6.0,0.0
Gibraltar,2023-W07,0.0,0.0,6.0,0.0
Gibraltar,2023-W08,0.0,0.0,6.0,0.0
Gibraltar,2023-W09,0.0,0.0,6.0,0.0
Gibraltar,2023-W10,0.0,0.0,6.0,0.0
Gibraltar,2023-W11,0.0,0.0,6.0,0.0
Gibraltar,2023-W12,0.0,0.0,6.0,0.0
Gibraltar,2023-W13,0.0,0.0,6.0,0.0
Gibraltar,2023-W14,0.0,0.0,6.0,0.0
Gibraltar,2023-W15,0.0,0.0,6.0,0.0
Gibraltar,2023-W16,0.0,0.0,6.0,0.0
Gibraltar,2023-W17,0.0,0.0,6.0,0.0
Gibraltar,2023-W18,0.0,0.0,6.0,0.0
Gibraltar,2023-W19,0.0,0.0,6.0,0.0
Gibraltar,2023-W20,0.0,0.0,6.0,0.0
Gibraltar,2023-W21,0.0,0.0,6.0,0.0
Gibraltar,2023-W22,0.0,0.0,6.0,0.0
Gibraltar,2023-W23,0.0,0.0,6.0,0.0
Gibraltar,2023-W24,0.0,0.0,6.0,0.0
Gibraltar,2023-W25,0.0,0.0,6.0,0.0
Gibraltar,2023-W26,0.0,0.0,6.0,0.0
Gibraltar,2023-W27,0.0,0.0,6.0,0.0
Gibraltar,2023-W28,0.0,0.0,6.0,0.0
Gibraltar,2023-W29,0.0,0.0,6.0,0.0
Gibraltar,2023-W30,0.0,0.0,6.0,0.0
Gibraltar,2023-W31,0.0,0.0,6.0,0.0
Gibraltar,2023-W32,0.0,0.0,6.0,0.0
Gibraltar,2023-W33,0.0,0.0,6.0,0.0
Gibraltar,2023-W34,0.0,0.0,6.0,0.0
Gibraltar,2023-W35,0.0,0.0,6.0,0.0
Gibraltar,2023-W36,0.0,0.0,6.0,0.0
Gibraltar,2023-W37,0.0,0.0,6.0,0.0
Gibraltar,2023-W38,0.0,0.0,6.0,0.0
Gibraltar,2023-W39,0.0,0.0,6.0,0.0
Gibraltar,2023-W40,0.0,0.0,6.0,0.0
Gibraltar,2023-W41,0.0,0.0,6.0,0.0
Gibraltar,2023-W42,0.0,0.0,6.0,0.0
Gibraltar,2023-W43,0.0,0.0,6.0,0.0
Gibraltar,2023-W44,0.0,0.0,6.0,0.0
Gibraltar,2023-W45,0.0,0.0,6.0,0.0
Gibraltar,2023-W46,0.0,0.0,6.0,0.0
Gibraltar,2023-W47,0.0,0.0,6.0,0.0
Gibraltar,2023-W48,0.0,0.0,6.0,0.0
Gibraltar,2023-W49,0.0,0.0,6.0,0.0
Gibraltar,2023-W50,0.0,0.0,6.0,0.0
Gibraltar,2023-W51,0.0,0.0,6.0,0.0
Gibraltar,2023-W52,0.0,0.0,6.0,0.0
Gibraltar,2024-W01,0.0,0.0,6.0,0.0
Gibraltar,2024-W02,0.0,0.0,6.0,0.0
Gibraltar,2024-W03,0.0,0.0,6.0,0.0
Gibraltar,2024-W04,0.0,0.0,6.0,0.0
Gibraltar,2024-W05,0.0,0.0,6.0,0.0
Gibraltar,2024-W06,0.0,0.0,6.0,0.0
Gibraltar,2024-W07,0.0,0.0,6.0,0.0
Gibraltar,2024-W08,0.0,0.0,6.0,0.0
Gibraltar,2024-W09,0.0,0.0,6.0,0.0
Gibraltar,2024-W10,0.0,0.0,6.0,0.0
Gibraltar,2024-W11,0.0,0.0,6.0,0.0
Gibraltar,2024-W12,0.0,0.0,6.0,0.0
Gibraltar,2024-W13,0.0,0.0,6.0,0.0
Gibraltar,2024-W14,0.0,0.0,6.0,0.0
Gibraltar,2024-W15,0.0,0.0,6.0,0.0
Gibraltar,2024-W16,0.0,0.0,6.0,0.0
Gibraltar,2024-W17,0.0,0.0,6.0,0.0
Gibraltar,2024-W18,0.0,0.0,6.0,0.0
Gibraltar,2024-W19,0.0,0.0,6.0,0.0
Gibraltar,2024-W20,0.0,0.0,6.0,0.0
Gibraltar,2024-W21,0.0,0.0,6.0,0.0
Gibraltar,2024-W22,0.0,0.0,6.0,0.0
Gibraltar,2024-W23,0.0,0.0,6.0,0.0
Gibraltar,2024-W24,0.0,0.0,6.0,0.0
Gibraltar,2024-W25,0.0,0.0,6.0,0.0
Gibraltar,2024-W26,0.0,0.0,6.0,0.0
Gibraltar,2024-W27,0.0,0.0,6.0,0.0
Gibraltar,2024-W28,0.0,0.0,6.0,0.0
Gibraltar,2024-W29,0.0,0.0,6.0,0.0
Gibraltar,2024-W30,0.0,0.0,6.0,0.0
Gibraltar,2024-W31,0.0,0.0,6.0,0.0
Gibraltar,2024-W32,0.0,0.0,6.0,0.0
Gibraltar,2024-W33,0.0,0.0,6.0,0.0
Gibraltar,2024-W34,0.0,0.0,6.0,0.0
Gibraltar,2024-W35,0.0,0.0,6.0,0.0
Gibraltar,2024-W36,0.0,0.0,6.0,0.0
Gibraltar,2024-W37,0.0,0.0,6.0,0.0
Gibraltar,2024-W38,0.0,0.0,6.0,0.0
Gibraltar,2024-W39,0.0,0.0,6.0,0.0
Gibraltar,2024-W40,0.0,0.0,6.0,0.0
Gibraltar,2024-W41,0.0,0.0,6.0,0.0
Gibraltar,2024-W42,0.0,0.0,6.0,0.0
Gibraltar,2024-W43,0.0,0.0,6.0,0.0
Gibraltar,2024-W44,0.0,0.0,6.0,0.0
Gibraltar,2024-W45,0.0,0.0,6.0,0.0
Gibraltar,2024-W46,0.0,0.0,6.0,0.0
Gibraltar,2024-W47,0.0,0.0,6.0,0.0
Gibraltar,2024-W48,0.0,0.0,6.0,0.0
Gibraltar,2024-W49,0.0,0.0,6.0,0.0
Gibraltar,2024-W50,0.0,0.0,6.0,0.0
Gibraltar,2024-W51,0.0,0.0,6.0,0.0
Gibraltar,2024-W52,0.0,0.0,6.0,0.0
Gibraltar,2025-W01,0.0,0.0,6.0,0.0
Gibraltar,2025-W02,0.0,0.0,6.0,0.0
Gibraltar,2025-W03,0.0,0.0,6.0,0.0
Gibraltar,2025-W04,0.0,0.0,6.0,0.0
Gibraltar,2025-W05,0.0,0.0,6.0,0.0
Gibraltar,2025-W06,0.0,0.0,6.0,0.0
Gibraltar,2025-W07,0.0,0.0,6.0,0.0
Gibraltar,2025-W08,0.0,0.0,6.0,0.0
Gibraltar,2025-W09,0.0,0.0,6.0,0.0
Gibraltar,2025-W10,0.0,0.0,6.0,0.0
Gibraltar,2025-W11,0.0,0.0,6.0,0.0
Gibraltar,2025-W12,0.0,0.0,6.0,0.0
Gibraltar,2025-W13,0.0,0.0,6.0,0.0
Gibraltar,2025-W14,0.0,0.0,6.0,0.0
Gibraltar,2025-W15,0.0,0.0,6.0,0.0
Gibraltar,2025-W16,0.0,0.0,6.0,0.0
Gibraltar,2025-W17,0.0,0.0,6.0,0.0
Gibraltar,2025-W18,0.0,0.0,6.0,0.0
Gibraltar,2025-W19,0.0,0.0,6.0,0.0
Gibraltar,2025-W20,0.0,0.0,6.0,0.0
Gibraltar,2025-W21,0.0,0.0,6.0,0.0
Gibraltar,2025-W22,0.0,0.0,6.0,0.0
Gibraltar,2025-W23,0.0,0.0,6.0,0.0
Gibraltar,2025-W24,0.0,0.0,6.0,0.0
Gibraltar,2025-W25,0.0,0.0,6.0,0.0
Gibraltar,2025-W26,0.0,0.0,6.0,0.0
Gibraltar,2025-W27,0.0,0.0,6.0,0.0
Gibraltar,2025-W28,0.0,0.0,6.0,0.0
Gibraltar,2025-W29,0.0,0.0,6.0,0.0
Gibraltar,2025-W30,0.0,0.0,6.0,0.0
Gibraltar,2025-W31,0.0,0.0,6.0,0.0
Gibraltar,2025-W32,0.0,0.0,6.0,0.0
Gibraltar,2025-W33,0.0,0.0,6.0,0.0
Gibraltar,2025-W34,0.0,0.0,6.0,0.0
Gibraltar,2025-W35,0.0,0.0,6.0,0.0
Gibraltar,2025-W36,0.0,0.0,6.0,0.0
Gibraltar,2025-W37,0.0,0.0,6.0,0.0
Gibraltar,2025-W38,0.0,0.0,6.0,0.0
Gibraltar,2025-W39,0.0,0.0,6.0,0.0
Gibraltar,2025-W40,0.0,0.0,6.0,0.0
Gibraltar,2025-W41,0.0,0.0,6.0,0.0
Gibraltar,2025-W42,0.0,0.0,6.0,0.0
Gibraltar,2025-W43,0.0,0.0,6.0,0.0
Gibraltar,2025-W44,0.0,0.0,6.0,0.0
Gibraltar,2025-W45,0.0,0.0,6.0,0.0
Gibraltar,2025-W46,0.0,0.0,6.0,0.0
Gibraltar,2025-W47,0.0,0.0,6.0,0.0
Gibraltar,2025-W48,0.0,0.0,6.0,0.0
Gibraltar,2025-W49,0.0,0.0,6.0,0.0
Gibraltar,2025-W50,0.0,0.0,6.0,0.0
Gibraltar,2025-W51,0.0,0.0,6.0,0.0
Gibraltar,2025-W52,0.0,0.0,6.0,0.0
Greece,2022-W23,0.0,0.0,0.0,0.0
Greece,2022-W24,2.0,0.0,2.0,0.0
Greece,2022-W25,1.0,0.0,3.0,0.0
Greece,2022-W26,0.0,0.0,3.0,0.0
Greece,2022-W27,9.0,0.0,12.0,0.0
Greece,2022-W28,1.0,0.0,13.0,0.0
Greece,2022-W29,7.0,0.0,20.0,0.0
Greece,2022-W30,12.0,0.0,32.0,0.0
Greece,2022-W31,7.0,0.0,39.0,0.0
Greece,2022-W32,10.0,0.0,49.0,0.0
Greece,2022-W33,1.0,0.0,50.0,0.0
Greece,2022-W34,4.0,0.0,54.0,0.0
Greece,2022-W35,4.0,0.0,58.0,0.0
Greece,2022-W36,8.0,0.0,66.0,0.0
Greece,2022-W37,3.0,0.0,69.0,0.0
Greece,2022-W38,3.0,0.0,72.0,0.0
Greece,2022-W39,8.0,0.0,80.0,0.0
Greece,2022-W40,2.0,0.0,82.0,0.0
Greece,2022-W41,0.0,0.0,82.0,0.0
Greece,2022-W42,0.0,0.0,82.0,0.0
Greece,2022-W43,2.0,0.0,84.0,0.0
Greece,2022-W44,0.0,0.0,84.0,0.0
Greece,2022-W45,1.0,0.0,85.0,0.0
Greece,2022-W46,0.0,0.0,85.0,0.0
Greece,2022-W47,0.0,0.0,85.0,0.0
Greece,2022-W48,0.0,0.0,85.0,0.0
Greece,2022-W49,0.0,0.0,85.0,0.0
Greece,2022-W50,0.0,0.0,85.0,0.0
Greece,2022-W51,0.0,0.0,85.0,0.0
Greece,2022-W52,0.0,0.0,85.0,0.0
Greece,2023-W01,0.0,0.0,85.0,0.0
Greece,2023-W02,0.0,0.0,85.0,0.0
Greece,2023-W03,1.0,0.0,86.0,0.0
Greece,2023-W04,0.0,0.0,86.0,0.0
Greece,2023-W05,0.0,0.0,86.0,0.0
Greece,2023-W06,0.0,0.0,86.0,0.0
Greece,2023-W07,0.0,0.0,86.0,0.0
Greece,2023-W08,0.0,0.0,86.0,0.0
Greece,2023-W09,0.0,0.0,86.0,0.0
Greece,2023-W10,1.0,0.0,87.0,0.0
Greece,2023-W11,0.0,0.0,87.0,0.0
Greece,2023-W12,0.0,0.0,87.0,0.0
Greece,2023-W13,0.0,0.0,87.0,0.0
Greece,2023-W14,0.0,0.0,87.0,0.0
Greece,2023-W15,0.0,0.0,87.0,0.0
Greece,2023-W16,0.0,0.0,87.0,0.0
Greece,2023-W17,0.0,0.0,87.0,0.0
Greece,2023-W18,1.0,0.0,88.0,0.0
Greece,2023-W19,0.0,0.0,88.0,0.0
Greece,2023-W20,0.0,0.0,88.0,0.0
Greece,2023-W21,0.0,0.0,88.0,0.0
Greece,2023-W22,0.0,0.0,88.0,0.0
Greece,2023-W23,0.0,0.0,88.0,0.0
Greece,2023-W24,0.0,0.0,88.0,0.0
Greece,2023-W25,0.0,0.0,88.0,0.0
Greece,2023-W26,0.0,0.0,88.0,0.0
Greece,2023-W27,0.0,0.0,88.0,0.0
Greece,2023-W28,0.0,0.0,88.0,0.0
Greece,2023-W29,0.0,0.0,88.0,0.0
Greece,2023-W30,0.0,0.0,88.0,0.0
Greece,2023-W31,0.0,0.0,88.0,0.0
Greece,2023-W32,0.0,0.0,88.0,0.0
Greece,2023-W33,0.0,0.0,88.0,0.0
Greece,2023-W34,0.0,0.0,88.0,0.0
Greece,2023-W35,0.0,0.0,88.0,0.0
Greece,2023-W36,0.0,0.0,88.0,0.0
Greece,2023-W37,0.0,0.0,88.0,0.0
Greece,2023-W38,0.0,0.0,88.0,0.0
Greece,2023-W39,0.0,0.0,88.0,0.0
Greece,2023-W40,0.0,0.0,88.0,0.0
Greece,2023-W41,0.0,0.0,88.0,0.0
Greece,2023-W42,0.0,0.0,88.0,0.0
Greece,2023-W43,0.0,0.0,88.0,0.0
Greece,2023-W44,0.0,0.0,88.0,0.0
Greece,2023-W45,0.0,0.0,88.0,0.0
Greece,2023-W46,0.0,0.0,88.0,0.0
Greece,2023-W47,0.0,0.0,88.0,0.0
Greece,2023-W48,1.0,0.0,89.0,0.0
Greece,2023-W49,0.0,0.0,89.0,0.0
Greece,2023-W50,0.0,0.0,89.0,0.0
Greece,2023-W51,0.0,0.0,89.0,0.0
Greece,2023-W52,0.0,0.0,89.0,0.0
Greece,2024-W01,0.0,0.0,89.0,0.0
Greece,2024-W02,0.0,0.0,89.0,0.0
Greece,2024-W03,0.0,0.0,89.0,0.0
Greece,2024-W04,0.0,0.0,89.0,0.0
Greece,2024-W05,2.0,0.0,91.0,0.0
Greece,2024-W06,0.0,0.0,91.0,0.0
Greece,2024-W07,0.0,0.0,91.0,0.0
Greece,2024-W08,0.0,0.0,91.0,0.0
Greece,2024-W09,0.0,0.0,91.0,0.0
Greece,2024-W10,0.0,0.0,91.0,0.0
Greece,2024-W11,0.0,0.0,91.0,0.0
Greece,2024-W12,0.0,0.0,91.0,0.0
Greece,2024-W13,1.0,0.0,92.0,0.0
Greece,2024-W14,0.0,0.0,92.0,0.0
Greece,2024-W15,0.0,0.0,92.0,0.0
Greece,2024-W16,0.0,0.0,92.0,0.0
Greece,2024-W17,0.0,0.0,92.0,0.0
Greece,2024-W18,6.0,0.0,98.0,0.0
Greece,2024-W19,0.0,0.0,98.0,0.0
Greece,2024-W20,0.0,0.0,98.0,0.0
Greece,2024-W21,0.0,0.0,98.0,0.0
Greece,2024-W22,1.0,0.0,99.0,0.0
Greece,2024-W23,0.0,0.0,99.0,0.0
Greece,2024-W24,0.0,0.0,99.0,0.0
Greece,2024-W25,0.0,0.0,99.0,0.0
Greece,2024-W26,0.0,0.0,99.0,0.0
Greece,2024-W27,0.0,0.0,99.0,0.0
Greece,2024-W28,0.0,0.0,99.0,0.0
Greece,2024-W29,0.0,0.0,99.0,0.0
Greece,2024-W30,0.0,0.0,99.0,0.0
Greece,2024-W31,0.0,0.0,99.0,0.0
Greece,2024-W32,0.0,0.0,99.0,0.0
Greece,2024-W33,0.0,0.0,99.0,0.0
Greece,2024-W34,0.0,0.0,99.0,0.0
Greece,2024-W35,0.0,0.0,99.0,0.0
Greece,2024-W36,0.0,0.0,99.0,0.0
Greece,2024-W37,0.0,0.0,99.0,0.0
Greece,2024-W38,0.0,0.0,99.0,0.0
Greece,2024-W39,0.0,0.0,99.0,0.0
Greece,2024-W40,3.0,0.0,102.0,0.0
Greece,2024-W41,0.0,0.0,102.0,0.0
Greece,2024-W42,0.0,0.0,102.0,0.0
Greece,2024-W43,0.0,0.0,102.0,0.0
Greece,2024-W44,0.0,0.0,102.0,0.0
Greece,2024-W45,0.0,0.0,102.0,0.0
Greece,2024-W46,0.0,0.0,102.0,0.0
Greece,2024-W47,0.0,0.0,102.0,0.0
Greece,2024-W48,5.0,0.0,107.0,0.0
Greece,2024-W49,0.0,0.0,107.0,0.0
Greece,2024-W50,0.0,0.0,107.0,0.0
Greece,2024-W51,0.0,0.0,107.0,0.0
Greece,2024-W52,0.0,0.0,107.0,0.0
Greece,2025-W01,22.0,0.0,129.0,0.0
Greece,2025-W02,9.0,0.0,138.0,0.0
Greece,2025-W03,0.0,0.0,138.0,0.0
Greece,2025-W04,0.0,0.0,138.0,0.0
Greece,2025-W05,0.0,0.0,138.0,0.0
Greece,2025-W06,0.0,0.0,138.0,0.0
Greece,2025-W07,0.0,0.0,138.0,0.0
Greece,2025-W08,0.0,0.0,138.0,0.0
Greece,2025-W09,7.0,0.0,145.0,0.0
Greece,2025-W10,0.0,0.0,145.0,0.0
Greece,2025-W11,0.0,0.0,145.0,0.0
Greece,2025-W12,0.0,0.0,145.0,0.0
Greece,2025-W13,0.0,0.0,145.0,0.0
Greece,2025-W14,10.0,0.0,155.0,0.0
Greece,2025-W15,0.0,0.0,155.0,0.0
Greece,2025-W16,0.0,0.0,155.0,0.0
Greece,2025-W17,0.0,0.0,155.0,0.0
Greece,2025-W18,2.0,0.0,157.0,0.0
Greece,2025-W19,0.0,0.0,157.0,0.0
Greece,2025-W20,1.0,0.0,158.0,0.0
Greece,2025-W21,0.0,0.0,158.0,0.0
Greece,2025-W22,0.0,0.0,158.0,0.0
Greece,2025-W23,0.0,0.0,158.0,0.0
Greece,2025-W24,0.0,0.0,158.0,0.0
Greece,2025-W25,0.0,0.0,158.0,0.0
Greece,2025-W26,0.0,0.0,158.0,0.0
Greece,2025-W27,0.0,0.0,158.0,0.0
Greece,2025-W28,1.0,0.0,159.0,0.0
Greece,2025-W29,0.0,0.0,159.0,0.0
Greece,2025-W30,0.0,0.0,159.0,0.0
Greece,2025-W31,0.0,0.0,159.0,0.0
Greece,2025-W32,0.0,0.0,159.0,0.0
Greece,2025-W33,1.0,0.0,160.0,0.0
Greece,2025-W34,0.0,0.0,160.0,0.0
Greece,2025-W35,0.0,0.0,160.0,0.0
Greece,2025-W36,0.0,0.0,160.0,0.0
Greece,2025-W37,0.0,0.0,160.0,0.0
Greece,2025-W38,0.0,0.0,160.0,0.0
Greece,2025-W39,0.0,0.0,160.0,0.0
Greece,2025-W40,0.0,0.0,160.0,0.0
Greece,2025-W41,1.0,0.0,161.0,0.0
Greece,2025-W42,0.0,0.0,161.0,0.0
Greece,2025-W43,0.0,0.0,161.0,0.0
Greece,2025-W44,0.0,0.0,161.0,0.0
Greece,2025-W45,0.0,0.0,161.0,0.0
Greece,2025-W46,0.0,0.0,161.0,0.0
Greece,2025-W47,0.0,0.0,161.0,0.0
Greece,2025-W48,0.0,0.0,161.0,0.0
Greece,2025-W49,0.0,0.0,161.0,0.0
Greece,2025-W50,0.0,0.0,161.0,0.0
Greece,2025-W51,0.0,0.0,161.0,0.0
Greece,2025-W52,0.0,0.0,161.0,0.0
Greenland,2022-W32,2.0,0.0,2.0,0.0
Greenland,2022-W33,0.0,0.0,2.0,0.0
Greenland,2022-W34,0.0,0.0,2.0,0.0
Greenland,2022-W35,0.0,0.0,2.0,0.0
Greenland,2022-W36,0.0,0.0,2.0,0.0
Greenland,2022-W37,0.0,0.0,2.0,0.0
Greenland,2022-W38,0.0,0.0,2.0,0.0
Greenland,2022-W39,0.0,0.0,2.0,0.0
Greenland,2022-W40,0.0,0.0,2.0,0.0
Greenland,2022-W41,0.0,0.0,2.0,0.0
Greenland,2022-W42,0.0,0.0,2.0,0.0
Greenland,2022-W43,0.0,0.0,2.0,0.0
Greenland,2022-W44,0.0,0.0,2.0,0.0
Greenland,2022-W45,0.0,0.0,2.0,0.0
Greenland,2022-W46,0.0,0.0,2.0,0.0
Greenland,2022-W47,0.0,0.0,2.0,0.0
Greenland,2022-W48,0.0,0.0,2.0,0.0
Greenland,2022-W49,0.0,0.0,2.0,0.0
Greenland,2022-W50,0.0,0.0,2.0,0.0
Greenland,2022-W51,0.0,0.0,2.0,0.0
Greenland,2022-W52,0.0,0.0,2.0,0.0
Greenland,2023-W01,0.0,0.0,2.0,0.0
Greenland,2023-W02,0.0,0.0,2.0,0.0
Greenland,2023-W03,0.0,0.0,2.0,0.0
Greenland,2023-W04,0.0,0.0,2.0,0.0
Greenland,2023-W05,0.0,0.0,2.0,0.0
Greenland,2023-W06,0.0,0.0,2.0,0.0
Greenland,2023-W07,0.0,0.0,2.0,0.0
Greenland,2023-W08,0.0,0.0,2.0,0.0
Greenland,2023-W09,0.0,0.0,2.0,0.0
Greenland,2023-W10,0.0,0.0,2.0,0.0
Greenland,2023-W11,0.0,0.0,2.0,0.0
Greenland,2023-W12,0.0,0.0,2.0,0.0
Greenland,2023-W13,0.0,0.0,2.0,0.0
Greenland,2023-W14,0.0,0.0,2.0,0.0
Greenland,2023-W15,0.0,0.0,2.0,0.0
Greenland,2023-W16,0.0,0.0,2.0,0.0
Greenland,2023-W17,0.0,0.0,2.0,0.0
Greenland,2023-W18,0.0,0.0,2.0,0.0
Greenland,2023-W19,0.0,0.0,2.0,0.0
Greenland,2023-W20,0.0,0.0,2.0,0.0
Greenland,2023-W21,0.0,0.0,2.0,0.0
Greenland,2023-W22,0.0,0.0,2.0,0.0
Greenland,2023-W23,0.0,0.0,2.0,0.0
Greenland,2023-W24,0.0,0.0,2.0,0.0
Greenland,2023-W25,0.0,0.0,2.0,0.0
Greenland,2023-W26,0.0,0.0,2.0,0.0
Greenland,2023-W27,0.0,0.0,2.0,0.0
Greenland,2023-W28,0.0,0.0,2.0,0.0
Greenland,2023-W29,0.0,0.0,2.0,0.0
Greenland,2023-W30,0.0,0.0,2.0,0.0
Greenland,2023-W31,0.0,0.0,2.0,0.0
Greenland,2023-W32,0.0,0.0,2.0,0.0
Greenland,2023-W33,0.0,0.0,2.0,0.0
Greenland,2023-W34,0.0,0.0,2.0,0.0
Greenland,2023-W35,0.0,0.0,2.0,0.0
Greenland,2023-W36,0.0,0.0,2.0,0.0
Greenland,2023-W37,0.0,0.0,2.0,0.0
Greenland,2023-W38,0.0,0.0,2.0,0.0
Greenland,2023-W39,0.0,0.0,2.0,0.0
Greenland,2023-W40,0.0,0.0,2.0,0.0
Greenland,2023-W41,0.0,0.0,2.0,0.0
Greenland,2023-W42,0.0,0.0,2.0,0.0
Greenland,2023-W43,0.0,0.0,2.0,0.0
Greenland,2023-W44,0.0,0.0,2.0,0.0
Greenland,2023-W45,0.0,0.0,2.0,0.0
Greenland,2023-W46,0.0,0.0,2.0,0.0
Greenland,2023-W47,0.0,0.0,2.0,0.0
Greenland,2023-W48,0.0,0.0,2.0,0.0
Greenland,2023-W49,0.0,0.0,2.0,0.0
Greenland,2023-W50,0.0,0.0,2.0,0.0
Greenland,2023-W51,0.0,0.0,2.0,0.0
Greenland,2023-W52,0.0,0.0,2.0,0.0
Greenland,2024-W01,0.0,0.0,2.0,0.0
Greenland,2024-W02,0.0,0.0,2.0,0.0
Greenland,2024-W03,0.0,0.0,2.0,0.0
Greenland,2024-W04,0.0,0.0,2.0,0.0
Greenland,2024-W05,0.0,0.0,2.0,0.0
Greenland,2024-W06,0.0,0.0,2.0,0.0
Greenland,2024-W07,0.0,0.0,2.0,0.0
Greenland,2024-W08,0.0,0.0,2.0,0.0
Greenland,2024-W09,0.0,0.0,2.0,0.0
Greenland,2024-W10,0.0,0.0,2.0,0.0
Greenland,2024-W11,0.0,0.0,2.0,0.0
Greenland,2024-W12,0.0,0.0,2.0,0.0
Greenland,2024-W13,0.0,0.0,2.0,0.0
Greenland,2024-W14,0.0,0.0,2.0,0.0
Greenland,2024-W15,0.0,0.0,2.0,0.0
Greenland,2024-W16,0.0,0.0,2.0,0.0
Greenland,2024-W17,0.0,0.0,2.0,0.0
Greenland,2024-W18,0.0,0.0,2.0,0.0
Greenland,2024-W19,0.0,0.0,2.0,0.0
Greenland,2024-W20,0.0,0.0,2.0,0.0
Greenland,2024-W21,0.0,0.0,2.0,0.0
Greenland,2024-W22,0.0,0.0,2.0,0.0
Greenland,2024-W23,0.0,0.0,2.0,0.0
Greenland,2024-W24,0.0,0.0,2.0,0.0
Greenland,2024-W25,0.0,0.0,2.0,0.0
Greenland,2024-W26,0.0,0.0,2.0,0.0
Greenland,2024-W27,0.0,0.0,2.0,0.0
Greenland,2024-W28,0.0,0.0,2.0,0.0
Greenland,2024-W29,0.0,0.0,2.0,0.0
Greenland,2024-W30,0.0,0.0,2.0,0.0
Greenland,2024-W31,0.0,0.0,2.0,0.0
Greenland,2024-W32,0.0,0.0,2.0,0.0
Greenland,2024-W33,0.0,0.0,2.0,0.0
Greenland,2024-W34,0.0,0.0,2.0,0.0
Greenland,2024-W35,0.0,0.0,2.0,0.0
Greenland,2024-W36,0.0,0.0,2.0,0.0
Greenland,2024-W37,0.0,0.0,2.0,0.0
Greenland,2024-W38,0.0,0.0,2.0,0.0
Greenland,2024-W39,0.0,0.0,2.0,0.0
Greenland,2024-W40,0.0,0.0,2.0,0.0
Greenland,2024-W41,0.0,0.0,2.0,0.0
Greenland,2024-W42,0.0,0.0,2.0,0.0
Greenland,2024-W43,0.0,0.0,2.0,0.0
Greenland,2024-W44,0.0,0.0,2.0,0.0
Greenland,2024-W45,0.0,0.0,2.0,0.0
Greenland,2024-W46,0.0,0.0,2.0,0.0
Greenland,2024-W47,0.0,0.0,2.0,0.0
Greenland,2024-W48,0.0,0.0,2.0,0.0
Greenland,2024-W49,0.0,0.0,2.0,0.0
Greenland,2024-W50,0.0,0.0,2.0,0.0
Greenland,2024-W51,0.0,0.0,2.0,0.0
Greenland,2024-W52,0.0,0.0,2.0,0.0
Greenland,2025-W01,0.0,0.0,2.0,0.0
Greenland,2025-W02,0.0,0.0,2.0,0.0
Greenland,2025-W03,0.0,0.0,2.0,0.0
Greenland,2025-W04,0.0,0.0,2.0,0.0
Greenland,2025-W05,0.0,0.0,2.0,0.0
Greenland,2025-W06,0.0,0.0,2.0,0.0
Greenland,2025-W07,0.0,0.0,2.0,0.0
Greenland,2025-W08,0.0,0.0,2.0,0.0
Greenland,2025-W09,0.0,0.0,2.0,0.0
Greenland,2025-W10,0.0,0.0,2.0,0.0
Greenland,2025-W11,0.0,0.0,2.0,0.0
Greenland,2025-W12,0.0,0.0,2.0,0.0
Greenland,2025-W13,0.0,0.0,2.0,0.0
Greenland,2025-W14,0.0,0.0,2.0,0.0
Greenland,2025-W15,0.0,0.0,2.0,0.0
Greenland,2025-W16,0.0,0.0,2.0,0.0
Greenland,2025-W17,0.0,0.0,2.0,0.0
Greenland,2025-W18,0.0,0.0,2.0,0.0
Greenland,2025-W19,0.0,0.0,2.0,0.0
Greenland,2025-W20,0.0,0.0,2.0,0.0
Greenland,2025-W21,0.0,0.0,2.0,0.0
Greenland,2025-W22,0.0,0.0,2.0,0.0
Greenland,2025-W23,0.0,0.0,2.0,0.0
Greenland,2025-W24,0.0,0.0,2.0,0.0
Greenland,2025-W25,0.0,0.0,2.0,0.0
Greenland,2025-W26,0.0,0.0,2.0,0.0
Greenland,2025-W27,0.0,0.0,2.0,0.0
Greenland,2025-W28,0.0,0.0,2.0,0.0
Greenland,2025-W29,0.0,0.0,2.0,0.0
Greenland,2025-W30,0.0,0.0,2.0,0.0
Greenland,2025-W31,0.0,0.0,2.0,0.0
Greenland,2025-W32,0.0,0.0,2.0,0.0
Greenland,2025-W33,0.0,0.0,2.0,0.0
Greenland,2025-W34,0.0,0.0,2.0,0.0
Greenland,2025-W35,0.0,0.0,2.0,0.0
Greenland,2025-W36,0.0,0.0,2.0,0.0
Greenland,2025-W37,0.0,0.0,2.0,0.0
Greenland,2025-W38,0.0,0.0,2.0,0.0
Greenland,2025-W39,0.0,0.0,2.0,0.0
Greenland,2025-W40,0.0,0.0,2.0,0.0
Greenland,2025-W41,0.0,0.0,2.0,0.0
Greenland,2025-W42,0.0,0.0,2.0,0.0
Greenland,2025-W43,0.0,0.0,2.0,0.0
Greenland,2025-W44,0.0,0.0,2.0,0.0
Greenland,2025-W45,0.0,0.0,2.0,0.0
Greenland,2025-W46,0.0,0.0,2.0,0.0
Greenland,2025-W47,0.0,0.0,2.0,0.0
Greenland,2025-W48,0.0,0.0,2.0,0.0
Greenland,2025-W49,0.0,0.0,2.0,0.0
Greenland,2025-W50,0.0,0.0,2.0,0.0
Greenland,2025-W51,0.0,0.0,2.0,0.0
Greenland,2025-W52,0.0,0.0,2.0,0.0
Guadeloupe,2022-W31,1.0,0.0,1.0,0.0
Guadeloupe,2022-W32,0.0,0.0,1.0,0.0
Guadeloupe,2022-W33,0.0,0.0,1.0,0.0
Guadeloupe,2022-W34,0.0,0.0,1.0,0.0
Guadeloupe,2022-W35,0.0,0.0,1.0,0.0
Guadeloupe,2022-W36,0.0,0.0,1.0,0.0
Guadeloupe,2022-W37,0.0,0.0,1.0,0.0
Guadeloupe,2022-W38,0.0,0.0,1.0,0.0
Guadeloupe,2022-W39,0.0,0.0,1.0,0.0
Guadeloupe,2022-W40,0.0,0.0,1.0,0.0
Guadeloupe,2022-W41,0.0,0.0,1.0,0.0
Guadeloupe,2022-W42,0.0,0.0,1.0,0.0
Guadeloupe,2022-W43,0.0,0.0,1.0,0.0
Guadeloupe,2022-W44,0.0,0.0,1.0,0.0
Guadeloupe,2022-W45,0.0,0.0,1.0,0.0
Guadeloupe,2022-W46,0.0,0.0,1.0,0.0
Guadeloupe,2022-W47,0.0,0.0,1.0,0.0
Guadeloupe,2022-W48,0.0,0.0,1.0,0.0
Guadeloupe,2022-W49,0.0,0.0,1.0,0.0
Guadeloupe,2022-W50,0.0,0.0,1.0,0.0
Guadeloupe,2022-W51,0.0,0.0,1.0,0.0
Guadeloupe,2022-W52,0.0,0.0,1.0,0.0
Guadeloupe,2023-W01,0.0,0.0,1.0,0.0
Guadeloupe,2023-W02,0.0,0.0,1.0,0.0
Guadeloupe,2023-W03,0.0,0.0,1.0,0.0
Guadeloupe,2023-W04,0.0,0.0,1.0,0.0
Guadeloupe,2023-W05,0.0,0.0,1.0,0.0
Guadeloupe,2023-W06,0.0,0.0,1.0,0.0
Guadeloupe,2023-W07,0.0,0.0,1.0,0.0
Guadeloupe,2023-W08,0.0,0.0,1.0,0.0
Guadeloupe,2023-W09,0.0,0.0,1.0,0.0
Guadeloupe,2023-W10,0.0,0.0,1.0,0.0
Guadeloupe,2023-W11,0.0,0.0,1.0,0.0
Guadeloupe,2023-W12,0.0,0.0,1.0,0.0
Guadeloupe,2023-W13,0.0,0.0,1.0,0.0
Guadeloupe,2023-W14,0.0,0.0,1.0,0.0
Guadeloupe,2023-W15,0.0,0.0,1.0,0.0
Guadeloupe,2023-W16,0.0,0.0,1.0,0.0
Guadeloupe,2023-W17,0.0,0.0,1.0,0.0
Guadeloupe,2023-W18,0.0,0.0,1.0,0.0
Guadeloupe,2023-W19,0.0,0.0,1.0,0.0
Guadeloupe,2023-W20,0.0,0.0,1.0,0.0
Guadeloupe,2023-W21,0.0,0.0,1.0,0.0
Guadeloupe,2023-W22,0.0,0.0,1.0,0.0
Guadeloupe,2023-W23,0.0,0.0,1.0,0.0
Guadeloupe,2023-W24,0.0,0.0,1.0,0.0
Guadeloupe,2023-W25,0.0,0.0,1.0,0.0
Guadeloupe,2023-W26,0.0,0.0,1.0,0.0
Guadeloupe,2023-W27,0.0,0.0,1.0,0.0
Guadeloupe,2023-W28,0.0,0.0,1.0,0.0
Guadeloupe,2023-W29,0.0,0.0,1.0,0.0
Guadeloupe,2023-W30,0.0,0.0,1.0,0.0
Guadeloupe,2023-W31,0.0,0.0,1.0,0.0
Guadeloupe,2023-W32,0.0,0.0,1.0,0.0
Guadeloupe,2023-W33,0.0,0.0,1.0,0.0
Guadeloupe,2023-W34,0.0,0.0,1.0,0.0
Guadeloupe,2023-W35,0.0,0.0,1.0,0.0
Guadeloupe,2023-W36,0.0,0.0,1.0,0.0
Guadeloupe,2023-W37,0.0,0.0,1.0,0.0
Guadeloupe,2023-W38,0.0,0.0,1.0,0.0
Guadeloupe,2023-W39,0.0,0.0,1.0,0.0
Guadeloupe,2023-W40,0.0,0.0,1.0,0.0
Guadeloupe,2023-W41,0.0,0.0,1.0,0.0
Guadeloupe,2023-W42,0.0,0.0,1.0,0.0
Guadeloupe,2023-W43,0.0,0.0,1.0,0.0
Guadeloupe,2023-W44,0.0,0.0,1.0,0.0
Guadeloupe,2023-W45,0.0,0.0,1.0,0.0
Guadeloupe,2023-W46,0.0,0.0,1.0,0.0
Guadeloupe,2023-W47,0.0,0.0,1.0,0.0
Guadeloupe,2023-W48,0.0,0.0,1.0,0.0
Guadeloupe,2023-W49,0.0,0.0,1.0,0.0
Guadeloupe,2023-W50,0.0,0.0,1.0,0.0
Guadeloupe,2023-W51,0.0,0.0,1.0,0.0
Guadeloupe,2023-W52,0.0,0.0,1.0,0.0
Guadeloupe,2024-W01,0.0,0.0,1.0,0.0
Guadeloupe,2024-W02,0.0,0.0,1.0,0.0
Guadeloupe,2024-W03,0.0,0.0,1.0,0.0
Guadeloupe,2024-W04,0.0,0.0,1.0,0.0
Guadeloupe,2024-W05,0.0,0.0,1.0,0.0
Guadeloupe,2024-W06,0.0,0.0,1.0,0.0
Guadeloupe,2024-W07,0.0,0.0,1.0,0.0
Guadeloupe,2024-W08,0.0,0.0,1.0,0.0
Guadeloupe,2024-W09,0.0,0.0,1.0,0.0
Guadeloupe,2024-W10,0.0,0.0,1.0,0.0
Guadeloupe,2024-W11,0.0,0.0,1.0,0.0
Guadeloupe,2024-W12,0.0,0.0,1.0,0.0
Guadeloupe,2024-W13,0.0,0.0,1.0,0.0
Guadeloupe,2024-W14,0.0,0.0,1.0,0.0
Guadeloupe,2024-W15,0.0,0.0,1.0,0.0
Guadeloupe,2024-W16,0.0,0.0,1.0,0.0
Guadeloupe,2024-W17,0.0,0.0,1.0,0.0
Guadeloupe,2024-W18,0.0,0.0,1.0,0.0
Guadeloupe,2024-W19,0.0,0.0,1.0,0.0
Guadeloupe,2024-W20,0.0,0.0,1.0,0.0
Guadeloupe,2024-W21,0.0,0.0,1.0,0.0
Guadeloupe,2024-W22,0.0,0.0,1.0,0.0
Guadeloupe,2024-W23,0.0,0.0,1.0,0.0
Guadeloupe,2024-W24,0.0,0.0,1.0,0.0
Guadeloupe,2024-W25,0.0,0.0,1.0,0.0
Guadeloupe,2024-W26,0.0,0.0,1.0,0.0
Guadeloupe,2024-W27,0.0,0.0,1.0,0.0
Guadeloupe,2024-W28,0.0,0.0,1.0,0.0
Guadeloupe,2024-W29,0.0,0.0,1.0,0.0
Guadeloupe,2024-W30,0.0,0.0,1.0,0.0
Guadeloupe,2024-W31,0.0,0.0,1.0,0.0
Guadeloupe,2024-W32,0.0,0.0,1.0,0.0
Guadeloupe,2024-W33,0.0,0.0,1.0,0.0
Guadeloupe,2024-W34,0.0,0.0,1.0,0.0
Guadeloupe,2024-W35,0.0,0.0,1.0,0.0
Guadeloupe,2024-W36,0.0,0.0,1.0,0.0
Guadeloupe,2024-W37,0.0,0.0,1.0,0.0
Guadeloupe,2024-W38,0.0,0.0,1.0,0.0
Guadeloupe,2024-W39,0.0,0.0,1.0,0.0
Guadeloupe,2024-W40,0.0,0.0,1.0,0.0
Guadeloupe,2024-W41,0.0,0.0,1.0,0.0
Guadeloupe,2024-W42,0.0,0.0,1.0,0.0
Guadeloupe,2024-W43,0.0,0.0,1.0,0.0
Guadeloupe,2024-W44,0.0,0.0,1.0,0.0
Guadeloupe,2024-W45,0.0,0.0,1.0,0.0
Guadeloupe,2024-W46,0.0,0.0,1.0,0.0
Guadeloupe,2024-W47,0.0,0.0,1.0,0.0
Guadeloupe,2024-W48,0.0,0.0,1.0,0.0
Guadeloupe,2024-W49,0.0,0.0,1.0,0.0
Guadeloupe,2024-W50,0.0,0.0,1.0,0.0
Guadeloupe,2024-W51,0.0,0.0,1.0,0.0
Guadeloupe,2024-W52,0.0,0.0,1.0,0.0
Guadeloupe,2025-W01,0.0,0.0,1.0,0.0
Guadeloupe,2025-W02,0.0,0.0,1.0,0.0
Guadeloupe,2025-W03,0.0,0.0,1.0,0.0
Guadeloupe,2025-W04,0.0,0.0,1.0,0.0
Guadeloupe,2025-W05,0.0,0.0,1.0,0.0
Guadeloupe,2025-W06,0.0,0.0,1.0,0.0
Guadeloupe,2025-W07,0.0,0.0,1.0,0.0
Guadeloupe,2025-W08,0.0,0.0,1.0,0.0
Guadeloupe,2025-W09,0.0,0.0,1.0,0.0
Guadeloupe,2025-W10,0.0,0.0,1.0,0.0
Guadeloupe,2025-W11,0.0,0.0,1.0,0.0
Guadeloupe,2025-W12,0.0,0.0,1.0,0.0
Guadeloupe,2025-W13,0.0,0.0,1.0,0.0
Guadeloupe,2025-W14,0.0,0.0,1.0,0.0
Guadeloupe,2025-W15,0.0,0.0,1.0,0.0
Guadeloupe,2025-W16,0.0,0.0,1.0,0.0
Guadeloupe,2025-W17,0.0,0.0,1.0,0.0
Guadeloupe,2025-W18,0.0,0.0,1.0,0.0
Guadeloupe,2025-W19,0.0,0.0,1.0,0.0
Guadeloupe,2025-W20,0.0,0.0,1.0,0.0
Guadeloupe,2025-W21,0.0,0.0,1.0,0.0
Guadeloupe,2025-W22,0.0,0.0,1.0,0.0
Guadeloupe,2025-W23,0.0,0.0,1.0,0.0
Guadeloupe,2025-W24,0.0,0.0,1.0,0.0
Guadeloupe,2025-W25,0.0,0.0,1.0,0.0
Guadeloupe,2025-W26,0.0,0.0,1.0,0.0
Guadeloupe,2025-W27,0.0,0.0,1.0,0.0
Guadeloupe,2025-W28,0.0,0.0,1.0,0.0
Guadeloupe,2025-W29,0.0,0.0,1.0,0.0
Guadeloupe,2025-W30,0.0,0.0,1.0,0.0
Guadeloupe,2025-W31,0.0,0.0,1.0,0.0
Guadeloupe,2025-W32,0.0,0.0,1.0,0.0
Guadeloupe,2025-W33,0.0,0.0,1.0,0.0
Guadeloupe,2025-W34,0.0,0.0,1.0,0.0
Guadeloupe,2025-W35,0.0,0.0,1.0,0.0
Guadeloupe,2025-W36,0.0,0.0,1.0,0.0
Guadeloupe,2025-W37,0.0,0.0,1.0,0.0
Guadeloupe,2025-W38,0.0,0.0,1.0,0.0
Guadeloupe,2025-W39,0.0,0.0,1.0,0.0
Guadeloupe,2025-W40,0.0,0.0,1.0,0.0
Guadeloupe,2025-W41,0.0,0.0,1.0,0.0
Guadeloupe,2025-W42,0.0,0.0,1.0,0.0
Guadeloupe,2025-W43,0.0,0.0,1.0,0.0
Guadeloupe,2025-W44,0.0,0.0,1.0,0.0
Guadeloupe,2025-W45,0.0,0.0,1.0,0.0
Guadeloupe,2025-W46,0.0,0.0,1.0,0.0
Guadeloupe,2025-W47,0.0,0.0,1.0,0.0
Guadeloupe,2025-W48,0.0,0.0,1.0,0.0
Guadeloupe,2025-W49,0.0,0.0,1.0,0.0
Guadeloupe,2025-W50,0.0,0.0,1.0,0.0
Guadeloupe,2025-W51,0.0,0.0,1.0,0.0
Guadeloupe,2025-W52,0.0,0.0,1.0,0.0
Guadeloupe,2026-W01,0.0,0.0,1.0,0.0
Guam,2022-W37,1.0,0.0,1.0,0.0
Guatemala,2022-W28,1.0,0.0,1.0,0.0
Guatemala,2022-W29,1.0,0.0,2.0,0.0
Guatemala,2022-W30,1.0,0.0,3.0,0.0
Guatemala,2022-W31,0.0,0.0,3.0,0.0
Guatemala,2022-W32,2.0,0.0,5.0,0.0
Guatemala,2022-W33,2.0,0.0,7.0,0.0
Guatemala,2022-W34,3.0,0.0,10.0,0.0
Guatemala,2022-W35,3.0,0.0,13.0,0.0
Guatemala,2022-W36,0.0,0.0,13.0,0.0
Guatemala,2022-W37,13.0,0.0,26.0,0.0
Guatemala,2022-W38,8.0,0.0,34.0,0.0
Guatemala,2022-W39,11.0,0.0,45.0,0.0
Guatemala,2022-W40,18.0,0.0,63.0,0.0
Guatemala,2022-W41,14.0,0.0,77.0,0.0
Guatemala,2022-W42,22.0,0.0,99.0,0.0
Guatemala,2022-W43,21.0,0.0,120.0,0.0
Guatemala,2022-W44,24.0,0.0,144.0,0.0
Guatemala,2022-W45,26.0,0.0,170.0,0.0
Guatemala,2022-W46,22.0,0.0,192.0,0.0
Guatemala,2022-W47,22.0,0.0,214.0,0.0
Guatemala,2022-W48,13.0,0.0,227.0,0.0
Guatemala,2022-W49,20.0,0.0,247.0,0.0
Guatemala,2022-W50,21.0,0.0,268.0,0.0
Guatemala,2022-W51,24.0,0.0,292.0,0.0
Guatemala,2022-W52,10.0,0.0,302.0,0.0
Guatemala,2023-W01,20.0,0.0,322.0,0.0
Guatemala,2023-W02,19.0,0.0,341.0,0.0
Guatemala,2023-W03,15.0,0.0,356.0,0.0
Guatemala,2023-W04,10.0,0.0,366.0,0.0
Guatemala,2023-W05,12.0,1.0,378.0,1.0
Guatemala,2023-W06,8.0,0.0,386.0,1.0
Guatemala,2023-W07,4.0,0.0,390.0,1.0
Guatemala,2023-W08,4.0,0.0,394.0,1.0
Guatemala,2023-W09,3.0,0.0,397.0,1.0
Guatemala,2023-W10,5.0,0.0,402.0,1.0
Guatemala,2023-W11,2.0,0.0,404.0,1.0
Guatemala,2023-W12,0.0,0.0,404.0,1.0
Guatemala,2023-W13,0.0,0.0,404.0,1.0
Guatemala,2023-W14,0.0,0.0,404.0,1.0
Guatemala,2023-W15,0.0,0.0,404.0,1.0
Guatemala,2023-W16,0.0,0.0,404.0,1.0
Guatemala,2023-W17,0.0,0.0,404.0,1.0
Guatemala,2023-W18,0.0,0.0,404.0,1.0
Guatemala,2023-W19,0.0,0.0,404.0,1.0
Guatemala,2023-W20,0.0,0.0,404.0,1.0
Guatemala,2023-W21,0.0,0.0,404.0,1.0
Guatemala,2023-W22,0.0,0.0,404.0,1.0
Guatemala,2023-W23,0.0,0.0,404.0,1.0
Guatemala,2023-W24,0.0,0.0,404.0,1.0
Guatemala,2023-W25,0.0,0.0,404.0,1.0
Guatemala,2023-W26,0.0,0.0,404.0,1.0
Guatemala,2023-W27,0.0,0.0,404.0,1.0
Guatemala,2023-W28,0.0,0.0,404.0,1.0
Guatemala,2023-W29,0.0,0.0,404.0,1.0
Guatemala,2023-W30,0.0,0.0,404.0,1.0
Guatemala,2023-W31,0.0,0.0,404.0,1.0
Guatemala,2023-W32,0.0,0.0,404.0,1.0
Guatemala,2023-W33,0.0,0.0,404.0,1.0
Guatemala,2023-W34,0.0,0.0,404.0,1.0
Guatemala,2023-W35,0.0,0.0,404.0,1.0
Guatemala,2023-W36,0.0,0.0,404.0,1.0
Guatemala,2023-W37,0.0,0.0,404.0,1.0
Guatemala,2023-W38,0.0,0.0,404.0,1.0
Guatemala,2023-W39,0.0,0.0,404.0,1.0
Guatemala,2023-W40,0.0,0.0,404.0,1.0
Guatemala,2023-W41,0.0,0.0,404.0,1.0
Guatemala,2023-W42,0.0,0.0,404.0,1.0
Guatemala,2023-W43,0.0,0.0,404.0,1.0
Guatemala,2023-W44,0.0,0.0,404.0,1.0
Guatemala,2023-W45,0.0,0.0,404.0,1.0
Guatemala,2023-W46,0.0,0.0,404.0,1.0
Guatemala,2023-W47,0.0,0.0,404.0,1.0
Guatemala,2023-W48,0.0,0.0,404.0,1.0
Guatemala,2023-W49,0.0,0.0,404.0,1.0
Guatemala,2023-W50,0.0,0.0,404.0,1.0
Guatemala,2023-W51,0.0,0.0,404.0,1.0
Guatemala,2023-W52,0.0,0.0,404.0,1.0
Guatemala,2024-W01,0.0,0.0,404.0,1.0
Guatemala,2024-W02,0.0,0.0,404.0,1.0
Guatemala,2024-W03,1.0,0.0,405.0,1.0
Guatemala,2024-W04,0.0,0.0,405.0,1.0
Guatemala,2024-W05,0.0,0.0,405.0,1.0
Guatemala,2024-W06,0.0,0.0,405.0,1.0
Guatemala,2024-W07,0.0,0.0,405.0,1.0
Guatemala,2024-W08,0.0,0.0,405.0,1.0
Guatemala,2024-W09,0.0,0.0,405.0,1.0
Guatemala,2024-W10,0.0,0.0,405.0,1.0
Guatemala,2024-W11,0.0,0.0,405.0,1.0
Guatemala,2024-W12,0.0,0.0,405.0,1.0
Guatemala,2024-W13,0.0,0.0,405.0,1.0
Guatemala,2024-W14,0.0,0.0,405.0,1.0
Guatemala,2024-W15,0.0,0.0,405.0,1.0
Guatemala,2024-W16,1.0,0.0,406.0,1.0
Guatemala,2024-W17,0.0,0.0,406.0,1.0
Guatemala,2024-W18,0.0,0.0,406.0,1.0
Guatemala,2024-W19,0.0,0.0,406.0,1.0
Guatemala,2024-W20,0.0,0.0,406.0,1.0
Guatemala,2024-W21,0.0,0.0,406.0,1.0
Guatemala,2024-W22,0.0,0.0,406.0,1.0
Guatemala,2024-W23,0.0,0.0,406.0,1.0
Guatemala,2024-W24,0.0,0.0,406.0,1.0
Guatemala,2024-W25,0.0,0.0,406.0,1.0
Guatemala,2024-W26,0.0,0.0,406.0,1.0
Guatemala,2024-W27,0.0,0.0,406.0,1.0
Guatemala,2024-W28,0.0,0.0,406.0,1.0
Guatemala,2024-W29,0.0,0.0,406.0,1.0
Guatemala,2024-W30,0.0,0.0,406.0,1.0
Guatemala,2024-W31,0.0,0.0,406.0,1.0
Guatemala,2024-W32,0.0,0.0,406.0,1.0
Guatemala,2024-W33,0.0,0.0,406.0,1.0
Guatemala,2024-W34,0.0,0.0,406.0,1.0
Guatemala,2024-W35,0.0,0.0,406.0,1.0
Guatemala,2024-W36,0.0,0.0,406.0,1.0
Guatemala,2024-W37,0.0,0.0,406.0,1.0
Guatemala,2024-W38,0.0,0.0,406.0,1.0
Guatemala,2024-W39,0.0,0.0,406.0,1.0
Guatemala,2024-W40,0.0,0.0,406.0,1.0
Guatemala,2024-W41,0.0,0.0,406.0,1.0
Guatemala,2024-W42,0.0,0.0,406.0,1.0
Guatemala,2024-W43,1.0,1.0,407.0,2.0
Guatemala,2024-W44,0.0,0.0,407.0,2.0
Guatemala,2024-W45,0.0,0.0,407.0,2.0
Guatemala,2024-W46,0.0,0.0,407.0,2.0
Guatemala,2024-W47,0.0,0.0,407.0,2.0
Guatemala,2024-W48,0.0,0.0,407.0,2.0
Guatemala,2024-W49,0.0,0.0,407.0,2.0
Guatemala,2024-W50,0.0,0.0,407.0,2.0
Guatemala,2024-W51,0.0,0.0,407.0,2.0
Guatemala,2024-W52,0.0,0.0,407.0,2.0
Guatemala,2025-W01,0.0,0.0,407.0,2.0
Guatemala,2025-W02,0.0,0.0,407.0,2.0
Guatemala,2025-W03,0.0,0.0,407.0,2.0
Guatemala,2025-W04,0.0,0.0,407.0,2.0
Guatemala,2025-W05,0.0,0.0,407.0,2.0
Guatemala,2025-W06,0.0,0.0,407.0,2.0
Guatemala,2025-W07,0.0,0.0,407.0,2.0
Guatemala,2025-W08,0.0,0.0,407.0,2.0
Guatemala,2025-W09,0.0,0.0,407.0,2.0
Guatemala,2025-W10,0.0,0.0,407.0,2.0
Guatemala,2025-W11,0.0,0.0,407.0,2.0
Guatemala,2025-W12,0.0,0.0,407.0,2.0
Guatemala,2025-W13,0.0,0.0,407.0,2.0
Guatemala,2025-W14,0.0,0.0,407.0,2.0
Guatemala,2025-W15,0.0,0.0,407.0,2.0
Guatemala,2025-W16,0.0,0.0,407.0,2.0
Guatemala,2025-W17,0.0,0.0,407.0,2.0
Guatemala,2025-W18,0.0,0.0,407.0,2.0
Guatemala,2025-W19,0.0,0.0,407.0,2.0
Guatemala,2025-W20,1.0,0.0,408.0,2.0
Guatemala,2025-W21,0.0,0.0,408.0,2.0
Guatemala,2025-W22,0.0,0.0,408.0,2.0
Guatemala,2025-W23,0.0,0.0,408.0,2.0
Guatemala,2025-W24,0.0,0.0,408.0,2.0
Guatemala,2025-W25,0.0,0.0,408.0,2.0
Guatemala,2025-W26,0.0,0.0,408.0,2.0
Guatemala,2025-W27,2.0,0.0,410.0,2.0
Guatemala,2025-W28,0.0,0.0,410.0,2.0
Guatemala,2025-W29,0.0,0.0,410.0,2.0
Guatemala,2025-W30,0.0,0.0,410.0,2.0
Guatemala,2025-W31,0.0,0.0,410.0,2.0
Guatemala,2025-W32,0.0,0.0,410.0,2.0
Guatemala,2025-W33,0.0,0.0,410.0,2.0
Guatemala,2025-W34,0.0,0.0,410.0,2.0
Guatemala,2025-W35,1.0,0.0,411.0,2.0
Guatemala,2025-W36,0.0,0.0,411.0,2.0
Guatemala,2025-W37,0.0,0.0,411.0,2.0
Guatemala,2025-W38,0.0,0.0,411.0,2.0
Guatemala,2025-W39,0.0,0.0,411.0,2.0
Guatemala,2025-W40,0.0,0.0,411.0,2.0
Guatemala,2025-W41,0.0,0.0,411.0,2.0
Guatemala,2025-W42,0.0,0.0,411.0,2.0
Guatemala,2025-W43,0.0,0.0,411.0,2.0
Guatemala,2025-W44,0.0,0.0,411.0,2.0
Guatemala,2025-W45,0.0,0.0,411.0,2.0
Guatemala,2025-W46,0.0,0.0,411.0,2.0
Guatemala,2025-W47,0.0,0.0,411.0,2.0
Guatemala,2025-W48,0.0,0.0,411.0,2.0
Guatemala,2025-W49,0.0,0.0,411.0,2.0
Guatemala,2025-W50,0.0,0.0,411.0,2.0
Guatemala,2025-W51,0.0,0.0,411.0,2.0
Guatemala,2025-W52,0.0,0.0,411.0,2.0
Guatemala,2026-W01,0.0,0.0,411.0,2.0
Guinea,2024-W30,0.0,0.0,0.0,0.0
Guinea,2024-W31,0.0,0.0,0.0,0.0
Guinea,2024-W32,0.0,0.0,0.0,0.0
Guinea,2024-W33,0.0,0.0,0.0,0.0
Guinea,2024-W34,0.0,0.0,0.0,0.0
Guinea,2024-W35,1.0,0.0,1.0,0.0
Guinea,2024-W36,0.0,0.0,1.0,0.0
Guinea,2024-W37,0.0,0.0,1.0,0.0
Guinea,2024-W38,0.0,0.0,1.0,0.0
Guinea,2024-W39,0.0,0.0,1.0,0.0
Guinea,2024-W40,0.0,0.0,1.0,0.0
Guinea,2024-W41,0.0,0.0,1.0,0.0
Guinea,2024-W42,0.0,0.0,1.0,0.0
Guinea,2024-W43,0.0,0.0,1.0,0.0
Guinea,2024-W44,0.0,0.0,1.0,0.0
Guinea,2024-W45,0.0,0.0,1.0,0.0
Guinea,2024-W46,0.0,0.0,1.0,0.0
Guinea,2024-W47,0.0,0.0,1.0,0.0
Guinea,2024-W48,0.0,0.0,1.0,0.0
Guinea,2024-W49,1.0,0.0,2.0,0.0
Guinea,2024-W50,0.0,0.0,2.0,0.0
Guinea,2024-W51,0.0,0.0,2.0,0.0
Guinea,2024-W52,0.0,0.0,2.0,0.0
Guinea,2025-W01,0.0,0.0,2.0,0.0
Guinea,2025-W02,0.0,0.0,2.0,0.0
Guinea,2025-W03,0.0,0.0,2.0,0.0
Guinea,2025-W04,0.0,0.0,2.0,0.0
Guinea,2025-W05,0.0,0.0,2.0,0.0
Guinea,2025-W06,0.0,0.0,2.0,0.0
Guinea,2025-W07,0.0,0.0,2.0,0.0
Guinea,2025-W08,0.0,0.0,2.0,0.0
Guinea,2025-W09,0.0,0.0,2.0,0.0
Guinea,2025-W10,0.0,0.0,2.0,0.0
Guinea,2025-W11,0.0,0.0,2.0,0.0
Guinea,2025-W12,0.0,0.0,2.0,0.0
Guinea,2025-W13,0.0,0.0,2.0,0.0
Guinea,2025-W14,0.0,0.0,2.0,0.0
Guinea,2025-W15,0.0,0.0,2.0,0.0
Guinea,2025-W16,0.0,0.0,2.0,0.0
Guinea,2025-W17,0.0,0.0,2.0,0.0
Guinea,2025-W18,0.0,0.0,2.0,0.0
Guinea,2025-W19,0.0,0.0,2.0,0.0
Guinea,2025-W20,0.0,0.0,2.0,0.0
Guinea,2025-W21,0.0,0.0,2.0,0.0
Guinea,2025-W22,0.0,0.0,2.0,0.0
Guinea,2025-W23,4.0,0.0,6.0,0.0
Guinea,2025-W24,5.0,0.0,11.0,0.0
Guinea,2025-W25,13.0,0.0,24.0,0.0
Guinea,2025-W26,22.0,0.0,46.0,0.0
Guinea,2025-W27,65.0,0.0,111.0,0.0
Guinea,2025-W28,81.0,0.0,192.0,0.0
Guinea,2025-W29,121.0,2.0,313.0,2.0
Guinea,2025-W30,125.0,0.0,438.0,2.0
Guinea,2025-W31,75.0,0.0,513.0,2.0
Guinea,2025-W32,124.0,0.0,637.0,2.0
Guinea,2025-W33,102.0,0.0,739.0,2.0
Guinea,2025-W34,64.0,0.0,803.0,2.0
Guinea,2025-W35,74.0,0.0,877.0,2.0
Guinea,2025-W36,71.0,0.0,948.0,2.0
Guinea,2025-W37,65.0,2.0,1013.0,4.0
Guinea,2025-W38,65.0,1.0,1078.0,5.0
Guinea,2025-W39,63.0,0.0,1141.0,5.0
Guinea,2025-W40,75.0,0.0,1216.0,5.0
Guinea,2025-W41,99.0,1.0,1315.0,6.0
Guinea,2025-W42,83.0,0.0,1398.0,6.0
Guinea,2025-W43,89.0,0.0,1487.0,6.0
Guinea,2025-W44,77.0,0.0,1564.0,6.0
Guinea,2025-W45,88.0,0.0,1652.0,6.0
Guinea,2025-W46,72.0,0.0,1724.0,6.0
Guinea,2025-W47,52.0,0.0,1776.0,6.0
Guinea,2025-W48,53.0,0.0,1829.0,6.0
Guinea,2025-W49,45.0,0.0,1874.0,6.0
Guinea,2025-W50,34.0,0.0,1908.0,6.0
Guinea,2025-W51,58.0,0.0,1966.0,6.0
Guinea,2025-W52,54.0,0.0,2020.0,6.0
Guyana,2022-W33,1.0,0.0,1.0,0.0
Guyana,2022-W34,1.0,0.0,2.0,0.0
Guyana,2022-W35,0.0,0.0,2.0,0.0
Guyana,2022-W36,0.0,0.0,2.0,0.0
Guyana,2022-W37,0.0,0.0,2.0,0.0
Guyana,2022-W38,0.0,0.0,2.0,0.0
Guyana,2022-W39,0.0,0.0,2.0,0.0
Guyana,2022-W40,0.0,0.0,2.0,0.0
Guyana,2022-W41,0.0,0.0,2.0,0.0
Guyana,2022-W42,0.0,0.0,2.0,0.0
Guyana,2022-W43,0.0,0.0,2.0,0.0
Guyana,2022-W44,0.0,0.0,2.0,0.0
Guyana,2022-W45,0.0,0.0,2.0,0.0
Guyana,2022-W46,0.0,0.0,2.0,0.0
Guyana,2022-W47,0.0,0.0,2.0,0.0
Guyana,2022-W48,0.0,0.0,2.0,0.0
Guyana,2022-W49,0.0,0.0,2.0,0.0
Guyana,2022-W50,0.0,0.0,2.0,0.0
Guyana,2022-W51,0.0,0.0,2.0,0.0
Guyana,2022-W52,0.0,0.0,2.0,0.0
Guyana,2023-W01,0.0,0.0,2.0,0.0
Guyana,2023-W02,0.0,0.0,2.0,0.0
Guyana,2023-W03,0.0,0.0,2.0,0.0
Guyana,2023-W04,0.0,0.0,2.0,0.0
Guyana,2023-W05,0.0,0.0,2.0,0.0
Guyana,2023-W06,0.0,0.0,2.0,0.0
Guyana,2023-W07,0.0,0.0,2.0,0.0
Guyana,2023-W08,0.0,0.0,2.0,0.0
Guyana,2023-W09,0.0,0.0,2.0,0.0
Guyana,2023-W10,0.0,0.0,2.0,0.0
Guyana,2023-W11,0.0,0.0,2.0,0.0
Guyana,2023-W12,0.0,0.0,2.0,0.0
Guyana,2023-W13,0.0,0.0,2.0,0.0
Guyana,2023-W14,0.0,0.0,2.0,0.0
Guyana,2023-W15,0.0,0.0,2.0,0.0
Guyana,2023-W16,0.0,0.0,2.0,0.0
Guyana,2023-W17,0.0,0.0,2.0,0.0
Guyana,2023-W18,0.0,0.0,2.0,0.0
Guyana,2023-W19,0.0,0.0,2.0,0.0
Guyana,2023-W20,0.0,0.0,2.0,0.0
Guyana,2023-W21,0.0,0.0,2.0,0.0
Guyana,2023-W22,0.0,0.0,2.0,0.0
Guyana,2023-W23,0.0,0.0,2.0,0.0
Guyana,2023-W24,0.0,0.0,2.0,0.0
Guyana,2023-W25,0.0,0.0,2.0,0.0
Guyana,2023-W26,0.0,0.0,2.0,0.0
Guyana,2023-W27,0.0,0.0,2.0,0.0
Guyana,2023-W28,0.0,0.0,2.0,0.0
Guyana,2023-W29,0.0,0.0,2.0,0.0
Guyana,2023-W30,0.0,0.0,2.0,0.0
Guyana,2023-W31,0.0,0.0,2.0,0.0
Guyana,2023-W32,0.0,0.0,2.0,0.0
Guyana,2023-W33,0.0,0.0,2.0,0.0
Guyana,2023-W34,0.0,0.0,2.0,0.0
Guyana,2023-W35,0.0,0.0,2.0,0.0
Guyana,2023-W36,0.0,0.0,2.0,0.0
Guyana,2023-W37,0.0,0.0,2.0,0.0
Guyana,2023-W38,0.0,0.0,2.0,0.0
Guyana,2023-W39,0.0,0.0,2.0,0.0
Guyana,2023-W40,0.0,0.0,2.0,0.0
Guyana,2023-W41,0.0,0.0,2.0,0.0
Guyana,2023-W42,0.0,0.0,2.0,0.0
Guyana,2023-W43,0.0,0.0,2.0,0.0
Guyana,2023-W44,0.0,0.0,2.0,0.0
Guyana,2023-W45,0.0,0.0,2.0,0.0
Guyana,2023-W46,0.0,0.0,2.0,0.0
Guyana,2023-W47,0.0,0.0,2.0,0.0
Guyana,2023-W48,0.0,0.0,2.0,0.0
Guyana,2023-W49,0.0,0.0,2.0,0.0
Guyana,2023-W50,0.0,0.0,2.0,0.0
Guyana,2023-W51,0.0,0.0,2.0,0.0
Guyana,2023-W52,0.0,0.0,2.0,0.0
Guyana,2024-W01,0.0,0.0,2.0,0.0
Guyana,2024-W02,0.0,0.0,2.0,0.0
Guyana,2024-W03,0.0,0.0,2.0,0.0
Guyana,2024-W04,0.0,0.0,2.0,0.0
Guyana,2024-W05,0.0,0.0,2.0,0.0
Guyana,2024-W06,0.0,0.0,2.0,0.0
Guyana,2024-W07,0.0,0.0,2.0,0.0
Guyana,2024-W08,0.0,0.0,2.0,0.0
Guyana,2024-W09,0.0,0.0,2.0,0.0
Guyana,2024-W10,0.0,0.0,2.0,0.0
Guyana,2024-W11,0.0,0.0,2.0,0.0
Guyana,2024-W12,0.0,0.0,2.0,0.0
Guyana,2024-W13,0.0,0.0,2.0,0.0
Guyana,2024-W14,0.0,0.0,2.0,0.0
Guyana,2024-W15,0.0,0.0,2.0,0.0
Guyana,2024-W16,0.0,0.0,2.0,0.0
Guyana,2024-W17,0.0,0.0,2.0,0.0
Guyana,2024-W18,0.0,0.0,2.0,0.0
Guyana,2024-W19,0.0,0.0,2.0,0.0
Guyana,2024-W20,0.0,0.0,2.0,0.0
Guyana,2024-W21,0.0,0.0,2.0,0.0
Guyana,2024-W22,0.0,0.0,2.0,0.0
Guyana,2024-W23,0.0,0.0,2.0,0.0
Guyana,2024-W24,0.0,0.0,2.0,0.0
Guyana,2024-W25,0.0,0.0,2.0,0.0
Guyana,2024-W26,0.0,0.0,2.0,0.0
Guyana,2024-W27,0.0,0.0,2.0,0.0
Guyana,2024-W28,0.0,0.0,2.0,0.0
Guyana,2024-W29,0.0,0.0,2.0,0.0
Guyana,2024-W30,0.0,0.0,2.0,0.0
Guyana,2024-W31,0.0,0.0,2.0,0.0
Guyana,2024-W32,0.0,0.0,2.0,0.0
Guyana,2024-W33,0.0,0.0,2.0,0.0
Guyana,2024-W34,0.0,0.0,2.0,0.0
Guyana,2024-W35,0.0,0.0,2.0,0.0
Guyana,2024-W36,0.0,0.0,2.0,0.0
Guyana,2024-W37,0.0,0.0,2.0,0.0
Guyana,2024-W38,0.0,0.0,2.0,0.0
Guyana,2024-W39,0.0,0.0,2.0,0.0
Guyana,2024-W40,0.0,0.0,2.0,0.0
Guyana,2024-W41,0.0,0.0,2.0,0.0
Guyana,2024-W42,0.0,0.0,2.0,0.0
Guyana,2024-W43,0.0,0.0,2.0,0.0
Guyana,2024-W44,0.0,0.0,2.0,0.0
Guyana,2024-W45,0.0,0.0,2.0,0.0
Guyana,2024-W46,0.0,0.0,2.0,0.0
Guyana,2024-W47,0.0,0.0,2.0,0.0
Guyana,2024-W48,0.0,0.0,2.0,0.0
Guyana,2024-W49,0.0,0.0,2.0,0.0
Guyana,2024-W50,0.0,0.0,2.0,0.0
Guyana,2024-W51,0.0,0.0,2.0,0.0
Guyana,2024-W52,0.0,0.0,2.0,0.0
Guyana,2025-W01,0.0,0.0,2.0,0.0
Guyana,2025-W02,0.0,0.0,2.0,0.0
Guyana,2025-W03,0.0,0.0,2.0,0.0
Guyana,2025-W04,0.0,0.0,2.0,0.0
Guyana,2025-W05,0.0,0.0,2.0,0.0
Guyana,2025-W06,0.0,0.0,2.0,0.0
Guyana,2025-W07,0.0,0.0,2.0,0.0
Guyana,2025-W08,0.0,0.0,2.0,0.0
Guyana,2025-W09,0.0,0.0,2.0,0.0
Guyana,2025-W10,0.0,0.0,2.0,0.0
Guyana,2025-W11,0.0,0.0,2.0,0.0
Guyana,2025-W12,0.0,0.0,2.0,0.0
Guyana,2025-W13,0.0,0.0,2.0,0.0
Guyana,2025-W14,0.0,0.0,2.0,0.0
Guyana,2025-W15,0.0,0.0,2.0,0.0
Guyana,2025-W16,0.0,0.0,2.0,0.0
Guyana,2025-W17,0.0,0.0,2.0,0.0
Guyana,2025-W18,0.0,0.0,2.0,0.0
Guyana,2025-W19,0.0,0.0,2.0,0.0
Guyana,2025-W20,0.0,0.0,2.0,0.0
Guyana,2025-W21,0.0,0.0,2.0,0.0
Guyana,2025-W22,0.0,0.0,2.0,0.0
Guyana,2025-W23,0.0,0.0,2.0,0.0
Guyana,2025-W24,0.0,0.0,2.0,0.0
Guyana,2025-W25,0.0,0.0,2.0,0.0
Guyana,2025-W26,0.0,0.0,2.0,0.0
Guyana,2025-W27,0.0,0.0,2.0,0.0
Guyana,2025-W28,0.0,0.0,2.0,0.0
Guyana,2025-W29,0.0,0.0,2.0,0.0
Guyana,2025-W30,0.0,0.0,2.0,0.0
Guyana,2025-W31,0.0,0.0,2.0,0.0
Guyana,2025-W32,0.0,0.0,2.0,0.0
Guyana,2025-W33,0.0,0.0,2.0,0.0
Guyana,2025-W34,0.0,0.0,2.0,0.0
Guyana,2025-W35,0.0,0.0,2.0,0.0
Guyana,2025-W36,0.0,0.0,2.0,0.0
Guyana,2025-W37,0.0,0.0,2.0,0.0
Guyana,2025-W38,0.0,0.0,2.0,0.0
Guyana,2025-W39,0.0,0.0,2.0,0.0
Guyana,2025-W40,0.0,0.0,2.0,0.0
Guyana,2025-W41,0.0,0.0,2.0,0.0
Guyana,2025-W42,0.0,0.0,2.0,0.0
Guyana,2025-W43,0.0,0.0,2.0,0.0
Guyana,2025-W44,0.0,0.0,2.0,0.0
Guyana,2025-W45,0.0,0.0,2.0,0.0
Guyana,2025-W46,0.0,0.0,2.0,0.0
Guyana,2025-W47,0.0,0.0,2.0,0.0
Guyana,2025-W48,0.0,0.0,2.0,0.0
Guyana,2025-W49,0.0,0.0,2.0,0.0
Guyana,2025-W50,0.0,0.0,2.0,0.0
Guyana,2025-W51,0.0,0.0,2.0,0.0
Guyana,2025-W52,0.0,0.0,2.0,0.0
Guyana,2026-W01,0.0,0.0,2.0,0.0
Honduras,2022-W32,2.0,0.0,2.0,0.0
Honduras,2022-W33,1.0,0.0,3.0,0.0
Honduras,2022-W34,1.0,0.0,4.0,0.0
Honduras,2022-W35,0.0,0.0,4.0,0.0
Honduras,2022-W36,0.0,0.0,4.0,0.0
Honduras,2022-W37,2.0,0.0,6.0,0.0
Honduras,2022-W38,0.0,0.0,6.0,0.0
Honduras,2022-W39,0.0,0.0,6.0,0.0
Honduras,2022-W40,0.0,0.0,6.0,0.0
Honduras,2022-W41,0.0,0.0,6.0,0.0
Honduras,2022-W42,2.0,0.0,8.0,0.0
Honduras,2022-W43,2.0,0.0,10.0,0.0
Honduras,2022-W44,0.0,0.0,10.0,0.0
Honduras,2022-W45,1.0,0.0,11.0,0.0
Honduras,2022-W46,0.0,0.0,11.0,0.0
Honduras,2022-W47,0.0,0.0,11.0,0.0
Honduras,2022-W48,0.0,0.0,11.0,0.0
Honduras,2022-W49,1.0,0.0,12.0,0.0
Honduras,2022-W50,0.0,0.0,12.0,0.0
Honduras,2022-W51,1.0,0.0,13.0,0.0
Honduras,2022-W52,1.0,0.0,14.0,0.0
Honduras,2023-W01,2.0,0.0,16.0,0.0
Honduras,2023-W02,1.0,0.0,17.0,0.0
Honduras,2023-W03,0.0,0.0,17.0,0.0
Honduras,2023-W04,0.0,0.0,17.0,0.0
Honduras,2023-W05,1.0,0.0,18.0,0.0
Honduras,2023-W06,2.0,0.0,20.0,0.0
Honduras,2023-W07,2.0,0.0,22.0,0.0
Honduras,2023-W08,3.0,0.0,25.0,0.0
Honduras,2023-W09,3.0,0.0,28.0,0.0
Honduras,2023-W10,3.0,0.0,31.0,0.0
Honduras,2023-W11,4.0,0.0,35.0,0.0
Honduras,2023-W12,3.0,0.0,38.0,0.0
Honduras,2023-W13,4.0,0.0,42.0,0.0
Honduras,2023-W14,0.0,0.0,42.0,0.0
Honduras,2023-W15,0.0,0.0,42.0,0.0
Honduras,2023-W16,2.0,0.0,44.0,0.0
Honduras,2023-W17,0.0,0.0,44.0,0.0
Honduras,2023-W18,0.0,0.0,44.0,0.0
Honduras,2023-W19,0.0,0.0,44.0,0.0
Honduras,2023-W20,0.0,0.0,44.0,0.0
Honduras,2023-W21,0.0,0.0,44.0,0.0
Honduras,2023-W22,0.0,0.0,44.0,0.0
Honduras,2023-W23,0.0,0.0,44.0,0.0
Honduras,2023-W24,0.0,0.0,44.0,0.0
Honduras,2023-W25,0.0,0.0,44.0,0.0
Honduras,2023-W26,0.0,0.0,44.0,0.0
Honduras,2023-W27,0.0,0.0,44.0,0.0
Honduras,2023-W28,0.0,0.0,44.0,0.0
Honduras,2023-W29,0.0,0.0,44.0,0.0
Honduras,2023-W30,0.0,0.0,44.0,0.0
Honduras,2023-W31,0.0,0.0,44.0,0.0
Honduras,2023-W32,0.0,0.0,44.0,0.0
Honduras,2023-W33,0.0,0.0,44.0,0.0
Honduras,2023-W34,0.0,0.0,44.0,0.0
Honduras,2023-W35,0.0,0.0,44.0,0.0
Honduras,2023-W36,0.0,0.0,44.0,0.0
Honduras,2023-W37,0.0,0.0,44.0,0.0
Honduras,2023-W38,0.0,0.0,44.0,0.0
Honduras,2023-W39,0.0,0.0,44.0,0.0
Honduras,2023-W40,0.0,0.0,44.0,0.0
Honduras,2023-W41,0.0,0.0,44.0,0.0
Honduras,2023-W42,0.0,0.0,44.0,0.0
Honduras,2023-W43,0.0,0.0,44.0,0.0
Honduras,2023-W44,0.0,0.0,44.0,0.0
Honduras,2023-W45,0.0,0.0,44.0,0.0
Honduras,2023-W46,0.0,0.0,44.0,0.0
Honduras,2023-W47,0.0,0.0,44.0,0.0
Honduras,2023-W48,0.0,0.0,44.0,0.0
Honduras,2023-W49,0.0,0.0,44.0,0.0
Honduras,2023-W50,0.0,0.0,44.0,0.0
Honduras,2023-W51,0.0,0.0,44.0,0.0
Honduras,2023-W52,0.0,0.0,44.0,0.0
Honduras,2024-W01,0.0,0.0,44.0,0.0
Honduras,2024-W02,0.0,0.0,44.0,0.0
Honduras,2024-W03,0.0,0.0,44.0,0.0
Honduras,2024-W04,0.0,0.0,44.0,0.0
Honduras,2024-W05,0.0,0.0,44.0,0.0
Honduras,2024-W06,0.0,0.0,44.0,0.0
Honduras,2024-W07,0.0,0.0,44.0,0.0
Honduras,2024-W08,0.0,0.0,44.0,0.0
Honduras,2024-W09,0.0,0.0,44.0,0.0
Honduras,2024-W10,0.0,0.0,44.0,0.0
Honduras,2024-W11,0.0,0.0,44.0,0.0
Honduras,2024-W12,0.0,0.0,44.0,0.0
Honduras,2024-W13,0.0,0.0,44.0,0.0
Honduras,2024-W14,0.0,0.0,44.0,0.0
Honduras,2024-W15,0.0,0.0,44.0,0.0
Honduras,2024-W16,0.0,0.0,44.0,0.0
Honduras,2024-W17,0.0,0.0,44.0,0.0
Honduras,2024-W18,0.0,0.0,44.0,0.0
Honduras,2024-W19,0.0,0.0,44.0,0.0
Honduras,2024-W20,0.0,0.0,44.0,0.0
Honduras,2024-W21,0.0,0.0,44.0,0.0
Honduras,2024-W22,0.0,0.0,44.0,0.0
Honduras,2024-W23,0.0,0.0,44.0,0.0
Honduras,2024-W24,0.0,0.0,44.0,0.0
Honduras,2024-W25,0.0,0.0,44.0,0.0
Honduras,2024-W26,0.0,0.0,44.0,0.0
Honduras,2024-W27,0.0,0.0,44.0,0.0
Honduras,2024-W28,0.0,0.0,44.0,0.0
Honduras,2024-W29,0.0,0.0,44.0,0.0
Honduras,2024-W30,0.0,0.0,44.0,0.0
Honduras,2024-W31,0.0,0.0,44.0,0.0
Honduras,2024-W32,0.0,0.0,44.0,0.0
Honduras,2024-W33,0.0,0.0,44.0,0.0
Honduras,2024-W34,0.0,0.0,44.0,0.0
Honduras,2024-W35,0.0,0.0,44.0,0.0
Honduras,2024-W36,0.0,0.0,44.0,0.0
Honduras,2024-W37,0.0,0.0,44.0,0.0
Honduras,2024-W38,0.0,0.0,44.0,0.0
Honduras,2024-W39,0.0,0.0,44.0,0.0
Honduras,2024-W40,0.0,0.0,44.0,0.0
Honduras,2024-W41,0.0,0.0,44.0,0.0
Honduras,2024-W42,0.0,0.0,44.0,0.0
Honduras,2024-W43,0.0,0.0,44.0,0.0
Honduras,2024-W44,0.0,0.0,44.0,0.0
Honduras,2024-W45,0.0,0.0,44.0,0.0
Honduras,2024-W46,0.0,0.0,44.0,0.0
Honduras,2024-W47,0.0,0.0,44.0,0.0
Honduras,2024-W48,0.0,0.0,44.0,0.0
Honduras,2024-W49,0.0,0.0,44.0,0.0
Honduras,2024-W50,0.0,0.0,44.0,0.0
Honduras,2024-W51,0.0,0.0,44.0,0.0
Honduras,2024-W52,0.0,0.0,44.0,0.0
Honduras,2025-W01,0.0,0.0,44.0,0.0
Honduras,2025-W02,0.0,0.0,44.0,0.0
Honduras,2025-W03,0.0,0.0,44.0,0.0
Honduras,2025-W04,0.0,0.0,44.0,0.0
Honduras,2025-W05,0.0,0.0,44.0,0.0
Honduras,2025-W06,0.0,0.0,44.0,0.0
Honduras,2025-W07,0.0,0.0,44.0,0.0
Honduras,2025-W08,0.0,0.0,44.0,0.0
Honduras,2025-W09,0.0,0.0,44.0,0.0
Honduras,2025-W10,0.0,0.0,44.0,0.0
Honduras,2025-W11,0.0,0.0,44.0,0.0
Honduras,2025-W12,0.0,0.0,44.0,0.0
Honduras,2025-W13,0.0,0.0,44.0,0.0
Honduras,2025-W14,0.0,0.0,44.0,0.0
Honduras,2025-W15,0.0,0.0,44.0,0.0
Honduras,2025-W16,0.0,0.0,44.0,0.0
Honduras,2025-W17,0.0,0.0,44.0,0.0
Honduras,2025-W18,0.0,0.0,44.0,0.0
Honduras,2025-W19,0.0,0.0,44.0,0.0
Honduras,2025-W20,0.0,0.0,44.0,0.0
Honduras,2025-W21,0.0,0.0,44.0,0.0
Honduras,2025-W22,0.0,0.0,44.0,0.0
Honduras,2025-W23,0.0,0.0,44.0,0.0
Honduras,2025-W24,0.0,0.0,44.0,0.0
Honduras,2025-W25,0.0,0.0,44.0,0.0
Honduras,2025-W26,0.0,0.0,44.0,0.0
Honduras,2025-W27,1.0,0.0,45.0,0.0
Honduras,2025-W28,0.0,0.0,45.0,0.0
Honduras,2025-W29,0.0,0.0,45.0,0.0
Honduras,2025-W30,0.0,0.0,45.0,0.0
Honduras,2025-W31,0.0,0.0,45.0,0.0
Honduras,2025-W32,0.0,0.0,45.0,0.0
Honduras,2025-W33,1.0,0.0,46.0,0.0
Honduras,2025-W34,0.0,0.0,46.0,0.0
Honduras,2025-W35,0.0,0.0,46.0,0.0
Honduras,2025-W36,2.0,0.0,48.0,0.0
Honduras,2025-W37,0.0,0.0,48.0,0.0
Honduras,2025-W38,0.0,0.0,48.0,0.0
Honduras,2025-W39,0.0,0.0,48.0,0.0
Honduras,2025-W40,0.0,0.0,48.0,0.0
Honduras,2025-W41,0.0,0.0,48.0,0.0
Honduras,2025-W42,1.0,0.0,49.0,0.0
Honduras,2025-W43,0.0,0.0,49.0,0.0
Honduras,2025-W44,0.0,0.0,49.0,0.0
Honduras,2025-W45,0.0,0.0,49.0,0.0
Honduras,2025-W46,0.0,0.0,49.0,0.0
Honduras,2025-W47,0.0,0.0,49.0,0.0
Honduras,2025-W48,0.0,0.0,49.0,0.0
Honduras,2025-W49,0.0,0.0,49.0,0.0
Honduras,2025-W50,0.0,0.0,49.0,0.0
Honduras,2025-W51,0.0,0.0,49.0,0.0
Honduras,2025-W52,0.0,0.0,49.0,0.0
Honduras,2026-W01,0.0,0.0,49.0,0.0
Hungary,2022-W22,1.0,0.0,1.0,0.0
Hungary,2022-W23,1.0,0.0,2.0,0.0
Hungary,2022-W24,4.0,0.0,6.0,0.0
Hungary,2022-W25,6.0,0.0,12.0,0.0
Hungary,2022-W26,6.0,0.0,18.0,0.0
Hungary,2022-W27,6.0,0.0,24.0,0.0
Hungary,2022-W28,4.0,0.0,28.0,0.0
Hungary,2022-W29,5.0,0.0,33.0,0.0
Hungary,2022-W30,4.0,0.0,37.0,0.0
Hungary,2022-W31,5.0,0.0,42.0,0.0
Hungary,2022-W32,15.0,0.0,57.0,0.0
Hungary,2022-W33,5.0,0.0,62.0,0.0
Hungary,2022-W34,5.0,0.0,67.0,0.0
Hungary,2022-W35,3.0,0.0,70.0,0.0
Hungary,2022-W36,1.0,0.0,71.0,0.0
Hungary,2022-W37,4.0,0.0,75.0,0.0
Hungary,2022-W38,2.0,0.0,77.0,0.0
Hungary,2022-W39,0.0,0.0,77.0,0.0
Hungary,2022-W40,1.0,0.0,78.0,0.0
Hungary,2022-W41,0.0,0.0,78.0,0.0
Hungary,2022-W42,1.0,0.0,79.0,0.0
Hungary,2022-W43,1.0,0.0,80.0,0.0
Hungary,2022-W44,0.0,0.0,80.0,0.0
Hungary,2022-W45,0.0,0.0,80.0,0.0
Hungary,2022-W46,0.0,0.0,80.0,0.0
Hungary,2022-W47,0.0,0.0,80.0,0.0
Hungary,2022-W48,0.0,0.0,80.0,0.0
Hungary,2022-W49,0.0,0.0,80.0,0.0
Hungary,2022-W50,0.0,0.0,80.0,0.0
Hungary,2022-W51,0.0,0.0,80.0,0.0
Hungary,2022-W52,0.0,0.0,80.0,0.0
Hungary,2023-W01,0.0,0.0,80.0,0.0
Hungary,2023-W02,0.0,0.0,80.0,0.0
Hungary,2023-W03,0.0,0.0,80.0,0.0
Hungary,2023-W04,0.0,0.0,80.0,0.0
Hungary,2023-W05,0.0,0.0,80.0,0.0
Hungary,2023-W06,0.0,0.0,80.0,0.0
Hungary,2023-W07,0.0,0.0,80.0,0.0
Hungary,2023-W08,0.0,0.0,80.0,0.0
Hungary,2023-W09,0.0,0.0,80.0,0.0
Hungary,2023-W10,0.0,0.0,80.0,0.0
Hungary,2023-W11,0.0,0.0,80.0,0.0
Hungary,2023-W12,0.0,0.0,80.0,0.0
Hungary,2023-W13,0.0,0.0,80.0,0.0
Hungary,2023-W14,0.0,0.0,80.0,0.0
Hungary,2023-W15,0.0,0.0,80.0,0.0
Hungary,2023-W16,0.0,0.0,80.0,0.0
Hungary,2023-W17,0.0,0.0,80.0,0.0
Hungary,2023-W18,0.0,0.0,80.0,0.0
Hungary,2023-W19,0.0,0.0,80.0,0.0
Hungary,2023-W20,0.0,0.0,80.0,0.0
Hungary,2023-W21,0.0,0.0,80.0,0.0
Hungary,2023-W22,0.0,0.0,80.0,0.0
Hungary,2023-W23,0.0,0.0,80.0,0.0
Hungary,2023-W24,0.0,0.0,80.0,0.0
Hungary,2023-W25,0.0,0.0,80.0,0.0
Hungary,2023-W26,0.0,0.0,80.0,0.0
Hungary,2023-W27,0.0,0.0,80.0,0.0
Hungary,2023-W28,0.0,0.0,80.0,0.0
Hungary,2023-W29,0.0,0.0,80.0,0.0
Hungary,2023-W30,0.0,0.0,80.0,0.0
Hungary,2023-W31,0.0,0.0,80.0,0.0
Hungary,2023-W32,0.0,0.0,80.0,0.0
Hungary,2023-W33,0.0,0.0,80.0,0.0
Hungary,2023-W34,0.0,0.0,80.0,0.0
Hungary,2023-W35,0.0,0.0,80.0,0.0
Hungary,2023-W36,0.0,0.0,80.0,0.0
Hungary,2023-W37,0.0,0.0,80.0,0.0
Hungary,2023-W38,0.0,0.0,80.0,0.0
Hungary,2023-W39,0.0,0.0,80.0,0.0
Hungary,2023-W40,0.0,0.0,80.0,0.0
Hungary,2023-W41,0.0,0.0,80.0,0.0
Hungary,2023-W42,0.0,0.0,80.0,0.0
Hungary,2023-W43,0.0,0.0,80.0,0.0
Hungary,2023-W44,1.0,0.0,81.0,0.0
Hungary,2023-W45,0.0,0.0,81.0,0.0
Hungary,2023-W46,0.0,0.0,81.0,0.0
Hungary,2023-W47,0.0,0.0,81.0,0.0
Hungary,2023-W48,0.0,0.0,81.0,0.0
Hungary,2023-W49,0.0,0.0,81.0,0.0
Hungary,2023-W50,0.0,0.0,81.0,0.0
Hungary,2023-W51,0.0,0.0,81.0,0.0
Hungary,2023-W52,1.0,0.0,82.0,0.0
Hungary,2024-W01,0.0,0.0,82.0,0.0
Hungary,2024-W02,0.0,0.0,82.0,0.0
Hungary,2024-W03,0.0,0.0,82.0,0.0
Hungary,2024-W04,0.0,0.0,82.0,0.0
Hungary,2024-W05,1.0,0.0,83.0,0.0
Hungary,2024-W06,0.0,0.0,83.0,0.0
Hungary,2024-W07,0.0,0.0,83.0,0.0
Hungary,2024-W08,0.0,0.0,83.0,0.0
Hungary,2024-W09,0.0,0.0,83.0,0.0
Hungary,2024-W10,0.0,0.0,83.0,0.0
Hungary,2024-W11,0.0,0.0,83.0,0.0
Hungary,2024-W12,0.0,0.0,83.0,0.0
Hungary,2024-W13,0.0,0.0,83.0,0.0
Hungary,2024-W14,0.0,0.0,83.0,0.0
Hungary,2024-W15,0.0,0.0,83.0,0.0
Hungary,2024-W16,0.0,0.0,83.0,0.0
Hungary,2024-W17,0.0,0.0,83.0,0.0
Hungary,2024-W18,0.0,0.0,83.0,0.0
Hungary,2024-W19,0.0,0.0,83.0,0.0
Hungary,2024-W20,0.0,0.0,83.0,0.0
Hungary,2024-W21,0.0,0.0,83.0,0.0
Hungary,2024-W22,0.0,0.0,83.0,0.0
Hungary,2024-W23,0.0,0.0,83.0,0.0
Hungary,2024-W24,0.0,0.0,83.0,0.0
Hungary,2024-W25,0.0,0.0,83.0,0.0
Hungary,2024-W26,2.0,0.0,85.0,0.0
Hungary,2024-W27,0.0,0.0,85.0,0.0
Hungary,2024-W28,0.0,0.0,85.0,0.0
Hungary,2024-W29,0.0,0.0,85.0,0.0
Hungary,2024-W30,0.0,0.0,85.0,0.0
Hungary,2024-W31,0.0,0.0,85.0,0.0
Hungary,2024-W32,0.0,0.0,85.0,0.0
Hungary,2024-W33,0.0,0.0,85.0,0.0
Hungary,2024-W34,0.0,0.0,85.0,0.0
Hungary,2024-W35,0.0,0.0,85.0,0.0
Hungary,2024-W36,0.0,0.0,85.0,0.0
Hungary,2024-W37,0.0,0.0,85.0,0.0
Hungary,2024-W38,0.0,0.0,85.0,0.0
Hungary,2024-W39,0.0,0.0,85.0,0.0
Hungary,2024-W40,0.0,0.0,85.0,0.0
Hungary,2024-W41,0.0,0.0,85.0,0.0
Hungary,2024-W42,0.0,0.0,85.0,0.0
Hungary,2024-W43,0.0,0.0,85.0,0.0
Hungary,2024-W44,0.0,0.0,85.0,0.0
Hungary,2024-W45,0.0,0.0,85.0,0.0
Hungary,2024-W46,0.0,0.0,85.0,0.0
Hungary,2024-W47,0.0,0.0,85.0,0.0
Hungary,2024-W48,0.0,0.0,85.0,0.0
Hungary,2024-W49,0.0,0.0,85.0,0.0
Hungary,2024-W50,0.0,0.0,85.0,0.0
Hungary,2024-W51,0.0,0.0,85.0,0.0
Hungary,2024-W52,0.0,0.0,85.0,0.0
Hungary,2025-W01,0.0,0.0,85.0,0.0
Hungary,2025-W02,0.0,0.0,85.0,0.0
Hungary,2025-W03,0.0,0.0,85.0,0.0
Hungary,2025-W04,0.0,0.0,85.0,0.0
Hungary,2025-W05,0.0,0.0,85.0,0.0
Hungary,2025-W06,0.0,0.0,85.0,0.0
Hungary,2025-W07,0.0,0.0,85.0,0.0
Hungary,2025-W08,0.0,0.0,85.0,0.0
Hungary,2025-W09,0.0,0.0,85.0,0.0
Hungary,2025-W10,0.0,0.0,85.0,0.0
Hungary,2025-W11,0.0,0.0,85.0,0.0
Hungary,2025-W12,0.0,0.0,85.0,0.0
Hungary,2025-W13,0.0,0.0,85.0,0.0
Hungary,2025-W14,3.0,0.0,88.0,0.0
Hungary,2025-W15,0.0,0.0,88.0,0.0
Hungary,2025-W16,0.0,0.0,88.0,0.0
Hungary,2025-W17,0.0,0.0,88.0,0.0
Hungary,2025-W18,0.0,0.0,88.0,0.0
Hungary,2025-W19,0.0,0.0,88.0,0.0
Hungary,2025-W20,0.0,0.0,88.0,0.0
Hungary,2025-W21,0.0,0.0,88.0,0.0
Hungary,2025-W22,0.0,0.0,88.0,0.0
Hungary,2025-W23,0.0,0.0,88.0,0.0
Hungary,2025-W24,0.0,0.0,88.0,0.0
Hungary,2025-W25,0.0,0.0,88.0,0.0
Hungary,2025-W26,0.0,0.0,88.0,0.0
Hungary,2025-W27,0.0,0.0,88.0,0.0
Hungary,2025-W28,0.0,0.0,88.0,0.0
Hungary,2025-W29,0.0,0.0,88.0,0.0
Hungary,2025-W30,0.0,0.0,88.0,0.0
Hungary,2025-W31,0.0,0.0,88.0,0.0
Hungary,2025-W32,0.0,0.0,88.0,0.0
Hungary,2025-W33,0.0,0.0,88.0,0.0
Hungary,2025-W34,0.0,0.0,88.0,0.0
Hungary,2025-W35,0.0,0.0,88.0,0.0
Hungary,2025-W36,0.0,0.0,88.0,0.0
Hungary,2025-W37,0.0,0.0,88.0,0.0
Hungary,2025-W38,0.0,0.0,88.0,0.0
Hungary,2025-W39,0.0,0.0,88.0,0.0
Hungary,2025-W40,0.0,0.0,88.0,0.0
Hungary,2025-W41,1.0,0.0,89.0,0.0
Hungary,2025-W42,0.0,0.0,89.0,0.0
Hungary,2025-W43,0.0,0.0,89.0,0.0
Hungary,2025-W44,0.0,0.0,89.0,0.0
Hungary,2025-W45,0.0,0.0,89.0,0.0
Hungary,2025-W46,1.0,0.0,90.0,0.0
Hungary,2025-W47,0.0,0.0,90.0,0.0
Hungary,2025-W48,0.0,0.0,90.0,0.0
Hungary,2025-W49,0.0,0.0,90.0,0.0
Hungary,2025-W50,0.0,0.0,90.0,0.0
Hungary,2025-W51,0.0,0.0,90.0,0.0
Hungary,2025-W52,0.0,0.0,90.0,0.0
Iceland,2022-W23,0.0,0.0,0.0,0.0
Iceland,2022-W24,3.0,0.0,3.0,0.0
Iceland,2022-W25,0.0,0.0,3.0,0.0
Iceland,2022-W26,1.0,0.0,4.0,0.0
Iceland,2022-W27,2.0,0.0,6.0,0.0
Iceland,2022-W28,1.0,0.0,7.0,0.0
Iceland,2022-W29,2.0,0.0,9.0,0.0
Iceland,2022-W30,0.0,0.0,9.0,0.0
Iceland,2022-W31,1.0,0.0,10.0,0.0
Iceland,2022-W32,1.0,0.0,11.0,0.0
Iceland,2022-W33,1.0,0.0,12.0,0.0
Iceland,2022-W34,0.0,0.0,12.0,0.0
Iceland,2022-W35,0.0,0.0,12.0,0.0
Iceland,2022-W36,0.0,0.0,12.0,0.0
Iceland,2022-W37,0.0,0.0,12.0,0.0
Iceland,2022-W38,0.0,0.0,12.0,0.0
Iceland,2022-W39,2.0,0.0,14.0,0.0
Iceland,2022-W40,2.0,0.0,16.0,0.0
Iceland,2022-W41,0.0,0.0,16.0,0.0
Iceland,2022-W42,0.0,0.0,16.0,0.0
Iceland,2022-W43,0.0,0.0,16.0,0.0
Iceland,2022-W44,0.0,0.0,16.0,0.0
Iceland,2022-W45,0.0,0.0,16.0,0.0
Iceland,2022-W46,0.0,0.0,16.0,0.0
Iceland,2022-W47,0.0,0.0,16.0,0.0
Iceland,2022-W48,0.0,0.0,16.0,0.0
Iceland,2022-W49,0.0,0.0,16.0,0.0
Iceland,2022-W50,0.0,0.0,16.0,0.0
Iceland,2022-W51,0.0,0.0,16.0,0.0
Iceland,2022-W52,0.0,0.0,16.0,0.0
Iceland,2023-W01,0.0,0.0,16.0,0.0
Iceland,2023-W02,0.0,0.0,16.0,0.0
Iceland,2023-W03,0.0,0.0,16.0,0.0
Iceland,2023-W04,0.0,0.0,16.0,0.0
Iceland,2023-W05,0.0,0.0,16.0,0.0
Iceland,2023-W06,0.0,0.0,16.0,0.0
Iceland,2023-W07,0.0,0.0,16.0,0.0
Iceland,2023-W08,0.0,0.0,16.0,0.0
Iceland,2023-W09,0.0,0.0,16.0,0.0
Iceland,2023-W10,0.0,0.0,16.0,0.0
Iceland,2023-W11,0.0,0.0,16.0,0.0
Iceland,2023-W12,0.0,0.0,16.0,0.0
Iceland,2023-W13,0.0,0.0,16.0,0.0
Iceland,2023-W14,0.0,0.0,16.0,0.0
Iceland,2023-W15,0.0,0.0,16.0,0.0
Iceland,2023-W16,0.0,0.0,16.0,0.0
Iceland,2023-W17,0.0,0.0,16.0,0.0
Iceland,2023-W18,0.0,0.0,16.0,0.0
Iceland,2023-W19,0.0,0.0,16.0,0.0
Iceland,2023-W20,0.0,0.0,16.0,0.0
Iceland,2023-W21,0.0,0.0,16.0,0.0
Iceland,2023-W22,0.0,0.0,16.0,0.0
Iceland,2023-W23,0.0,0.0,16.0,0.0
Iceland,2023-W24,0.0,0.0,16.0,0.0
Iceland,2023-W25,0.0,0.0,16.0,0.0
Iceland,2023-W26,0.0,0.0,16.0,0.0
Iceland,2023-W27,0.0,0.0,16.0,0.0
Iceland,2023-W28,0.0,0.0,16.0,0.0
Iceland,2023-W29,0.0,0.0,16.0,0.0
Iceland,2023-W30,0.0,0.0,16.0,0.0
Iceland,2023-W31,0.0,0.0,16.0,0.0
Iceland,2023-W32,0.0,0.0,16.0,0.0
Iceland,2023-W33,0.0,0.0,16.0,0.0
Iceland,2023-W34,0.0,0.0,16.0,0.0
Iceland,2023-W35,0.0,0.0,16.0,0.0
Iceland,2023-W36,1.0,0.0,17.0,0.0
Iceland,2023-W37,0.0,0.0,17.0,0.0
Iceland,2023-W38,0.0,0.0,17.0,0.0
Iceland,2023-W39,0.0,0.0,17.0,0.0
Iceland,2023-W40,0.0,0.0,17.0,0.0
Iceland,2023-W41,0.0,0.0,17.0,0.0
Iceland,2023-W42,0.0,0.0,17.0,0.0
Iceland,2023-W43,0.0,0.0,17.0,0.0
Iceland,2023-W44,0.0,0.0,17.0,0.0
Iceland,2023-W45,0.0,0.0,17.0,0.0
Iceland,2023-W46,0.0,0.0,17.0,0.0
Iceland,2023-W47,0.0,0.0,17.0,0.0
Iceland,2023-W48,0.0,0.0,17.0,0.0
Iceland,2023-W49,0.0,0.0,17.0,0.0
Iceland,2023-W50,0.0,0.0,17.0,0.0
Iceland,2023-W51,0.0,0.0,17.0,0.0
Iceland,2023-W52,0.0,0.0,17.0,0.0
Iceland,2024-W01,0.0,0.0,17.0,0.0
Iceland,2024-W02,0.0,0.0,17.0,0.0
Iceland,2024-W03,0.0,0.0,17.0,0.0
Iceland,2024-W04,0.0,0.0,17.0,0.0
Iceland,2024-W05,0.0,0.0,17.0,0.0
Iceland,2024-W06,0.0,0.0,17.0,0.0
Iceland,2024-W07,0.0,0.0,17.0,0.0
Iceland,2024-W08,0.0,0.0,17.0,0.0
Iceland,2024-W09,0.0,0.0,17.0,0.0
Iceland,2024-W10,0.0,0.0,17.0,0.0
Iceland,2024-W11,0.0,0.0,17.0,0.0
Iceland,2024-W12,0.0,0.0,17.0,0.0
Iceland,2024-W13,0.0,0.0,17.0,0.0
Iceland,2024-W14,0.0,0.0,17.0,0.0
Iceland,2024-W15,0.0,0.0,17.0,0.0
Iceland,2024-W16,0.0,0.0,17.0,0.0
Iceland,2024-W17,0.0,0.0,17.0,0.0
Iceland,2024-W18,0.0,0.0,17.0,0.0
Iceland,2024-W19,0.0,0.0,17.0,0.0
Iceland,2024-W20,0.0,0.0,17.0,0.0
Iceland,2024-W21,0.0,0.0,17.0,0.0
Iceland,2024-W22,0.0,0.0,17.0,0.0
Iceland,2024-W23,0.0,0.0,17.0,0.0
Iceland,2024-W24,0.0,0.0,17.0,0.0
Iceland,2024-W25,0.0,0.0,17.0,0.0
Iceland,2024-W26,0.0,0.0,17.0,0.0
Iceland,2024-W27,0.0,0.0,17.0,0.0
Iceland,2024-W28,0.0,0.0,17.0,0.0
Iceland,2024-W29,0.0,0.0,17.0,0.0
Iceland,2024-W30,0.0,0.0,17.0,0.0
Iceland,2024-W31,0.0,0.0,17.0,0.0
Iceland,2024-W32,0.0,0.0,17.0,0.0
Iceland,2024-W33,0.0,0.0,17.0,0.0
Iceland,2024-W34,0.0,0.0,17.0,0.0
Iceland,2024-W35,0.0,0.0,17.0,0.0
Iceland,2024-W36,0.0,0.0,17.0,0.0
Iceland,2024-W37,0.0,0.0,17.0,0.0
Iceland,2024-W38,0.0,0.0,17.0,0.0
Iceland,2024-W39,0.0,0.0,17.0,0.0
Iceland,2024-W40,0.0,0.0,17.0,0.0
Iceland,2024-W41,0.0,0.0,17.0,0.0
Iceland,2024-W42,0.0,0.0,17.0,0.0
Iceland,2024-W43,0.0,0.0,17.0,0.0
Iceland,2024-W44,0.0,0.0,17.0,0.0
Iceland,2024-W45,0.0,0.0,17.0,0.0
Iceland,2024-W46,0.0,0.0,17.0,0.0
Iceland,2024-W47,0.0,0.0,17.0,0.0
Iceland,2024-W48,0.0,0.0,17.0,0.0
Iceland,2024-W49,0.0,0.0,17.0,0.0
Iceland,2024-W50,0.0,0.0,17.0,0.0
Iceland,2024-W51,0.0,0.0,17.0,0.0
Iceland,2024-W52,0.0,0.0,17.0,0.0
Iceland,2025-W01,0.0,0.0,17.0,0.0
Iceland,2025-W02,0.0,0.0,17.0,0.0
Iceland,2025-W03,0.0,0.0,17.0,0.0
Iceland,2025-W04,0.0,0.0,17.0,0.0
Iceland,2025-W05,0.0,0.0,17.0,0.0
Iceland,2025-W06,0.0,0.0,17.0,0.0
Iceland,2025-W07,0.0,0.0,17.0,0.0
Iceland,2025-W08,0.0,0.0,17.0,0.0
Iceland,2025-W09,0.0,0.0,17.0,0.0
Iceland,2025-W10,0.0,0.0,17.0,0.0
Iceland,2025-W11,0.0,0.0,17.0,0.0
Iceland,2025-W12,0.0,0.0,17.0,0.0
Iceland,2025-W13,0.0,0.0,17.0,0.0
Iceland,2025-W14,0.0,0.0,17.0,0.0
Iceland,2025-W15,0.0,0.0,17.0,0.0
Iceland,2025-W16,0.0,0.0,17.0,0.0
Iceland,2025-W17,0.0,0.0,17.0,0.0
Iceland,2025-W18,0.0,0.0,17.0,0.0
Iceland,2025-W19,0.0,0.0,17.0,0.0
Iceland,2025-W20,0.0,0.0,17.0,0.0
Iceland,2025-W21,0.0,0.0,17.0,0.0
Iceland,2025-W22,0.0,0.0,17.0,0.0
Iceland,2025-W23,0.0,0.0,17.0,0.0
Iceland,2025-W24,0.0,0.0,17.0,0.0
Iceland,2025-W25,0.0,0.0,17.0,0.0
Iceland,2025-W26,0.0,0.0,17.0,0.0
Iceland,2025-W27,0.0,0.0,17.0,0.0
Iceland,2025-W28,0.0,0.0,17.0,0.0
Iceland,2025-W29,0.0,0.0,17.0,0.0
Iceland,2025-W30,0.0,0.0,17.0,0.0
Iceland,2025-W31,0.0,0.0,17.0,0.0
Iceland,2025-W32,0.0,0.0,17.0,0.0
Iceland,2025-W33,0.0,0.0,17.0,0.0
Iceland,2025-W34,0.0,0.0,17.0,0.0
Iceland,2025-W35,0.0,0.0,17.0,0.0
Iceland,2025-W36,0.0,0.0,17.0,0.0
Iceland,2025-W37,0.0,0.0,17.0,0.0
Iceland,2025-W38,0.0,0.0,17.0,0.0
Iceland,2025-W39,0.0,0.0,17.0,0.0
Iceland,2025-W40,0.0,0.0,17.0,0.0
Iceland,2025-W41,0.0,0.0,17.0,0.0
Iceland,2025-W42,0.0,0.0,17.0,0.0
Iceland,2025-W43,0.0,0.0,17.0,0.0
Iceland,2025-W44,0.0,0.0,17.0,0.0
Iceland,2025-W45,0.0,0.0,17.0,0.0
Iceland,2025-W46,1.0,0.0,18.0,0.0
Iceland,2025-W47,0.0,0.0,18.0,0.0
Iceland,2025-W48,0.0,0.0,18.0,0.0
Iceland,2025-W49,0.0,0.0,18.0,0.0
Iceland,2025-W50,0.0,0.0,18.0,0.0
Iceland,2025-W51,0.0,0.0,18.0,0.0
Iceland,2025-W52,0.0,0.0,18.0,0.0
India,2022-W28,1.0,0.0,1.0,0.0
India,2022-W29,1.0,0.0,2.0,0.0
India,2022-W30,2.0,0.0,4.0,0.0
India,2022-W31,5.0,1.0,9.0,1.0
India,2022-W32,0.0,0.0,9.0,1.0
India,2022-W33,1.0,0.0,10.0,1.0
India,2022-W34,0.0,0.0,10.0,1.0
India,2022-W35,0.0,0.0,10.0,1.0
India,2022-W36,0.0,0.0,10.0,1.0
India,2022-W37,2.0,0.0,12.0,1.0
India,2022-W38,0.0,0.0,12.0,1.0
India,2022-W39,0.0,0.0,12.0,1.0
India,2022-W40,0.0,0.0,12.0,1.0
India,2022-W41,0.0,0.0,12.0,1.0
India,2022-W42,5.0,0.0,17.0,1.0
India,2022-W43,0.0,0.0,17.0,1.0
India,2022-W44,0.0,0.0,17.0,1.0
India,2022-W45,0.0,0.0,17.0,1.0
India,2022-W46,0.0,0.0,17.0,1.0
India,2022-W47,0.0,0.0,17.0,1.0
India,2022-W48,0.0,0.0,17.0,1.0
India,2022-W49,0.0,0.0,17.0,1.0
India,2022-W50,3.0,0.0,20.0,1.0
India,2022-W51,0.0,0.0,20.0,1.0
India,2022-W52,0.0,0.0,20.0,1.0
India,2023-W01,0.0,0.0,20.0,1.0
India,2023-W02,0.0,0.0,20.0,1.0
India,2023-W03,2.0,0.0,22.0,1.0
India,2023-W04,0.0,0.0,22.0,1.0
India,2023-W05,0.0,0.0,22.0,1.0
India,2023-W06,0.0,0.0,22.0,1.0
India,2023-W07,0.0,0.0,22.0,1.0
India,2023-W08,0.0,0.0,22.0,1.0
India,2023-W09,0.0,0.0,22.0,1.0
India,2023-W10,0.0,0.0,22.0,1.0
India,2023-W11,0.0,0.0,22.0,1.0
India,2023-W12,0.0,0.0,22.0,1.0
India,2023-W13,0.0,0.0,22.0,1.0
India,2023-W14,0.0,0.0,22.0,1.0
India,2023-W15,0.0,0.0,22.0,1.0
India,2023-W16,0.0,0.0,22.0,1.0
India,2023-W17,0.0,0.0,22.0,1.0
India,2023-W18,0.0,0.0,22.0,1.0
India,2023-W19,0.0,0.0,22.0,1.0
India,2023-W20,0.0,0.0,22.0,1.0
India,2023-W21,0.0,0.0,22.0,1.0
India,2023-W22,0.0,0.0,22.0,1.0
India,2023-W23,0.0,0.0,22.0,1.0
India,2023-W24,0.0,0.0,22.0,1.0
India,2023-W25,0.0,0.0,22.0,1.0
India,2023-W26,0.0,0.0,22.0,1.0
India,2023-W27,0.0,0.0,22.0,1.0
India,2023-W28,0.0,0.0,22.0,1.0
India,2023-W29,0.0,0.0,22.0,1.0
India,2023-W30,0.0,0.0,22.0,1.0
India,2023-W31,0.0,0.0,22.0,1.0
India,2023-W32,0.0,0.0,22.0,1.0
India,2023-W33,0.0,0.0,22.0,1.0
India,2023-W34,0.0,0.0,22.0,1.0
India,2023-W35,0.0,0.0,22.0,1.0
India,2023-W36,0.0,0.0,22.0,1.0
India,2023-W37,0.0,0.0,22.0,1.0
India,2023-W38,0.0,0.0,22.0,1.0
India,2023-W39,5.0,0.0,27.0,1.0
India,2023-W40,0.0,0.0,27.0,1.0
India,2023-W41,0.0,0.0,27.0,1.0
India,2023-W42,0.0,0.0,27.0,1.0
India,2023-W43,0.0,0.0,27.0,1.0
India,2023-W44,0.0,0.0,27.0,1.0
India,2023-W45,0.0,0.0,27.0,1.0
India,2023-W46,0.0,0.0,27.0,1.0
India,2023-W47,0.0,0.0,27.0,1.0
India,2023-W48,0.0,0.0,27.0,1.0
India,2023-W49,0.0,0.0,27.0,1.0
India,2023-W50,0.0,0.0,27.0,1.0
India,2023-W51,0.0,0.0,27.0,1.0
India,2023-W52,0.0,0.0,27.0,1.0
India,2024-W01,0.0,0.0,27.0,1.0
India,2024-W02,0.0,0.0,27.0,1.0
India,2024-W03,0.0,0.0,27.0,1.0
India,2024-W04,0.0,0.0,27.0,1.0
India,2024-W05,0.0,0.0,27.0,1.0
India,2024-W06,0.0,0.0,27.0,1.0
India,2024-W07,0.0,0.0,27.0,1.0
India,2024-W08,0.0,0.0,27.0,1.0
India,2024-W09,0.0,0.0,27.0,1.0
India,2024-W10,0.0,0.0,27.0,1.0
India,2024-W11,0.0,0.0,27.0,1.0
India,2024-W12,0.0,0.0,27.0,1.0
India,2024-W13,0.0,0.0,27.0,1.0
India,2024-W14,0.0,0.0,27.0,1.0
India,2024-W15,0.0,0.0,27.0,1.0
India,2024-W16,0.0,0.0,27.0,1.0
India,2024-W17,0.0,0.0,27.0,1.0
India,2024-W18,0.0,0.0,27.0,1.0
India,2024-W19,0.0,0.0,27.0,1.0
India,2024-W20,0.0,0.0,27.0,1.0
India,2024-W21,0.0,0.0,27.0,1.0
India,2024-W22,0.0,0.0,27.0,1.0
India,2024-W23,0.0,0.0,27.0,1.0
India,2024-W24,0.0,0.0,27.0,1.0
India,2024-W25,0.0,0.0,27.0,1.0
India,2024-W26,0.0,0.0,27.0,1.0
India,2024-W27,0.0,0.0,27.0,1.0
India,2024-W28,0.0,0.0,27.0,1.0
India,2024-W29,0.0,0.0,27.0,1.0
India,2024-W30,0.0,0.0,27.0,1.0
India,2024-W31,0.0,0.0,27.0,1.0
India,2024-W32,0.0,0.0,27.0,1.0
India,2024-W33,0.0,0.0,27.0,1.0
India,2024-W34,0.0,0.0,27.0,1.0
India,2024-W35,3.0,0.0,30.0,1.0
India,2024-W36,0.0,0.0,30.0,1.0
India,2024-W37,0.0,0.0,30.0,1.0
India,2024-W38,0.0,0.0,30.0,1.0
India,2024-W39,0.0,0.0,30.0,1.0
India,2024-W40,3.0,0.0,33.0,1.0
India,2024-W41,0.0,0.0,33.0,1.0
India,2024-W42,0.0,0.0,33.0,1.0
India,2024-W43,0.0,0.0,33.0,1.0
India,2024-W44,0.0,0.0,33.0,1.0
India,2024-W45,0.0,0.0,33.0,1.0
India,2024-W46,0.0,0.0,33.0,1.0
India,2024-W47,0.0,0.0,33.0,1.0
India,2024-W48,0.0,0.0,33.0,1.0
India,2024-W49,0.0,0.0,33.0,1.0
India,2024-W50,0.0,0.0,33.0,1.0
India,2024-W51,0.0,0.0,33.0,1.0
India,2024-W52,0.0,0.0,33.0,1.0
India,2025-W01,3.0,0.0,36.0,1.0
India,2025-W02,0.0,0.0,36.0,1.0
India,2025-W03,0.0,0.0,36.0,1.0
India,2025-W04,0.0,0.0,36.0,1.0
India,2025-W05,3.0,0.0,39.0,1.0
India,2025-W06,0.0,0.0,39.0,1.0
India,2025-W07,0.0,0.0,39.0,1.0
India,2025-W08,0.0,0.0,39.0,1.0
India,2025-W09,5.0,0.0,44.0,1.0
India,2025-W10,0.0,0.0,44.0,1.0
India,2025-W11,0.0,0.0,44.0,1.0
India,2025-W12,0.0,0.0,44.0,1.0
India,2025-W13,0.0,0.0,44.0,1.0
India,2025-W14,2.0,0.0,46.0,1.0
India,2025-W15,0.0,0.0,46.0,1.0
India,2025-W16,0.0,0.0,46.0,1.0
India,2025-W17,0.0,0.0,46.0,1.0
India,2025-W18,1.0,0.0,47.0,1.0
India,2025-W19,0.0,0.0,47.0,1.0
India,2025-W20,0.0,0.0,47.0,1.0
India,2025-W21,0.0,0.0,47.0,1.0
India,2025-W22,0.0,0.0,47.0,1.0
India,2025-W23,0.0,0.0,47.0,1.0
India,2025-W24,0.0,0.0,47.0,1.0
India,2025-W25,0.0,0.0,47.0,1.0
India,2025-W26,0.0,0.0,47.0,1.0
India,2025-W27,3.0,0.0,50.0,1.0
India,2025-W28,0.0,0.0,50.0,1.0
India,2025-W29,0.0,0.0,50.0,1.0
India,2025-W30,0.0,0.0,50.0,1.0
India,2025-W31,1.0,0.0,51.0,1.0
India,2025-W32,0.0,0.0,51.0,1.0
India,2025-W33,0.0,0.0,51.0,1.0
India,2025-W34,0.0,0.0,51.0,1.0
India,2025-W35,0.0,0.0,51.0,1.0
India,2025-W36,0.0,0.0,51.0,1.0
India,2025-W37,0.0,0.0,51.0,1.0
India,2025-W38,0.0,0.0,51.0,1.0
India,2025-W39,0.0,0.0,51.0,1.0
India,2025-W40,0.0,0.0,51.0,1.0
India,2025-W41,0.0,0.0,51.0,1.0
India,2025-W42,0.0,0.0,51.0,1.0
India,2025-W43,0.0,0.0,51.0,1.0
India,2025-W44,5.0,0.0,56.0,1.0
India,2025-W45,0.0,0.0,56.0,1.0
India,2025-W46,0.0,0.0,56.0,1.0
India,2025-W47,0.0,0.0,56.0,1.0
India,2025-W48,3.0,0.0,59.0,1.0
India,2025-W49,0.0,0.0,59.0,1.0
India,2025-W50,0.0,0.0,59.0,1.0
India,2025-W51,0.0,0.0,59.0,1.0
India,2025-W52,0.0,0.0,59.0,1.0
India,2026-W01,5.0,0.0,64.0,1.0
Indonesia,2022-W34,1.0,0.0,1.0,0.0
Indonesia,2022-W35,0.0,0.0,1.0,0.0
Indonesia,2022-W36,0.0,0.0,1.0,0.0
Indonesia,2022-W37,0.0,0.0,1.0,0.0
Indonesia,2022-W38,0.0,0.0,1.0,0.0
Indonesia,2022-W39,0.0,0.0,1.0,0.0
Indonesia,2022-W40,0.0,0.0,1.0,0.0
Indonesia,2022-W41,0.0,0.0,1.0,0.0
Indonesia,2022-W42,0.0,0.0,1.0,0.0
Indonesia,2022-W43,0.0,0.0,1.0,0.0
Indonesia,2022-W44,0.0,0.0,1.0,0.0
Indonesia,2022-W45,0.0,0.0,1.0,0.0
Indonesia,2022-W46,0.0,0.0,1.0,0.0
Indonesia,2022-W47,0.0,0.0,1.0,0.0
Indonesia,2022-W48,0.0,0.0,1.0,0.0
Indonesia,2022-W49,0.0,0.0,1.0,0.0
Indonesia,2022-W50,0.0,0.0,1.0,0.0
Indonesia,2022-W51,0.0,0.0,1.0,0.0
Indonesia,2022-W52,0.0,0.0,1.0,0.0
Indonesia,2023-W01,0.0,0.0,1.0,0.0
Indonesia,2023-W02,0.0,0.0,1.0,0.0
Indonesia,2023-W03,0.0,0.0,1.0,0.0
Indonesia,2023-W04,0.0,0.0,1.0,0.0
Indonesia,2023-W05,0.0,0.0,1.0,0.0
Indonesia,2023-W06,0.0,0.0,1.0,0.0
Indonesia,2023-W07,0.0,0.0,1.0,0.0
Indonesia,2023-W08,0.0,0.0,1.0,0.0
Indonesia,2023-W09,0.0,0.0,1.0,0.0
Indonesia,2023-W10,0.0,0.0,1.0,0.0
Indonesia,2023-W11,0.0,0.0,1.0,0.0
Indonesia,2023-W12,0.0,0.0,1.0,0.0
Indonesia,2023-W13,0.0,0.0,1.0,0.0
Indonesia,2023-W14,0.0,0.0,1.0,0.0
Indonesia,2023-W15,0.0,0.0,1.0,0.0
Indonesia,2023-W16,0.0,0.0,1.0,0.0
Indonesia,2023-W17,0.0,0.0,1.0,0.0
Indonesia,2023-W18,0.0,0.0,1.0,0.0
Indonesia,2023-W19,0.0,0.0,1.0,0.0
Indonesia,2023-W20,0.0,0.0,1.0,0.0
Indonesia,2023-W21,0.0,0.0,1.0,0.0
Indonesia,2023-W22,0.0,0.0,1.0,0.0
Indonesia,2023-W23,0.0,0.0,1.0,0.0
Indonesia,2023-W24,0.0,0.0,1.0,0.0
Indonesia,2023-W25,0.0,0.0,1.0,0.0
Indonesia,2023-W26,0.0,0.0,1.0,0.0
Indonesia,2023-W27,0.0,0.0,1.0,0.0
Indonesia,2023-W28,0.0,0.0,1.0,0.0
Indonesia,2023-W29,0.0,0.0,1.0,0.0
Indonesia,2023-W30,0.0,0.0,1.0,0.0
Indonesia,2023-W31,0.0,0.0,1.0,0.0
Indonesia,2023-W32,0.0,0.0,1.0,0.0
Indonesia,2023-W33,0.0,0.0,1.0,0.0
Indonesia,2023-W34,0.0,0.0,1.0,0.0
Indonesia,2023-W35,0.0,0.0,1.0,0.0
Indonesia,2023-W36,0.0,0.0,1.0,0.0
Indonesia,2023-W37,0.0,0.0,1.0,0.0
Indonesia,2023-W38,0.0,0.0,1.0,0.0
Indonesia,2023-W39,0.0,0.0,1.0,0.0
Indonesia,2023-W40,0.0,0.0,1.0,0.0
Indonesia,2023-W41,0.0,0.0,1.0,0.0
Indonesia,2023-W42,0.0,0.0,1.0,0.0
Indonesia,2023-W43,0.0,0.0,1.0,0.0
Indonesia,2023-W44,29.0,0.0,30.0,0.0
Indonesia,2023-W45,0.0,0.0,30.0,0.0
Indonesia,2023-W46,0.0,0.0,30.0,0.0
Indonesia,2023-W47,0.0,0.0,30.0,0.0
Indonesia,2023-W48,30.0,0.0,60.0,0.0
Indonesia,2023-W49,0.0,0.0,60.0,0.0
Indonesia,2023-W50,0.0,0.0,60.0,0.0
Indonesia,2023-W51,0.0,0.0,60.0,0.0
Indonesia,2023-W52,13.0,0.0,73.0,0.0
Indonesia,2024-W01,0.0,0.0,73.0,0.0
Indonesia,2024-W02,0.0,0.0,73.0,0.0
Indonesia,2024-W03,0.0,0.0,73.0,0.0
Indonesia,2024-W04,0.0,0.0,73.0,0.0
Indonesia,2024-W05,7.0,0.0,80.0,0.0
Indonesia,2024-W06,0.0,0.0,80.0,0.0
Indonesia,2024-W07,0.0,0.0,80.0,0.0
Indonesia,2024-W08,0.0,0.0,80.0,0.0
Indonesia,2024-W09,4.0,0.0,84.0,0.0
Indonesia,2024-W10,0.0,0.0,84.0,0.0
Indonesia,2024-W11,0.0,0.0,84.0,0.0
Indonesia,2024-W12,0.0,0.0,84.0,0.0
Indonesia,2024-W13,0.0,0.0,84.0,0.0
Indonesia,2024-W14,1.0,0.0,85.0,0.0
Indonesia,2024-W15,0.0,0.0,85.0,0.0
Indonesia,2024-W16,0.0,0.0,85.0,0.0
Indonesia,2024-W17,0.0,0.0,85.0,0.0
Indonesia,2024-W18,1.0,0.0,86.0,0.0
Indonesia,2024-W19,0.0,0.0,86.0,0.0
Indonesia,2024-W20,0.0,0.0,86.0,0.0
Indonesia,2024-W21,0.0,0.0,86.0,0.0
Indonesia,2024-W22,1.0,0.0,87.0,0.0
Indonesia,2024-W23,0.0,0.0,87.0,0.0
Indonesia,2024-W24,0.0,0.0,87.0,0.0
Indonesia,2024-W25,0.0,0.0,87.0,0.0
Indonesia,2024-W26,1.0,0.0,88.0,0.0
Indonesia,2024-W27,0.0,0.0,88.0,0.0
Indonesia,2024-W28,0.0,0.0,88.0,0.0
Indonesia,2024-W29,0.0,0.0,88.0,0.0
Indonesia,2024-W30,0.0,0.0,88.0,0.0
Indonesia,2024-W31,0.0,0.0,88.0,0.0
Indonesia,2024-W32,0.0,0.0,88.0,0.0
Indonesia,2024-W33,0.0,0.0,88.0,0.0
Indonesia,2024-W34,0.0,0.0,88.0,0.0
Indonesia,2024-W35,0.0,0.0,88.0,0.0
Indonesia,2024-W36,0.0,0.0,88.0,0.0
Indonesia,2024-W37,0.0,0.0,88.0,0.0
Indonesia,2024-W38,0.0,0.0,88.0,0.0
Indonesia,2024-W39,0.0,0.0,88.0,0.0
Indonesia,2024-W40,0.0,0.0,88.0,0.0
Indonesia,2024-W41,0.0,0.0,88.0,0.0
Indonesia,2024-W42,0.0,0.0,88.0,0.0
Indonesia,2024-W43,0.0,0.0,88.0,0.0
Indonesia,2024-W44,0.0,0.0,88.0,0.0
Indonesia,2024-W45,0.0,0.0,88.0,0.0
Indonesia,2024-W46,0.0,0.0,88.0,0.0
Indonesia,2024-W47,0.0,0.0,88.0,0.0
Indonesia,2024-W48,0.0,0.0,88.0,0.0
Indonesia,2024-W49,0.0,0.0,88.0,0.0
Indonesia,2024-W50,0.0,0.0,88.0,0.0
Indonesia,2024-W51,0.0,0.0,88.0,0.0
Indonesia,2024-W52,0.0,0.0,88.0,0.0
Indonesia,2025-W01,0.0,0.0,88.0,0.0
Indonesia,2025-W02,0.0,0.0,88.0,0.0
Indonesia,2025-W03,0.0,0.0,88.0,0.0
Indonesia,2025-W04,0.0,0.0,88.0,0.0
Indonesia,2025-W05,0.0,0.0,88.0,0.0
Indonesia,2025-W06,0.0,0.0,88.0,0.0
Indonesia,2025-W07,0.0,0.0,88.0,0.0
Indonesia,2025-W08,0.0,0.0,88.0,0.0
Indonesia,2025-W09,0.0,0.0,88.0,0.0
Indonesia,2025-W10,0.0,0.0,88.0,0.0
Indonesia,2025-W11,0.0,0.0,88.0,0.0
Indonesia,2025-W12,0.0,0.0,88.0,0.0
Indonesia,2025-W13,0.0,0.0,88.0,0.0
Indonesia,2025-W14,0.0,0.0,88.0,0.0
Indonesia,2025-W15,0.0,0.0,88.0,0.0
Indonesia,2025-W16,0.0,0.0,88.0,0.0
Indonesia,2025-W17,0.0,0.0,88.0,0.0
Indonesia,2025-W18,0.0,0.0,88.0,0.0
Indonesia,2025-W19,0.0,0.0,88.0,0.0
Indonesia,2025-W20,0.0,0.0,88.0,0.0
Indonesia,2025-W21,0.0,0.0,88.0,0.0
Indonesia,2025-W22,0.0,0.0,88.0,0.0
Iran,2022-W33,1.0,0.0,1.0,0.0
Iran,2022-W34,0.0,0.0,1.0,0.0
Iran,2022-W35,0.0,0.0,1.0,0.0
Iran,2022-W36,0.0,0.0,1.0,0.0
Iran,2022-W37,0.0,0.0,1.0,0.0
Iran,2022-W38,0.0,0.0,1.0,0.0
Iran,2022-W39,0.0,0.0,1.0,0.0
Iran,2022-W40,0.0,0.0,1.0,0.0
Iran,2022-W41,0.0,0.0,1.0,0.0
Iran,2022-W42,0.0,0.0,1.0,0.0
Iran,2022-W43,0.0,0.0,1.0,0.0
Iran,2022-W44,0.0,0.0,1.0,0.0
Iran,2022-W45,0.0,0.0,1.0,0.0
Iran,2022-W46,0.0,0.0,1.0,0.0
Iran,2022-W47,0.0,0.0,1.0,0.0
Iran,2022-W48,0.0,0.0,1.0,0.0
Iran,2022-W49,0.0,0.0,1.0,0.0
Iran,2022-W50,0.0,0.0,1.0,0.0
Iran,2022-W51,0.0,0.0,1.0,0.0
Iran,2022-W52,0.0,0.0,1.0,0.0
Iran,2023-W01,0.0,0.0,1.0,0.0
Iran,2023-W02,0.0,0.0,1.0,0.0
Iran,2023-W03,0.0,0.0,1.0,0.0
Iran,2023-W04,0.0,0.0,1.0,0.0
Iran,2023-W05,0.0,0.0,1.0,0.0
Iran,2023-W06,0.0,0.0,1.0,0.0
Iran,2023-W07,0.0,0.0,1.0,0.0
Iran,2023-W08,0.0,0.0,1.0,0.0
Iran,2023-W09,0.0,0.0,1.0,0.0
Iran,2023-W10,0.0,0.0,1.0,0.0
Iran,2023-W11,0.0,0.0,1.0,0.0
Iran,2023-W12,0.0,0.0,1.0,0.0
Iran,2023-W13,0.0,0.0,1.0,0.0
Iran,2023-W14,0.0,0.0,1.0,0.0
Iran,2023-W15,0.0,0.0,1.0,0.0
Iran,2023-W16,0.0,0.0,1.0,0.0
Iran,2023-W17,0.0,0.0,1.0,0.0
Iran,2023-W18,0.0,0.0,1.0,0.0
Iran,2023-W19,0.0,0.0,1.0,0.0
Iran,2023-W20,0.0,0.0,1.0,0.0
Iran,2023-W21,0.0,0.0,1.0,0.0
Iran,2023-W22,0.0,0.0,1.0,0.0
Iran,2023-W23,0.0,0.0,1.0,0.0
Iran,2023-W24,0.0,0.0,1.0,0.0
Iran,2023-W25,0.0,0.0,1.0,0.0
Iran,2023-W26,0.0,0.0,1.0,0.0
Iran,2023-W27,0.0,0.0,1.0,0.0
Iran,2023-W28,0.0,0.0,1.0,0.0
Iran,2023-W29,0.0,0.0,1.0,0.0
Iran,2023-W30,0.0,0.0,1.0,0.0
Iran,2023-W31,0.0,0.0,1.0,0.0
Iran,2023-W32,0.0,0.0,1.0,0.0
Iran,2023-W33,0.0,0.0,1.0,0.0
Iran,2023-W34,0.0,0.0,1.0,0.0
Iran,2023-W35,0.0,0.0,1.0,0.0
Iran,2023-W36,0.0,0.0,1.0,0.0
Iran,2023-W37,0.0,0.0,1.0,0.0
Iran,2023-W38,0.0,0.0,1.0,0.0
Iran,2023-W39,0.0,0.0,1.0,0.0
Iran,2023-W40,0.0,0.0,1.0,0.0
Iran,2023-W41,0.0,0.0,1.0,0.0
Iran,2023-W42,0.0,0.0,1.0,0.0
Iran,2023-W43,0.0,0.0,1.0,0.0
Iran,2023-W44,0.0,0.0,1.0,0.0
Iran,2023-W45,0.0,0.0,1.0,0.0
Iran,2023-W46,0.0,0.0,1.0,0.0
Iran,2023-W47,0.0,0.0,1.0,0.0
Iran,2023-W48,0.0,0.0,1.0,0.0
Iran,2023-W49,0.0,0.0,1.0,0.0
Iran,2023-W50,0.0,0.0,1.0,0.0
Iran,2023-W51,0.0,0.0,1.0,0.0
Iran,2023-W52,0.0,0.0,1.0,0.0
Iran,2024-W01,0.0,0.0,1.0,0.0
Iran,2024-W02,0.0,0.0,1.0,0.0
Iran,2024-W03,0.0,0.0,1.0,0.0
Iran,2024-W04,0.0,0.0,1.0,0.0
Iran,2024-W05,0.0,0.0,1.0,0.0
Iran,2024-W06,0.0,0.0,1.0,0.0
Iran,2024-W07,0.0,0.0,1.0,0.0
Iran,2024-W08,0.0,0.0,1.0,0.0
Iran,2024-W09,0.0,0.0,1.0,0.0
Iran,2024-W10,0.0,0.0,1.0,0.0
Iran,2024-W11,0.0,0.0,1.0,0.0
Iran,2024-W12,0.0,0.0,1.0,0.0
Iran,2024-W13,0.0,0.0,1.0,0.0
Iran,2024-W14,0.0,0.0,1.0,0.0
Iran,2024-W15,0.0,0.0,1.0,0.0
Iran,2024-W16,0.0,0.0,1.0,0.0
Iran,2024-W17,0.0,0.0,1.0,0.0
Iran,2024-W18,0.0,0.0,1.0,0.0
Iran,2024-W19,0.0,0.0,1.0,0.0
Iran,2024-W20,0.0,0.0,1.0,0.0
Iran,2024-W21,0.0,0.0,1.0,0.0
Iran,2024-W22,0.0,0.0,1.0,0.0
Iran,2024-W23,0.0,0.0,1.0,0.0
Iran,2024-W24,0.0,0.0,1.0,0.0
Iran,2024-W25,0.0,0.0,1.0,0.0
Iran,2024-W26,0.0,0.0,1.0,0.0
Iran,2024-W27,0.0,0.0,1.0,0.0
Iran,2024-W28,0.0,0.0,1.0,0.0
Iran,2024-W29,0.0,0.0,1.0,0.0
Iran,2024-W30,0.0,0.0,1.0,0.0
Iran,2024-W31,0.0,0.0,1.0,0.0
Iran,2024-W32,0.0,0.0,1.0,0.0
Iran,2024-W33,0.0,0.0,1.0,0.0
Iran,2024-W34,0.0,0.0,1.0,0.0
Iran,2024-W35,0.0,0.0,1.0,0.0
Iran,2024-W36,0.0,0.0,1.0,0.0
Iran,2024-W37,0.0,0.0,1.0,0.0
Iran,2024-W38,0.0,0.0,1.0,0.0
Iran,2024-W39,0.0,0.0,1.0,0.0
Iran,2024-W40,0.0,0.0,1.0,0.0
Iran,2024-W41,0.0,0.0,1.0,0.0
Iran,2024-W42,0.0,0.0,1.0,0.0
Iran,2024-W43,0.0,0.0,1.0,0.0
Iran,2024-W44,0.0,0.0,1.0,0.0
Iran,2024-W45,0.0,0.0,1.0,0.0
Iran,2024-W46,0.0,0.0,1.0,0.0
Iran,2024-W47,0.0,0.0,1.0,0.0
Iran,2024-W48,0.0,0.0,1.0,0.0
Iran,2024-W49,0.0,0.0,1.0,0.0
Iran,2024-W50,0.0,0.0,1.0,0.0
Iran,2024-W51,0.0,0.0,1.0,0.0
Iran,2024-W52,0.0,0.0,1.0,0.0
Iran,2025-W01,0.0,0.0,1.0,0.0
Iran,2025-W02,0.0,0.0,1.0,0.0
Iran,2025-W03,0.0,0.0,1.0,0.0
Iran,2025-W04,0.0,0.0,1.0,0.0
Iran,2025-W05,0.0,0.0,1.0,0.0
Iran,2025-W06,0.0,0.0,1.0,0.0
Iran,2025-W07,0.0,0.0,1.0,0.0
Iran,2025-W08,0.0,0.0,1.0,0.0
Iran,2025-W09,0.0,0.0,1.0,0.0
Iran,2025-W10,0.0,0.0,1.0,0.0
Iran,2025-W11,0.0,0.0,1.0,0.0
Iran,2025-W12,0.0,0.0,1.0,0.0
Iran,2025-W13,0.0,0.0,1.0,0.0
Iran,2025-W14,0.0,0.0,1.0,0.0
Iran,2025-W15,0.0,0.0,1.0,0.0
Iran,2025-W16,0.0,0.0,1.0,0.0
Iran,2025-W17,0.0,0.0,1.0,0.0
Iran,2025-W18,0.0,0.0,1.0,0.0
Iran,2025-W19,0.0,0.0,1.0,0.0
Iran,2025-W20,0.0,0.0,1.0,0.0
Iran,2025-W21,0.0,0.0,1.0,0.0
Iran,2025-W22,0.0,0.0,1.0,0.0
Iran,2025-W23,0.0,0.0,1.0,0.0
Iran,2025-W24,0.0,0.0,1.0,0.0
Iran,2025-W25,0.0,0.0,1.0,0.0
Iran,2025-W26,0.0,0.0,1.0,0.0
Iran,2025-W27,0.0,0.0,1.0,0.0
Iran,2025-W28,0.0,0.0,1.0,0.0
Iran,2025-W29,0.0,0.0,1.0,0.0
Iran,2025-W30,0.0,0.0,1.0,0.0
Iran,2025-W31,0.0,0.0,1.0,0.0
Iran,2025-W32,0.0,0.0,1.0,0.0
Iran,2025-W33,0.0,0.0,1.0,0.0
Iran,2025-W34,0.0,0.0,1.0,0.0
Iran,2025-W35,0.0,0.0,1.0,0.0
Iran,2025-W36,0.0,0.0,1.0,0.0
Iran,2025-W37,0.0,0.0,1.0,0.0
Iran,2025-W38,0.0,0.0,1.0,0.0
Iran,2025-W39,0.0,0.0,1.0,0.0
Iran,2025-W40,0.0,0.0,1.0,0.0
Iran,2025-W41,0.0,0.0,1.0,0.0
Iran,2025-W42,0.0,0.0,1.0,0.0
Iran,2025-W43,0.0,0.0,1.0,0.0
Iran,2025-W44,0.0,0.0,1.0,0.0
Iran,2025-W45,0.0,0.0,1.0,0.0
Iran,2025-W46,0.0,0.0,1.0,0.0
Iran,2025-W47,0.0,0.0,1.0,0.0
Iran,2025-W48,0.0,0.0,1.0,0.0
Iran,2025-W49,0.0,0.0,1.0,0.0
Iran,2025-W50,0.0,0.0,1.0,0.0
Iran,2025-W51,0.0,0.0,1.0,0.0
Iran,2025-W52,0.0,0.0,1.0,0.0
Iran,2026-W01,3.0,0.0,4.0,0.0
Ireland,2022-W20,2.0,0.0,2.0,0.0
Ireland,2022-W21,6.0,0.0,8.0,0.0
Ireland,2022-W22,1.0,0.0,9.0,0.0
Ireland,2022-W23,4.0,0.0,13.0,0.0
Ireland,2022-W24,1.0,0.0,14.0,0.0
Ireland,2022-W25,14.0,0.0,28.0,0.0
Ireland,2022-W26,11.0,0.0,39.0,0.0
Ireland,2022-W27,5.0,0.0,44.0,0.0
Ireland,2022-W28,10.0,0.0,54.0,0.0
Ireland,2022-W29,15.0,0.0,69.0,0.0
Ireland,2022-W30,16.0,0.0,85.0,0.0
Ireland,2022-W31,12.0,0.0,97.0,0.0
Ireland,2022-W32,4.0,0.0,101.0,0.0
Ireland,2022-W33,12.0,0.0,113.0,0.0
Ireland,2022-W34,15.0,0.0,128.0,0.0
Ireland,2022-W35,16.0,0.0,144.0,0.0
Ireland,2022-W36,16.0,0.0,160.0,0.0
Ireland,2022-W37,13.0,0.0,173.0,0.0
Ireland,2022-W38,5.0,0.0,178.0,0.0
Ireland,2022-W39,5.0,0.0,183.0,0.0
Ireland,2022-W40,12.0,0.0,195.0,0.0
Ireland,2022-W41,3.0,0.0,198.0,0.0
Ireland,2022-W42,2.0,0.0,200.0,0.0
Ireland,2022-W43,6.0,0.0,206.0,0.0
Ireland,2022-W44,1.0,0.0,207.0,0.0
Ireland,2022-W45,3.0,0.0,210.0,0.0
Ireland,2022-W46,5.0,0.0,215.0,0.0
Ireland,2022-W47,2.0,0.0,217.0,0.0
Ireland,2022-W48,3.0,0.0,220.0,0.0
Ireland,2022-W49,3.0,0.0,223.0,0.0
Ireland,2022-W50,2.0,0.0,225.0,0.0
Ireland,2022-W51,0.0,0.0,225.0,0.0
Ireland,2022-W52,0.0,0.0,225.0,0.0
Ireland,2023-W01,2.0,0.0,227.0,0.0
Ireland,2023-W02,0.0,0.0,227.0,0.0
Ireland,2023-W03,0.0,0.0,227.0,0.0
Ireland,2023-W04,1.0,0.0,228.0,0.0
Ireland,2023-W05,0.0,0.0,228.0,0.0
Ireland,2023-W06,0.0,0.0,228.0,0.0
Ireland,2023-W07,0.0,0.0,228.0,0.0
Ireland,2023-W08,0.0,0.0,228.0,0.0
Ireland,2023-W09,0.0,0.0,228.0,0.0
Ireland,2023-W10,0.0,0.0,228.0,0.0
Ireland,2023-W11,0.0,0.0,228.0,0.0
Ireland,2023-W12,0.0,0.0,228.0,0.0
Ireland,2023-W13,0.0,0.0,228.0,0.0
Ireland,2023-W14,0.0,0.0,228.0,0.0
Ireland,2023-W15,0.0,0.0,228.0,0.0
Ireland,2023-W16,0.0,0.0,228.0,0.0
Ireland,2023-W17,0.0,0.0,228.0,0.0
Ireland,2023-W18,1.0,0.0,229.0,0.0
Ireland,2023-W19,0.0,0.0,229.0,0.0
Ireland,2023-W20,0.0,0.0,229.0,0.0
Ireland,2023-W21,0.0,0.0,229.0,0.0
Ireland,2023-W22,0.0,0.0,229.0,0.0
Ireland,2023-W23,0.0,0.0,229.0,0.0
Ireland,2023-W24,0.0,0.0,229.0,0.0
Ireland,2023-W25,0.0,0.0,229.0,0.0
Ireland,2023-W26,0.0,0.0,229.0,0.0
Ireland,2023-W27,0.0,0.0,229.0,0.0
Ireland,2023-W28,0.0,0.0,229.0,0.0
Ireland,2023-W29,0.0,0.0,229.0,0.0
Ireland,2023-W30,0.0,0.0,229.0,0.0
Ireland,2023-W31,0.0,0.0,229.0,0.0
Ireland,2023-W32,0.0,0.0,229.0,0.0
Ireland,2023-W33,0.0,0.0,229.0,0.0
Ireland,2023-W34,0.0,0.0,229.0,0.0
Ireland,2023-W35,0.0,0.0,229.0,0.0
Ireland,2023-W36,3.0,0.0,232.0,0.0
Ireland,2023-W37,0.0,0.0,232.0,0.0
Ireland,2023-W38,1.0,0.0,233.0,0.0
Ireland,2023-W39,6.0,0.0,239.0,0.0
Ireland,2023-W40,0.0,0.0,239.0,0.0
Ireland,2023-W41,0.0,0.0,239.0,0.0
Ireland,2023-W42,0.0,0.0,239.0,0.0
Ireland,2023-W43,0.0,0.0,239.0,0.0
Ireland,2023-W44,3.0,0.0,242.0,0.0
Ireland,2023-W45,0.0,0.0,242.0,0.0
Ireland,2023-W46,0.0,0.0,242.0,0.0
Ireland,2023-W47,0.0,0.0,242.0,0.0
Ireland,2023-W48,2.0,0.0,244.0,0.0
Ireland,2023-W49,0.0,0.0,244.0,0.0
Ireland,2023-W50,0.0,0.0,244.0,0.0
Ireland,2023-W51,0.0,0.0,244.0,0.0
Ireland,2023-W52,0.0,0.0,244.0,0.0
Ireland,2024-W01,0.0,0.0,244.0,0.0
Ireland,2024-W02,0.0,0.0,244.0,0.0
Ireland,2024-W03,0.0,0.0,244.0,0.0
Ireland,2024-W04,0.0,0.0,244.0,0.0
Ireland,2024-W05,0.0,0.0,244.0,0.0
Ireland,2024-W06,0.0,0.0,244.0,0.0
Ireland,2024-W07,0.0,0.0,244.0,0.0
Ireland,2024-W08,0.0,0.0,244.0,0.0
Ireland,2024-W09,1.0,0.0,245.0,0.0
Ireland,2024-W10,0.0,0.0,245.0,0.0
Ireland,2024-W11,0.0,0.0,245.0,0.0
Ireland,2024-W12,0.0,0.0,245.0,0.0
Ireland,2024-W13,0.0,0.0,245.0,0.0
Ireland,2024-W14,0.0,0.0,245.0,0.0
Ireland,2024-W15,0.0,0.0,245.0,0.0
Ireland,2024-W16,0.0,0.0,245.0,0.0
Ireland,2024-W17,0.0,0.0,245.0,0.0
Ireland,2024-W18,1.0,0.0,246.0,0.0
Ireland,2024-W19,0.0,0.0,246.0,0.0
Ireland,2024-W20,0.0,0.0,246.0,0.0
Ireland,2024-W21,0.0,0.0,246.0,0.0
Ireland,2024-W22,1.0,0.0,247.0,0.0
Ireland,2024-W23,0.0,0.0,247.0,0.0
Ireland,2024-W24,0.0,0.0,247.0,0.0
Ireland,2024-W25,0.0,0.0,247.0,0.0
Ireland,2024-W26,2.0,0.0,249.0,0.0
Ireland,2024-W27,0.0,0.0,249.0,0.0
Ireland,2024-W28,0.0,0.0,249.0,0.0
Ireland,2024-W29,0.0,0.0,249.0,0.0
Ireland,2024-W30,0.0,0.0,249.0,0.0
Ireland,2024-W31,0.0,0.0,249.0,0.0
Ireland,2024-W32,0.0,0.0,249.0,0.0
Ireland,2024-W33,0.0,0.0,249.0,0.0
Ireland,2024-W34,0.0,0.0,249.0,0.0
Ireland,2024-W35,1.0,0.0,250.0,0.0
Ireland,2024-W36,0.0,0.0,250.0,0.0
Ireland,2024-W37,0.0,0.0,250.0,0.0
Ireland,2024-W38,0.0,0.0,250.0,0.0
Ireland,2024-W39,0.0,0.0,250.0,0.0
Ireland,2024-W40,3.0,0.0,253.0,0.0
Ireland,2024-W41,0.0,0.0,253.0,0.0
Ireland,2024-W42,0.0,0.0,253.0,0.0
Ireland,2024-W43,0.0,0.0,253.0,0.0
Ireland,2024-W44,8.0,0.0,261.0,0.0
Ireland,2024-W45,0.0,0.0,261.0,0.0
Ireland,2024-W46,0.0,0.0,261.0,0.0
Ireland,2024-W47,0.0,0.0,261.0,0.0
Ireland,2024-W48,4.0,0.0,265.0,0.0
Ireland,2024-W49,0.0,0.0,265.0,0.0
Ireland,2024-W50,0.0,0.0,265.0,0.0
Ireland,2024-W51,0.0,0.0,265.0,0.0
Ireland,2024-W52,0.0,0.0,265.0,0.0
Ireland,2025-W01,5.0,0.0,270.0,0.0
Ireland,2025-W02,9.0,0.0,279.0,0.0
Ireland,2025-W03,0.0,0.0,279.0,0.0
Ireland,2025-W04,0.0,0.0,279.0,0.0
Ireland,2025-W05,0.0,0.0,279.0,0.0
Ireland,2025-W06,0.0,0.0,279.0,0.0
Ireland,2025-W07,0.0,0.0,279.0,0.0
Ireland,2025-W08,0.0,0.0,279.0,0.0
Ireland,2025-W09,4.0,0.0,283.0,0.0
Ireland,2025-W10,0.0,0.0,283.0,0.0
Ireland,2025-W11,0.0,0.0,283.0,0.0
Ireland,2025-W12,0.0,0.0,283.0,0.0
Ireland,2025-W13,0.0,0.0,283.0,0.0
Ireland,2025-W14,7.0,0.0,290.0,0.0
Ireland,2025-W15,0.0,0.0,290.0,0.0
Ireland,2025-W16,0.0,0.0,290.0,0.0
Ireland,2025-W17,0.0,0.0,290.0,0.0
Ireland,2025-W18,11.0,0.0,301.0,0.0
Ireland,2025-W19,0.0,0.0,301.0,0.0
Ireland,2025-W20,2.0,0.0,303.0,0.0
Ireland,2025-W21,0.0,0.0,303.0,0.0
Ireland,2025-W22,0.0,0.0,303.0,0.0
Ireland,2025-W23,0.0,0.0,303.0,0.0
Ireland,2025-W24,5.0,0.0,308.0,0.0
Ireland,2025-W25,0.0,0.0,308.0,0.0
Ireland,2025-W26,0.0,0.0,308.0,0.0
Ireland,2025-W27,0.0,0.0,308.0,0.0
Ireland,2025-W28,3.0,0.0,311.0,0.0
Ireland,2025-W29,0.0,0.0,311.0,0.0
Ireland,2025-W30,0.0,0.0,311.0,0.0
Ireland,2025-W31,0.0,0.0,311.0,0.0
Ireland,2025-W32,0.0,0.0,311.0,0.0
Ireland,2025-W33,4.0,0.0,315.0,0.0
Ireland,2025-W34,0.0,0.0,315.0,0.0
Ireland,2025-W35,0.0,0.0,315.0,0.0
Ireland,2025-W36,0.0,0.0,315.0,0.0
Ireland,2025-W37,5.0,0.0,320.0,0.0
Ireland,2025-W38,0.0,0.0,320.0,0.0
Ireland,2025-W39,0.0,0.0,320.0,0.0
Ireland,2025-W40,0.0,0.0,320.0,0.0
Ireland,2025-W41,0.0,0.0,320.0,0.0
Ireland,2025-W42,0.0,0.0,320.0,0.0
Ireland,2025-W43,0.0,0.0,320.0,0.0
Ireland,2025-W44,0.0,0.0,320.0,0.0
Ireland,2025-W45,0.0,0.0,320.0,0.0
Ireland,2025-W46,2.0,0.0,322.0,0.0
Ireland,2025-W47,0.0,0.0,322.0,0.0
Ireland,2025-W48,0.0,0.0,322.0,0.0
Ireland,2025-W49,0.0,0.0,322.0,0.0
Ireland,2025-W50,0.0,0.0,322.0,0.0
Ireland,2025-W51,0.0,0.0,322.0,0.0
Ireland,2025-W52,2.0,0.0,324.0,0.0
Israel,2022-W20,1.0,0.0,1.0,0.0
Israel,2022-W21,0.0,0.0,1.0,0.0
Israel,2022-W22,1.0,0.0,2.0,0.0
Israel,2022-W23,2.0,0.0,4.0,0.0
Israel,2022-W24,2.0,0.0,6.0,0.0
Israel,2022-W25,12.0,0.0,18.0,0.0
Israel,2022-W26,32.0,0.0,50.0,0.0
Israel,2022-W27,11.0,0.0,61.0,0.0
Israel,2022-W28,19.0,0.0,80.0,0.0
Israel,2022-W29,25.0,0.0,105.0,0.0
Israel,2022-W30,16.0,0.0,121.0,0.0
Israel,2022-W31,39.0,0.0,160.0,0.0
Israel,2022-W32,14.0,0.0,174.0,0.0
Israel,2022-W33,20.0,0.0,194.0,0.0
Israel,2022-W34,21.0,0.0,215.0,0.0
Israel,2022-W35,24.0,0.0,239.0,0.0
Israel,2022-W36,6.0,0.0,245.0,0.0
Israel,2022-W37,1.0,0.0,246.0,0.0
Israel,2022-W38,4.0,0.0,250.0,0.0
Israel,2022-W39,0.0,0.0,250.0,0.0
Israel,2022-W40,4.0,0.0,254.0,0.0
Israel,2022-W41,0.0,0.0,254.0,0.0
Israel,2022-W42,3.0,0.0,257.0,0.0
Israel,2022-W43,3.0,0.0,260.0,0.0
Israel,2022-W44,2.0,0.0,262.0,0.0
Israel,2022-W45,0.0,0.0,262.0,0.0
Israel,2022-W46,0.0,0.0,262.0,0.0
Israel,2022-W47,0.0,0.0,262.0,0.0
Israel,2022-W48,0.0,0.0,262.0,0.0
Israel,2022-W49,0.0,0.0,262.0,0.0
Israel,2022-W50,0.0,0.0,262.0,0.0
Israel,2022-W51,0.0,0.0,262.0,0.0
Israel,2022-W52,0.0,0.0,262.0,0.0
Israel,2023-W01,0.0,0.0,262.0,0.0
Israel,2023-W02,0.0,0.0,262.0,0.0
Israel,2023-W03,0.0,0.0,262.0,0.0
Israel,2023-W04,0.0,0.0,262.0,0.0
Israel,2023-W05,0.0,0.0,262.0,0.0
Israel,2023-W06,0.0,0.0,262.0,0.0
Israel,2023-W07,0.0,0.0,262.0,0.0
Israel,2023-W08,0.0,0.0,262.0,0.0
Israel,2023-W09,0.0,0.0,262.0,0.0
Israel,2023-W10,0.0,0.0,262.0,0.0
Israel,2023-W11,0.0,0.0,262.0,0.0
Israel,2023-W12,0.0,0.0,262.0,0.0
Israel,2023-W13,0.0,0.0,262.0,0.0
Israel,2023-W14,0.0,0.0,262.0,0.0
Israel,2023-W15,0.0,0.0,262.0,0.0
Israel,2023-W16,0.0,0.0,262.0,0.0
Israel,2023-W17,0.0,0.0,262.0,0.0
Israel,2023-W18,0.0,0.0,262.0,0.0
Israel,2023-W19,0.0,0.0,262.0,0.0
Israel,2023-W20,0.0,0.0,262.0,0.0
Israel,2023-W21,0.0,0.0,262.0,0.0
Israel,2023-W22,0.0,0.0,262.0,0.0
Israel,2023-W23,0.0,0.0,262.0,0.0
Israel,2023-W24,0.0,0.0,262.0,0.0
Israel,2023-W25,0.0,0.0,262.0,0.0
Israel,2023-W26,0.0,0.0,262.0,0.0
Israel,2023-W27,0.0,0.0,262.0,0.0
Israel,2023-W28,0.0,0.0,262.0,0.0
Israel,2023-W29,0.0,0.0,262.0,0.0
Israel,2023-W30,0.0,0.0,262.0,0.0
Israel,2023-W31,0.0,0.0,262.0,0.0
Israel,2023-W32,0.0,0.0,262.0,0.0
Israel,2023-W33,0.0,0.0,262.0,0.0
Israel,2023-W34,0.0,0.0,262.0,0.0
Israel,2023-W35,0.0,0.0,262.0,0.0
Israel,2023-W36,0.0,0.0,262.0,0.0
Israel,2023-W37,0.0,0.0,262.0,0.0
Israel,2023-W38,0.0,0.0,262.0,0.0
Israel,2023-W39,0.0,0.0,262.0,0.0
Israel,2023-W40,0.0,0.0,262.0,0.0
Israel,2023-W41,0.0,0.0,262.0,0.0
Israel,2023-W42,0.0,0.0,262.0,0.0
Israel,2023-W43,0.0,0.0,262.0,0.0
Israel,2023-W44,0.0,0.0,262.0,0.0
Israel,2023-W45,0.0,0.0,262.0,0.0
Israel,2023-W46,0.0,0.0,262.0,0.0
Israel,2023-W47,0.0,0.0,262.0,0.0
Israel,2023-W48,0.0,0.0,262.0,0.0
Israel,2023-W49,0.0,0.0,262.0,0.0
Israel,2023-W50,0.0,0.0,262.0,0.0
Israel,2023-W51,0.0,0.0,262.0,0.0
Israel,2023-W52,13.0,0.0,275.0,0.0
Israel,2024-W01,0.0,0.0,275.0,0.0
Israel,2024-W02,0.0,0.0,275.0,0.0
Israel,2024-W03,0.0,0.0,275.0,0.0
Israel,2024-W04,0.0,0.0,275.0,0.0
Israel,2024-W05,0.0,0.0,275.0,0.0
Israel,2024-W06,0.0,0.0,275.0,0.0
Israel,2024-W07,0.0,0.0,275.0,0.0
Israel,2024-W08,0.0,0.0,275.0,0.0
Israel,2024-W09,18.0,0.0,293.0,0.0
Israel,2024-W10,0.0,0.0,293.0,0.0
Israel,2024-W11,0.0,0.0,293.0,0.0
Israel,2024-W12,0.0,0.0,293.0,0.0
Israel,2024-W13,0.0,0.0,293.0,0.0
Israel,2024-W14,0.0,0.0,293.0,0.0
Israel,2024-W15,1.0,0.0,294.0,0.0
Israel,2024-W16,0.0,0.0,294.0,0.0
Israel,2024-W17,0.0,0.0,294.0,0.0
Israel,2024-W18,0.0,0.0,294.0,0.0
Israel,2024-W19,0.0,0.0,294.0,0.0
Israel,2024-W20,0.0,0.0,294.0,0.0
Israel,2024-W21,0.0,0.0,294.0,0.0
Israel,2024-W22,18.0,0.0,312.0,0.0
Israel,2024-W23,0.0,0.0,312.0,0.0
Israel,2024-W24,0.0,0.0,312.0,0.0
Israel,2024-W25,0.0,0.0,312.0,0.0
Israel,2024-W26,2.0,0.0,314.0,0.0
Israel,2024-W27,0.0,0.0,314.0,0.0
Israel,2024-W28,0.0,0.0,314.0,0.0
Israel,2024-W29,0.0,0.0,314.0,0.0
Israel,2024-W30,0.0,0.0,314.0,0.0
Israel,2024-W31,3.0,0.0,317.0,0.0
Israel,2024-W32,0.0,0.0,317.0,0.0
Israel,2024-W33,0.0,0.0,317.0,0.0
Israel,2024-W34,0.0,0.0,317.0,0.0
Israel,2024-W35,4.0,0.0,321.0,0.0
Israel,2024-W36,0.0,0.0,321.0,0.0
Israel,2024-W37,0.0,0.0,321.0,0.0
Israel,2024-W38,0.0,0.0,321.0,0.0
Israel,2024-W39,0.0,0.0,321.0,0.0
Israel,2024-W40,4.0,0.0,325.0,0.0
Israel,2024-W41,0.0,0.0,325.0,0.0
Israel,2024-W42,0.0,0.0,325.0,0.0
Israel,2024-W43,0.0,0.0,325.0,0.0
Israel,2024-W44,0.0,0.0,325.0,0.0
Israel,2024-W45,0.0,0.0,325.0,0.0
Israel,2024-W46,0.0,0.0,325.0,0.0
Israel,2024-W47,0.0,0.0,325.0,0.0
Israel,2024-W48,0.0,0.0,325.0,0.0
Israel,2024-W49,0.0,0.0,325.0,0.0
Israel,2024-W50,0.0,0.0,325.0,0.0
Israel,2024-W51,0.0,0.0,325.0,0.0
Israel,2024-W52,0.0,0.0,325.0,0.0
Israel,2025-W01,11.0,0.0,336.0,0.0
Israel,2025-W02,4.0,0.0,340.0,0.0
Israel,2025-W03,0.0,0.0,340.0,0.0
Israel,2025-W04,0.0,0.0,340.0,0.0
Israel,2025-W05,0.0,0.0,340.0,0.0
Israel,2025-W06,0.0,0.0,340.0,0.0
Israel,2025-W07,0.0,0.0,340.0,0.0
Israel,2025-W08,0.0,0.0,340.0,0.0
Israel,2025-W09,15.0,0.0,355.0,0.0
Israel,2025-W10,0.0,0.0,355.0,0.0
Israel,2025-W11,0.0,0.0,355.0,0.0
Israel,2025-W12,0.0,0.0,355.0,0.0
Israel,2025-W13,0.0,0.0,355.0,0.0
Israel,2025-W14,8.0,0.0,363.0,0.0
Israel,2025-W15,0.0,0.0,363.0,0.0
Israel,2025-W16,0.0,0.0,363.0,0.0
Israel,2025-W17,0.0,0.0,363.0,0.0
Israel,2025-W18,0.0,0.0,363.0,0.0
Israel,2025-W19,0.0,0.0,363.0,0.0
Israel,2025-W20,3.0,0.0,366.0,0.0
Israel,2025-W21,0.0,0.0,366.0,0.0
Israel,2025-W22,0.0,0.0,366.0,0.0
Israel,2025-W23,0.0,0.0,366.0,0.0
Israel,2025-W24,2.0,0.0,368.0,0.0
Israel,2025-W25,0.0,0.0,368.0,0.0
Israel,2025-W26,0.0,0.0,368.0,0.0
Israel,2025-W27,0.0,0.0,368.0,0.0
Israel,2025-W28,0.0,0.0,368.0,0.0
Israel,2025-W29,0.0,0.0,368.0,0.0
Israel,2025-W30,0.0,0.0,368.0,0.0
Israel,2025-W31,0.0,0.0,368.0,0.0
Israel,2025-W32,0.0,0.0,368.0,0.0
Israel,2025-W33,9.0,0.0,377.0,0.0
Israel,2025-W34,0.0,0.0,377.0,0.0
Israel,2025-W35,0.0,0.0,377.0,0.0
Israel,2025-W36,0.0,0.0,377.0,0.0
Israel,2025-W37,0.0,0.0,377.0,0.0
Israel,2025-W38,0.0,0.0,377.0,0.0
Israel,2025-W39,0.0,0.0,377.0,0.0
Israel,2025-W40,0.0,0.0,377.0,0.0
Israel,2025-W41,0.0,0.0,377.0,0.0
Israel,2025-W42,0.0,0.0,377.0,0.0
Israel,2025-W43,0.0,0.0,377.0,0.0
Israel,2025-W44,0.0,0.0,377.0,0.0
Israel,2025-W45,0.0,0.0,377.0,0.0
Israel,2025-W46,7.0,0.0,384.0,0.0
Israel,2025-W47,0.0,0.0,384.0,0.0
Israel,2025-W48,0.0,0.0,384.0,0.0
Israel,2025-W49,0.0,0.0,384.0,0.0
Israel,2025-W50,0.0,0.0,384.0,0.0
Israel,2025-W51,0.0,0.0,384.0,0.0
Israel,2025-W52,0.0,0.0,384.0,0.0
Italy,2022-W20,3.0,0.0,3.0,0.0
Italy,2022-W21,5.0,0.0,8.0,0.0
Italy,2022-W22,12.0,0.0,20.0,0.0
Italy,2022-W23,0.0,0.0,20.0,0.0
Italy,2022-W24,51.0,0.0,71.0,0.0
Italy,2022-W25,56.0,0.0,127.0,0.0
Italy,2022-W26,65.0,0.0,192.0,0.0
Italy,2022-W27,63.0,0.0,255.0,0.0
Italy,2022-W28,37.0,0.0,292.0,0.0
Italy,2022-W29,82.0,0.0,374.0,0.0
Italy,2022-W30,52.0,0.0,426.0,0.0
Italy,2022-W31,79.0,0.0,505.0,0.0
Italy,2022-W32,139.0,0.0,644.0,0.0
Italy,2022-W33,45.0,0.0,689.0,0.0
Italy,2022-W34,51.0,0.0,740.0,0.0
Italy,2022-W35,33.0,0.0,773.0,0.0
Italy,2022-W36,32.0,0.0,805.0,0.0
Italy,2022-W37,23.0,0.0,828.0,0.0
Italy,2022-W38,14.0,0.0,842.0,0.0
Italy,2022-W39,8.0,0.0,850.0,0.0
Italy,2022-W40,4.0,0.0,854.0,0.0
Italy,2022-W41,27.0,0.0,881.0,0.0
Italy,2022-W42,9.0,0.0,890.0,0.0
Italy,2022-W43,4.0,0.0,894.0,0.0
Italy,2022-W44,4.0,0.0,898.0,0.0
Italy,2022-W45,17.0,0.0,915.0,0.0
Italy,2022-W46,2.0,0.0,917.0,0.0
Italy,2022-W47,1.0,0.0,918.0,0.0
Italy,2022-W48,3.0,0.0,921.0,0.0
Italy,2022-W49,6.0,0.0,927.0,0.0
Italy,2022-W50,5.0,0.0,932.0,0.0
Italy,2022-W51,4.0,0.0,936.0,0.0
Italy,2022-W52,2.0,0.0,938.0,0.0
Italy,2023-W01,13.0,0.0,951.0,0.0
Italy,2023-W02,0.0,0.0,951.0,0.0
Italy,2023-W03,3.0,0.0,954.0,0.0
Italy,2023-W04,0.0,0.0,954.0,0.0
Italy,2023-W05,1.0,0.0,955.0,0.0
Italy,2023-W06,2.0,0.0,957.0,0.0
Italy,2023-W07,0.0,0.0,957.0,0.0
Italy,2023-W08,0.0,0.0,957.0,0.0
Italy,2023-W09,0.0,0.0,957.0,0.0
Italy,2023-W10,0.0,0.0,957.0,0.0
Italy,2023-W11,0.0,0.0,957.0,0.0
Italy,2023-W12,0.0,0.0,957.0,0.0
Italy,2023-W13,0.0,0.0,957.0,0.0
Italy,2023-W14,0.0,0.0,957.0,0.0
Italy,2023-W15,0.0,0.0,957.0,0.0
Italy,2023-W16,0.0,0.0,957.0,0.0
Italy,2023-W17,0.0,0.0,957.0,0.0
Italy,2023-W18,0.0,0.0,957.0,0.0
Italy,2023-W19,0.0,0.0,957.0,0.0
Italy,2023-W20,0.0,0.0,957.0,0.0
Italy,2023-W21,0.0,0.0,957.0,0.0
Italy,2023-W22,0.0,0.0,957.0,0.0
Italy,2023-W23,0.0,0.0,957.0,0.0
Italy,2023-W24,0.0,0.0,957.0,0.0
Italy,2023-W25,0.0,0.0,957.0,0.0
Italy,2023-W26,0.0,0.0,957.0,0.0
Italy,2023-W27,0.0,0.0,957.0,0.0
Italy,2023-W28,0.0,0.0,957.0,0.0
Italy,2023-W29,0.0,0.0,957.0,0.0
Italy,2023-W30,0.0,0.0,957.0,0.0
Italy,2023-W31,0.0,0.0,957.0,0.0
Italy,2023-W32,1.0,0.0,958.0,0.0
Italy,2023-W33,0.0,0.0,958.0,0.0
Italy,2023-W34,0.0,0.0,958.0,0.0
Italy,2023-W35,0.0,0.0,958.0,0.0
Italy,2023-W36,2.0,0.0,960.0,0.0
Italy,2023-W37,0.0,0.0,960.0,0.0
Italy,2023-W38,0.0,0.0,960.0,0.0
Italy,2023-W39,3.0,0.0,963.0,0.0
Italy,2023-W40,0.0,0.0,963.0,0.0
Italy,2023-W41,0.0,0.0,963.0,0.0
Italy,2023-W42,0.0,0.0,963.0,0.0
Italy,2023-W43,0.0,0.0,963.0,0.0
Italy,2023-W44,3.0,0.0,966.0,0.0
Italy,2023-W45,0.0,0.0,966.0,0.0
Italy,2023-W46,0.0,0.0,966.0,0.0
Italy,2023-W47,0.0,0.0,966.0,0.0
Italy,2023-W48,6.0,0.0,972.0,0.0
Italy,2023-W49,0.0,0.0,972.0,0.0
Italy,2023-W50,0.0,0.0,972.0,0.0
Italy,2023-W51,0.0,0.0,972.0,0.0
Italy,2023-W52,17.0,0.0,989.0,0.0
Italy,2024-W01,0.0,0.0,989.0,0.0
Italy,2024-W02,0.0,0.0,989.0,0.0
Italy,2024-W03,0.0,0.0,989.0,0.0
Italy,2024-W04,0.0,0.0,989.0,0.0
Italy,2024-W05,26.0,0.0,1015.0,0.0
Italy,2024-W06,0.0,0.0,1015.0,0.0
Italy,2024-W07,0.0,0.0,1015.0,0.0
Italy,2024-W08,0.0,0.0,1015.0,0.0
Italy,2024-W09,13.0,0.0,1028.0,0.0
Italy,2024-W10,0.0,0.0,1028.0,0.0
Italy,2024-W11,0.0,0.0,1028.0,0.0
Italy,2024-W12,0.0,0.0,1028.0,0.0
Italy,2024-W13,14.0,0.0,1042.0,0.0
Italy,2024-W14,0.0,0.0,1042.0,0.0
Italy,2024-W15,0.0,0.0,1042.0,0.0
Italy,2024-W16,0.0,0.0,1042.0,0.0
Italy,2024-W17,0.0,0.0,1042.0,0.0
Italy,2024-W18,1.0,0.0,1043.0,0.0
Italy,2024-W19,0.0,0.0,1043.0,0.0
Italy,2024-W20,0.0,0.0,1043.0,0.0
Italy,2024-W21,0.0,0.0,1043.0,0.0
Italy,2024-W22,4.0,0.0,1047.0,0.0
Italy,2024-W23,0.0,0.0,1047.0,0.0
Italy,2024-W24,0.0,0.0,1047.0,0.0
Italy,2024-W25,0.0,0.0,1047.0,0.0
Italy,2024-W26,2.0,0.0,1049.0,0.0
Italy,2024-W27,0.0,0.0,1049.0,0.0
Italy,2024-W28,0.0,0.0,1049.0,0.0
Italy,2024-W29,0.0,0.0,1049.0,0.0
Italy,2024-W30,0.0,0.0,1049.0,0.0
Italy,2024-W31,7.0,0.0,1056.0,0.0
Italy,2024-W32,0.0,0.0,1056.0,0.0
Italy,2024-W33,0.0,0.0,1056.0,0.0
Italy,2024-W34,0.0,0.0,1056.0,0.0
Italy,2024-W35,1.0,0.0,1057.0,0.0
Italy,2024-W36,0.0,0.0,1057.0,0.0
Italy,2024-W37,0.0,0.0,1057.0,0.0
Italy,2024-W38,0.0,0.0,1057.0,0.0
Italy,2024-W39,0.0,0.0,1057.0,0.0
Italy,2024-W40,5.0,0.0,1062.0,0.0
Italy,2024-W41,0.0,0.0,1062.0,0.0
Italy,2024-W42,0.0,0.0,1062.0,0.0
Italy,2024-W43,0.0,0.0,1062.0,0.0
Italy,2024-W44,10.0,0.0,1072.0,0.0
Italy,2024-W45,0.0,0.0,1072.0,0.0
Italy,2024-W46,0.0,0.0,1072.0,0.0
Italy,2024-W47,0.0,0.0,1072.0,0.0
Italy,2024-W48,7.0,0.0,1079.0,0.0
Italy,2024-W49,0.0,0.0,1079.0,0.0
Italy,2024-W50,0.0,0.0,1079.0,0.0
Italy,2024-W51,0.0,0.0,1079.0,0.0
Italy,2024-W52,0.0,0.0,1079.0,0.0
Italy,2025-W01,8.0,0.0,1087.0,0.0
Italy,2025-W02,22.0,0.0,1109.0,0.0
Italy,2025-W03,0.0,0.0,1109.0,0.0
Italy,2025-W04,0.0,0.0,1109.0,0.0
Italy,2025-W05,0.0,0.0,1109.0,0.0
Italy,2025-W06,0.0,0.0,1109.0,0.0
Italy,2025-W07,0.0,0.0,1109.0,0.0
Italy,2025-W08,0.0,0.0,1109.0,0.0
Italy,2025-W09,14.0,0.0,1123.0,0.0
Italy,2025-W10,0.0,0.0,1123.0,0.0
Italy,2025-W11,0.0,0.0,1123.0,0.0
Italy,2025-W12,0.0,0.0,1123.0,0.0
Italy,2025-W13,0.0,0.0,1123.0,0.0
Italy,2025-W14,25.0,0.0,1148.0,0.0
Italy,2025-W15,0.0,0.0,1148.0,0.0
Italy,2025-W16,0.0,0.0,1148.0,0.0
Italy,2025-W17,0.0,0.0,1148.0,0.0
Italy,2025-W18,12.0,0.0,1160.0,0.0
Italy,2025-W19,0.0,0.0,1160.0,0.0
Italy,2025-W20,11.0,0.0,1171.0,0.0
Italy,2025-W21,0.0,0.0,1171.0,0.0
Italy,2025-W22,0.0,0.0,1171.0,0.0
Italy,2025-W23,0.0,0.0,1171.0,0.0
Italy,2025-W24,8.0,0.0,1179.0,0.0
Italy,2025-W25,0.0,0.0,1179.0,0.0
Italy,2025-W26,0.0,0.0,1179.0,0.0
Italy,2025-W27,0.0,0.0,1179.0,0.0
Italy,2025-W28,0.0,0.0,1179.0,0.0
Italy,2025-W29,0.0,0.0,1179.0,0.0
Italy,2025-W30,0.0,0.0,1179.0,0.0
Italy,2025-W31,0.0,0.0,1179.0,0.0
Italy,2025-W32,0.0,0.0,1179.0,0.0
Italy,2025-W33,0.0,0.0,1179.0,0.0
Italy,2025-W34,0.0,0.0,1179.0,0.0
Italy,2025-W35,0.0,0.0,1179.0,0.0
Italy,2025-W36,0.0,0.0,1179.0,0.0
Italy,2025-W37,54.0,0.0,1233.0,0.0
Italy,2025-W38,0.0,0.0,1233.0,0.0
Italy,2025-W39,0.0,0.0,1233.0,0.0
Italy,2025-W40,0.0,0.0,1233.0,0.0
Italy,2025-W41,0.0,0.0,1233.0,0.0
Italy,2025-W42,0.0,0.0,1233.0,0.0
Italy,2025-W43,0.0,0.0,1233.0,0.0
Italy,2025-W44,0.0,0.0,1233.0,0.0
Italy,2025-W45,0.0,0.0,1233.0,0.0
Italy,2025-W46,61.0,0.0,1294.0,0.0
Italy,2025-W47,0.0,0.0,1294.0,0.0
Italy,2025-W48,0.0,0.0,1294.0,0.0
Italy,2025-W49,0.0,0.0,1294.0,0.0
Italy,2025-W50,0.0,0.0,1294.0,0.0
Italy,2025-W51,0.0,0.0,1294.0,0.0
Italy,2025-W52,11.0,0.0,1305.0,0.0
Jamaica,2022-W27,1.0,0.0,1.0,0.0
Jamaica,2022-W28,0.0,0.0,1.0,0.0
Jamaica,2022-W29,1.0,0.0,2.0,0.0
Jamaica,2022-W30,0.0,0.0,2.0,0.0
Jamaica,2022-W31,2.0,0.0,4.0,0.0
Jamaica,2022-W32,0.0,0.0,4.0,0.0
Jamaica,2022-W33,2.0,0.0,6.0,0.0
Jamaica,2022-W34,2.0,0.0,8.0,0.0
Jamaica,2022-W35,5.0,0.0,13.0,0.0
Jamaica,2022-W36,0.0,0.0,13.0,0.0
Jamaica,2022-W37,1.0,0.0,14.0,0.0
Jamaica,2022-W38,0.0,0.0,14.0,0.0
Jamaica,2022-W39,0.0,0.0,14.0,0.0
Jamaica,2022-W40,0.0,0.0,14.0,0.0
Jamaica,2022-W41,1.0,0.0,15.0,0.0
Jamaica,2022-W42,1.0,0.0,16.0,0.0
Jamaica,2022-W43,0.0,0.0,16.0,0.0
Jamaica,2022-W44,1.0,0.0,17.0,0.0
Jamaica,2022-W45,1.0,0.0,18.0,0.0
Jamaica,2022-W46,0.0,0.0,18.0,0.0
Jamaica,2022-W47,0.0,0.0,18.0,0.0
Jamaica,2022-W48,0.0,0.0,18.0,0.0
Jamaica,2022-W49,0.0,0.0,18.0,0.0
Jamaica,2022-W50,0.0,0.0,18.0,0.0
Jamaica,2022-W51,0.0,0.0,18.0,0.0
Jamaica,2022-W52,0.0,0.0,18.0,0.0
Jamaica,2023-W01,0.0,0.0,18.0,0.0
Jamaica,2023-W02,0.0,0.0,18.0,0.0
Jamaica,2023-W03,0.0,0.0,18.0,0.0
Jamaica,2023-W04,0.0,0.0,18.0,0.0
Jamaica,2023-W05,0.0,0.0,18.0,0.0
Jamaica,2023-W06,0.0,0.0,18.0,0.0
Jamaica,2023-W07,0.0,0.0,18.0,0.0
Jamaica,2023-W08,1.0,0.0,19.0,0.0
Jamaica,2023-W09,0.0,0.0,19.0,0.0
Jamaica,2023-W10,1.0,0.0,20.0,0.0
Jamaica,2023-W11,1.0,0.0,21.0,0.0
Jamaica,2023-W12,0.0,0.0,21.0,0.0
Jamaica,2023-W13,0.0,0.0,21.0,0.0
Jamaica,2023-W14,0.0,0.0,21.0,0.0
Jamaica,2023-W15,0.0,0.0,21.0,0.0
Jamaica,2023-W16,0.0,0.0,21.0,0.0
Jamaica,2023-W17,0.0,0.0,21.0,0.0
Jamaica,2023-W18,0.0,0.0,21.0,0.0
Jamaica,2023-W19,0.0,0.0,21.0,0.0
Jamaica,2023-W20,0.0,0.0,21.0,0.0
Jamaica,2023-W21,0.0,0.0,21.0,0.0
Jamaica,2023-W22,0.0,0.0,21.0,0.0
Jamaica,2023-W23,0.0,0.0,21.0,0.0
Jamaica,2023-W24,0.0,0.0,21.0,0.0
Jamaica,2023-W25,0.0,0.0,21.0,0.0
Jamaica,2023-W26,0.0,0.0,21.0,0.0
Jamaica,2023-W27,0.0,0.0,21.0,0.0
Jamaica,2023-W28,0.0,0.0,21.0,0.0
Jamaica,2023-W29,0.0,0.0,21.0,0.0
Jamaica,2023-W30,0.0,0.0,21.0,0.0
Jamaica,2023-W31,0.0,0.0,21.0,0.0
Jamaica,2023-W32,0.0,0.0,21.0,0.0
Jamaica,2023-W33,0.0,0.0,21.0,0.0
Jamaica,2023-W34,0.0,0.0,21.0,0.0
Jamaica,2023-W35,0.0,0.0,21.0,0.0
Jamaica,2023-W36,0.0,0.0,21.0,0.0
Jamaica,2023-W37,0.0,0.0,21.0,0.0
Jamaica,2023-W38,0.0,0.0,21.0,0.0
Jamaica,2023-W39,0.0,0.0,21.0,0.0
Jamaica,2023-W40,0.0,0.0,21.0,0.0
Jamaica,2023-W41,0.0,0.0,21.0,0.0
Jamaica,2023-W42,0.0,0.0,21.0,0.0
Jamaica,2023-W43,0.0,0.0,21.0,0.0
Jamaica,2023-W44,0.0,0.0,21.0,0.0
Jamaica,2023-W45,0.0,0.0,21.0,0.0
Jamaica,2023-W46,0.0,0.0,21.0,0.0
Jamaica,2023-W47,0.0,0.0,21.0,0.0
Jamaica,2023-W48,0.0,0.0,21.0,0.0
Jamaica,2023-W49,0.0,0.0,21.0,0.0
Jamaica,2023-W50,0.0,0.0,21.0,0.0
Jamaica,2023-W51,0.0,0.0,21.0,0.0
Jamaica,2023-W52,0.0,0.0,21.0,0.0
Jamaica,2024-W01,0.0,0.0,21.0,0.0
Jamaica,2024-W02,0.0,0.0,21.0,0.0
Jamaica,2024-W03,0.0,0.0,21.0,0.0
Jamaica,2024-W04,0.0,0.0,21.0,0.0
Jamaica,2024-W05,0.0,0.0,21.0,0.0
Jamaica,2024-W06,0.0,0.0,21.0,0.0
Jamaica,2024-W07,0.0,0.0,21.0,0.0
Jamaica,2024-W08,0.0,0.0,21.0,0.0
Jamaica,2024-W09,0.0,0.0,21.0,0.0
Jamaica,2024-W10,0.0,0.0,21.0,0.0
Jamaica,2024-W11,0.0,0.0,21.0,0.0
Jamaica,2024-W12,0.0,0.0,21.0,0.0
Jamaica,2024-W13,0.0,0.0,21.0,0.0
Jamaica,2024-W14,0.0,0.0,21.0,0.0
Jamaica,2024-W15,0.0,0.0,21.0,0.0
Jamaica,2024-W16,0.0,0.0,21.0,0.0
Jamaica,2024-W17,0.0,0.0,21.0,0.0
Jamaica,2024-W18,0.0,0.0,21.0,0.0
Jamaica,2024-W19,0.0,0.0,21.0,0.0
Jamaica,2024-W20,0.0,0.0,21.0,0.0
Jamaica,2024-W21,0.0,0.0,21.0,0.0
Jamaica,2024-W22,0.0,0.0,21.0,0.0
Jamaica,2024-W23,0.0,0.0,21.0,0.0
Jamaica,2024-W24,0.0,0.0,21.0,0.0
Jamaica,2024-W25,0.0,0.0,21.0,0.0
Jamaica,2024-W26,0.0,0.0,21.0,0.0
Jamaica,2024-W27,0.0,0.0,21.0,0.0
Jamaica,2024-W28,0.0,0.0,21.0,0.0
Jamaica,2024-W29,0.0,0.0,21.0,0.0
Jamaica,2024-W30,0.0,0.0,21.0,0.0
Jamaica,2024-W31,0.0,0.0,21.0,0.0
Jamaica,2024-W32,0.0,0.0,21.0,0.0
Jamaica,2024-W33,0.0,0.0,21.0,0.0
Jamaica,2024-W34,0.0,0.0,21.0,0.0
Jamaica,2024-W35,0.0,0.0,21.0,0.0
Jamaica,2024-W36,0.0,0.0,21.0,0.0
Jamaica,2024-W37,0.0,0.0,21.0,0.0
Jamaica,2024-W38,0.0,0.0,21.0,0.0
Jamaica,2024-W39,0.0,0.0,21.0,0.0
Jamaica,2024-W40,0.0,0.0,21.0,0.0
Jamaica,2024-W41,0.0,0.0,21.0,0.0
Jamaica,2024-W42,0.0,0.0,21.0,0.0
Jamaica,2024-W43,0.0,0.0,21.0,0.0
Jamaica,2024-W44,0.0,0.0,21.0,0.0
Jamaica,2024-W45,0.0,0.0,21.0,0.0
Jamaica,2024-W46,0.0,0.0,21.0,0.0
Jamaica,2024-W47,0.0,0.0,21.0,0.0
Jamaica,2024-W48,0.0,0.0,21.0,0.0
Jamaica,2024-W49,0.0,0.0,21.0,0.0
Jamaica,2024-W50,0.0,0.0,21.0,0.0
Jamaica,2024-W51,0.0,0.0,21.0,0.0
Jamaica,2024-W52,0.0,0.0,21.0,0.0
Jamaica,2025-W01,0.0,0.0,21.0,0.0
Jamaica,2025-W02,0.0,0.0,21.0,0.0
Jamaica,2025-W03,0.0,0.0,21.0,0.0
Jamaica,2025-W04,0.0,0.0,21.0,0.0
Jamaica,2025-W05,0.0,0.0,21.0,0.0
Jamaica,2025-W06,0.0,0.0,21.0,0.0
Jamaica,2025-W07,0.0,0.0,21.0,0.0
Jamaica,2025-W08,0.0,0.0,21.0,0.0
Jamaica,2025-W09,0.0,0.0,21.0,0.0
Jamaica,2025-W10,0.0,0.0,21.0,0.0
Jamaica,2025-W11,0.0,0.0,21.0,0.0
Jamaica,2025-W12,0.0,0.0,21.0,0.0
Jamaica,2025-W13,0.0,0.0,21.0,0.0
Jamaica,2025-W14,0.0,0.0,21.0,0.0
Jamaica,2025-W15,0.0,0.0,21.0,0.0
Jamaica,2025-W16,1.0,0.0,22.0,0.0
Jamaica,2025-W17,0.0,0.0,22.0,0.0
Jamaica,2025-W18,0.0,0.0,22.0,0.0
Jamaica,2025-W19,0.0,0.0,22.0,0.0
Jamaica,2025-W20,0.0,0.0,22.0,0.0
Jamaica,2025-W21,0.0,0.0,22.0,0.0
Jamaica,2025-W22,0.0,0.0,22.0,0.0
Jamaica,2025-W23,0.0,0.0,22.0,0.0
Jamaica,2025-W24,0.0,0.0,22.0,0.0
Jamaica,2025-W25,0.0,0.0,22.0,0.0
Jamaica,2025-W26,0.0,0.0,22.0,0.0
Jamaica,2025-W27,0.0,0.0,22.0,0.0
Jamaica,2025-W28,0.0,0.0,22.0,0.0
Jamaica,2025-W29,0.0,0.0,22.0,0.0
Jamaica,2025-W30,0.0,0.0,22.0,0.0
Jamaica,2025-W31,0.0,0.0,22.0,0.0
Jamaica,2025-W32,0.0,0.0,22.0,0.0
Jamaica,2025-W33,0.0,0.0,22.0,0.0
Jamaica,2025-W34,0.0,0.0,22.0,0.0
Jamaica,2025-W35,0.0,0.0,22.0,0.0
Jamaica,2025-W36,0.0,0.0,22.0,0.0
Jamaica,2025-W37,0.0,0.0,22.0,0.0
Jamaica,2025-W38,0.0,0.0,22.0,0.0
Jamaica,2025-W39,0.0,0.0,22.0,0.0
Jamaica,2025-W40,0.0,0.0,22.0,0.0
Jamaica,2025-W41,0.0,0.0,22.0,0.0
Jamaica,2025-W42,0.0,0.0,22.0,0.0
Jamaica,2025-W43,0.0,0.0,22.0,0.0
Jamaica,2025-W44,0.0,0.0,22.0,0.0
Jamaica,2025-W45,0.0,0.0,22.0,0.0
Jamaica,2025-W46,0.0,0.0,22.0,0.0
Jamaica,2025-W47,0.0,0.0,22.0,0.0
Jamaica,2025-W48,0.0,0.0,22.0,0.0
Jamaica,2025-W49,0.0,0.0,22.0,0.0
Jamaica,2025-W50,0.0,0.0,22.0,0.0
Jamaica,2025-W51,0.0,0.0,22.0,0.0
Jamaica,2025-W52,0.0,0.0,22.0,0.0
Jamaica,2026-W01,0.0,0.0,22.0,0.0
Japan,2022-W17,0.0,0.0,0.0,0.0
Japan,2022-W18,0.0,0.0,0.0,0.0
Japan,2022-W19,0.0,0.0,0.0,0.0
Japan,2022-W20,0.0,0.0,0.0,0.0
Japan,2022-W21,0.0,0.0,0.0,0.0
Japan,2022-W22,0.0,0.0,0.0,0.0
Japan,2022-W23,0.0,0.0,0.0,0.0
Japan,2022-W24,0.0,0.0,0.0,0.0
Japan,2022-W25,0.0,0.0,0.0,0.0
Japan,2022-W26,0.0,0.0,0.0,0.0
Japan,2022-W27,0.0,0.0,0.0,0.0
Japan,2022-W28,0.0,0.0,0.0,0.0
Japan,2022-W29,0.0,0.0,0.0,0.0
Japan,2022-W30,2.0,0.0,2.0,0.0
Japan,2022-W31,1.0,0.0,3.0,0.0
Japan,2022-W32,1.0,0.0,4.0,0.0
Japan,2022-W33,0.0,0.0,4.0,0.0
Japan,2022-W34,0.0,0.0,4.0,0.0
Japan,2022-W35,0.0,0.0,4.0,0.0
Japan,2022-W36,0.0,0.0,4.0,0.0
Japan,2022-W37,0.0,0.0,4.0,0.0
Japan,2022-W38,1.0,0.0,5.0,0.0
Japan,2022-W39,1.0,0.0,6.0,0.0
Japan,2022-W40,1.0,0.0,7.0,0.0
Japan,2022-W41,0.0,0.0,7.0,0.0
Japan,2022-W42,0.0,0.0,7.0,0.0
Japan,2022-W43,0.0,0.0,7.0,0.0
Japan,2022-W44,0.0,0.0,7.0,0.0
Japan,2022-W45,0.0,0.0,7.0,0.0
Japan,2022-W46,0.0,0.0,7.0,0.0
Japan,2022-W47,0.0,0.0,7.0,0.0
Japan,2022-W48,0.0,0.0,7.0,0.0
Japan,2022-W49,0.0,0.0,7.0,0.0
Japan,2022-W50,0.0,0.0,7.0,0.0
Japan,2022-W51,1.0,0.0,8.0,0.0
Japan,2022-W52,0.0,0.0,8.0,0.0
Japan,2023-W01,0.0,0.0,8.0,0.0
Japan,2023-W02,0.0,0.0,8.0,0.0
Japan,2023-W03,1.0,0.0,9.0,0.0
Japan,2023-W04,2.0,0.0,11.0,0.0
Japan,2023-W05,7.0,0.0,18.0,0.0
Japan,2023-W06,1.0,0.0,19.0,0.0
Japan,2023-W07,1.0,0.0,20.0,0.0
Japan,2023-W08,2.0,0.0,22.0,0.0
Japan,2023-W09,5.0,0.0,27.0,0.0
Japan,2023-W10,4.0,0.0,31.0,0.0
Japan,2023-W11,15.0,0.0,46.0,0.0
Japan,2023-W12,17.0,0.0,63.0,0.0
Japan,2023-W13,19.0,0.0,82.0,0.0
Japan,2023-W14,14.0,0.0,96.0,0.0
Japan,2023-W15,12.0,0.0,108.0,0.0
Japan,2023-W16,2.0,0.0,110.0,0.0
Japan,2023-W17,11.0,0.0,121.0,0.0
Japan,2023-W18,6.0,0.0,127.0,0.0
Japan,2023-W19,22.0,0.0,149.0,0.0
Japan,2023-W20,0.0,0.0,149.0,0.0
Japan,2023-W21,14.0,0.0,163.0,0.0
Japan,2023-W22,6.0,0.0,169.0,0.0
Japan,2023-W23,12.0,0.0,181.0,0.0
Japan,2023-W24,4.0,0.0,185.0,0.0
Japan,2023-W25,1.0,0.0,186.0,0.0
Japan,2023-W26,0.0,0.0,186.0,0.0
Japan,2023-W27,2.0,0.0,188.0,0.0
Japan,2023-W28,3.0,0.0,191.0,0.0
Japan,2023-W29,2.0,0.0,193.0,0.0
Japan,2023-W30,0.0,0.0,193.0,0.0
Japan,2023-W31,1.0,0.0,194.0,0.0
Japan,2023-W32,0.0,0.0,194.0,0.0
Japan,2023-W33,1.0,0.0,195.0,0.0
Japan,2023-W34,0.0,0.0,195.0,0.0
Japan,2023-W35,0.0,0.0,195.0,0.0
Japan,2023-W36,0.0,0.0,195.0,0.0
Japan,2023-W37,1.0,0.0,196.0,0.0
Japan,2023-W38,8.0,0.0,204.0,0.0
Japan,2023-W39,2.0,0.0,206.0,0.0
Japan,2023-W40,2.0,0.0,208.0,0.0
Japan,2023-W41,2.0,0.0,210.0,0.0
Japan,2023-W42,2.0,0.0,212.0,0.0
Japan,2023-W43,1.0,0.0,213.0,0.0
Japan,2023-W44,0.0,0.0,213.0,0.0
Japan,2023-W45,5.0,0.0,218.0,0.0
Japan,2023-W46,4.0,0.0,222.0,0.0
Japan,2023-W47,3.0,0.0,225.0,0.0
Japan,2023-W48,1.0,0.0,226.0,0.0
Japan,2023-W49,1.0,0.0,227.0,0.0
Japan,2023-W50,2.0,1.0,229.0,1.0
Japan,2023-W51,3.0,0.0,232.0,1.0
Japan,2023-W52,0.0,0.0,232.0,1.0
Japan,2024-W01,0.0,0.0,232.0,1.0
Japan,2024-W02,1.0,0.0,233.0,1.0
Japan,2024-W03,1.0,0.0,234.0,1.0
Japan,2024-W04,0.0,0.0,234.0,1.0
Japan,2024-W05,3.0,0.0,237.0,1.0
Japan,2024-W06,3.0,0.0,240.0,1.0
Japan,2024-W07,0.0,0.0,240.0,1.0
Japan,2024-W08,0.0,0.0,240.0,1.0
Japan,2024-W09,1.0,0.0,241.0,1.0
Japan,2024-W10,1.0,0.0,242.0,1.0
Japan,2024-W11,0.0,0.0,242.0,1.0
Japan,2024-W12,0.0,0.0,242.0,1.0
Japan,2024-W13,0.0,0.0,242.0,1.0
Japan,2024-W14,1.0,0.0,243.0,1.0
Japan,2024-W15,1.0,0.0,244.0,1.0
Japan,2024-W16,1.0,0.0,245.0,1.0
Japan,2024-W17,0.0,0.0,245.0,1.0
Japan,2024-W18,0.0,0.0,245.0,1.0
Japan,2024-W19,1.0,0.0,246.0,1.0
Japan,2024-W20,0.0,0.0,246.0,1.0
Japan,2024-W21,1.0,0.0,247.0,1.0
Japan,2024-W22,0.0,0.0,247.0,1.0
Japan,2024-W23,0.0,0.0,247.0,1.0
Japan,2024-W24,0.0,0.0,247.0,1.0
Japan,2024-W25,0.0,0.0,247.0,1.0
Japan,2024-W26,0.0,0.0,247.0,1.0
Japan,2024-W27,0.0,0.0,247.0,1.0
Japan,2024-W28,0.0,0.0,247.0,1.0
Japan,2024-W29,0.0,0.0,247.0,1.0
Japan,2024-W30,0.0,0.0,247.0,1.0
Japan,2024-W31,0.0,0.0,247.0,1.0
Japan,2024-W32,1.0,0.0,248.0,1.0
Japan,2024-W33,0.0,0.0,248.0,1.0
Japan,2024-W34,0.0,0.0,248.0,1.0
Japan,2024-W35,0.0,0.0,248.0,1.0
Japan,2024-W36,0.0,0.0,248.0,1.0
Japan,2024-W37,0.0,0.0,248.0,1.0
Japan,2024-W38,0.0,0.0,248.0,1.0
Japan,2024-W39,0.0,0.0,248.0,1.0
Japan,2024-W40,1.0,0.0,249.0,1.0
Japan,2024-W41,0.0,0.0,249.0,1.0
Japan,2024-W42,2.0,0.0,251.0,1.0
Japan,2024-W43,0.0,0.0,251.0,1.0
Japan,2024-W44,0.0,0.0,251.0,1.0
Japan,2024-W45,0.0,0.0,251.0,1.0
Japan,2024-W46,1.0,0.0,252.0,1.0
Japan,2024-W47,0.0,0.0,252.0,1.0
Japan,2024-W48,0.0,0.0,252.0,1.0
Japan,2024-W49,0.0,0.0,252.0,1.0
Japan,2024-W50,0.0,0.0,252.0,1.0
Japan,2024-W51,0.0,0.0,252.0,1.0
Japan,2024-W52,0.0,0.0,252.0,1.0
Japan,2025-W01,0.0,0.0,252.0,1.0
Japan,2025-W02,0.0,0.0,252.0,1.0
Japan,2025-W03,0.0,0.0,252.0,1.0
Japan,2025-W04,0.0,0.0,252.0,1.0
Japan,2025-W05,0.0,0.0,252.0,1.0
Japan,2025-W06,0.0,0.0,252.0,1.0
Japan,2025-W07,0.0,0.0,252.0,1.0
Japan,2025-W08,0.0,0.0,252.0,1.0
Japan,2025-W09,0.0,0.0,252.0,1.0
Japan,2025-W10,0.0,0.0,252.0,1.0
Japan,2025-W11,0.0,0.0,252.0,1.0
Japan,2025-W12,0.0,0.0,252.0,1.0
Japan,2025-W13,0.0,0.0,252.0,1.0
Japan,2025-W14,0.0,0.0,252.0,1.0
Japan,2025-W15,1.0,0.0,253.0,1.0
Japan,2025-W16,0.0,0.0,253.0,1.0
Japan,2025-W17,0.0,0.0,253.0,1.0
Japan,2025-W18,0.0,0.0,253.0,1.0
Japan,2025-W19,0.0,0.0,253.0,1.0
Japan,2025-W20,0.0,0.0,253.0,1.0
Japan,2025-W21,0.0,0.0,253.0,1.0
Japan,2025-W22,0.0,0.0,253.0,1.0
Japan,2025-W23,0.0,0.0,253.0,1.0
Japan,2025-W24,0.0,0.0,253.0,1.0
Japan,2025-W25,0.0,0.0,253.0,1.0
Japan,2025-W26,0.0,0.0,253.0,1.0
Japan,2025-W27,0.0,0.0,253.0,1.0
Japan,2025-W28,0.0,0.0,253.0,1.0
Japan,2025-W29,0.0,0.0,253.0,1.0
Japan,2025-W30,0.0,0.0,253.0,1.0
Japan,2025-W31,0.0,0.0,253.0,1.0
Japan,2025-W32,2.0,0.0,255.0,1.0
Japan,2025-W33,0.0,0.0,255.0,1.0
Japan,2025-W34,0.0,0.0,255.0,1.0
Japan,2025-W35,0.0,0.0,255.0,1.0
Japan,2025-W36,0.0,0.0,255.0,1.0
Japan,2025-W37,0.0,0.0,255.0,1.0
Japan,2025-W38,1.0,0.0,256.0,1.0
Japan,2025-W39,0.0,0.0,256.0,1.0
Japan,2025-W40,0.0,0.0,256.0,1.0
Japan,2025-W41,2.0,0.0,258.0,1.0
Japan,2025-W42,0.0,0.0,258.0,1.0
Japan,2025-W43,0.0,0.0,258.0,1.0
Japan,2025-W44,0.0,0.0,258.0,1.0
Japan,2025-W45,0.0,0.0,258.0,1.0
Japan,2025-W46,2.0,0.0,260.0,1.0
Japan,2025-W47,0.0,0.0,260.0,1.0
Japan,2025-W48,0.0,0.0,260.0,1.0
Japan,2025-W49,0.0,0.0,260.0,1.0
Japan,2025-W50,0.0,0.0,260.0,1.0
Japan,2025-W51,0.0,0.0,260.0,1.0
Japan,2025-W52,6.0,0.0,266.0,1.0
Japan,2026-W01,9.0,0.0,275.0,1.0
Jordan,2022-W36,1.0,0.0,1.0,0.0
Jordan,2022-W37,0.0,0.0,1.0,0.0
Jordan,2022-W38,0.0,0.0,1.0,0.0
Jordan,2022-W39,0.0,0.0,1.0,0.0
Jordan,2022-W40,0.0,0.0,1.0,0.0
Jordan,2022-W41,0.0,0.0,1.0,0.0
Jordan,2022-W42,0.0,0.0,1.0,0.0
Jordan,2022-W43,0.0,0.0,1.0,0.0
Jordan,2022-W44,0.0,0.0,1.0,0.0
Jordan,2022-W45,0.0,0.0,1.0,0.0
Jordan,2022-W46,0.0,0.0,1.0,0.0
Jordan,2022-W47,0.0,0.0,1.0,0.0
Jordan,2022-W48,0.0,0.0,1.0,0.0
Jordan,2022-W49,0.0,0.0,1.0,0.0
Jordan,2022-W50,0.0,0.0,1.0,0.0
Jordan,2022-W51,0.0,0.0,1.0,0.0
Jordan,2022-W52,0.0,0.0,1.0,0.0
Jordan,2023-W01,0.0,0.0,1.0,0.0
Jordan,2023-W02,0.0,0.0,1.0,0.0
Jordan,2023-W03,0.0,0.0,1.0,0.0
Jordan,2023-W04,0.0,0.0,1.0,0.0
Jordan,2023-W05,0.0,0.0,1.0,0.0
Jordan,2023-W06,0.0,0.0,1.0,0.0
Jordan,2023-W07,0.0,0.0,1.0,0.0
Jordan,2023-W08,0.0,0.0,1.0,0.0
Jordan,2023-W09,0.0,0.0,1.0,0.0
Jordan,2023-W10,0.0,0.0,1.0,0.0
Jordan,2023-W11,0.0,0.0,1.0,0.0
Jordan,2023-W12,0.0,0.0,1.0,0.0
Jordan,2023-W13,0.0,0.0,1.0,0.0
Jordan,2023-W14,0.0,0.0,1.0,0.0
Jordan,2023-W15,0.0,0.0,1.0,0.0
Jordan,2023-W16,0.0,0.0,1.0,0.0
Jordan,2023-W17,0.0,0.0,1.0,0.0
Jordan,2023-W18,0.0,0.0,1.0,0.0
Jordan,2023-W19,0.0,0.0,1.0,0.0
Jordan,2023-W20,0.0,0.0,1.0,0.0
Jordan,2023-W21,0.0,0.0,1.0,0.0
Jordan,2023-W22,0.0,0.0,1.0,0.0
Jordan,2023-W23,0.0,0.0,1.0,0.0
Jordan,2023-W24,0.0,0.0,1.0,0.0
Jordan,2023-W25,0.0,0.0,1.0,0.0
Jordan,2023-W26,0.0,0.0,1.0,0.0
Jordan,2023-W27,0.0,0.0,1.0,0.0
Jordan,2023-W28,0.0,0.0,1.0,0.0
Jordan,2023-W29,0.0,0.0,1.0,0.0
Jordan,2023-W30,0.0,0.0,1.0,0.0
Jordan,2023-W31,0.0,0.0,1.0,0.0
Jordan,2023-W32,0.0,0.0,1.0,0.0
Jordan,2023-W33,0.0,0.0,1.0,0.0
Jordan,2023-W34,0.0,0.0,1.0,0.0
Jordan,2023-W35,0.0,0.0,1.0,0.0
Jordan,2023-W36,0.0,0.0,1.0,0.0
Jordan,2023-W37,0.0,0.0,1.0,0.0
Jordan,2023-W38,0.0,0.0,1.0,0.0
Jordan,2023-W39,0.0,0.0,1.0,0.0
Jordan,2023-W40,0.0,0.0,1.0,0.0
Jordan,2023-W41,0.0,0.0,1.0,0.0
Jordan,2023-W42,0.0,0.0,1.0,0.0
Jordan,2023-W43,0.0,0.0,1.0,0.0
Jordan,2023-W44,0.0,0.0,1.0,0.0
Jordan,2023-W45,0.0,0.0,1.0,0.0
Jordan,2023-W46,0.0,0.0,1.0,0.0
Jordan,2023-W47,0.0,0.0,1.0,0.0
Jordan,2023-W48,0.0,0.0,1.0,0.0
Jordan,2023-W49,0.0,0.0,1.0,0.0
Jordan,2023-W50,0.0,0.0,1.0,0.0
Jordan,2023-W51,0.0,0.0,1.0,0.0
Jordan,2023-W52,0.0,0.0,1.0,0.0
Jordan,2024-W01,0.0,0.0,1.0,0.0
Jordan,2024-W02,0.0,0.0,1.0,0.0
Jordan,2024-W03,0.0,0.0,1.0,0.0
Jordan,2024-W04,0.0,0.0,1.0,0.0
Jordan,2024-W05,0.0,0.0,1.0,0.0
Jordan,2024-W06,0.0,0.0,1.0,0.0
Jordan,2024-W07,0.0,0.0,1.0,0.0
Jordan,2024-W08,0.0,0.0,1.0,0.0
Jordan,2024-W09,0.0,0.0,1.0,0.0
Jordan,2024-W10,0.0,0.0,1.0,0.0
Jordan,2024-W11,0.0,0.0,1.0,0.0
Jordan,2024-W12,0.0,0.0,1.0,0.0
Jordan,2024-W13,0.0,0.0,1.0,0.0
Jordan,2024-W14,0.0,0.0,1.0,0.0
Jordan,2024-W15,0.0,0.0,1.0,0.0
Jordan,2024-W16,0.0,0.0,1.0,0.0
Jordan,2024-W17,0.0,0.0,1.0,0.0
Jordan,2024-W18,0.0,0.0,1.0,0.0
Jordan,2024-W19,0.0,0.0,1.0,0.0
Jordan,2024-W20,0.0,0.0,1.0,0.0
Jordan,2024-W21,0.0,0.0,1.0,0.0
Jordan,2024-W22,0.0,0.0,1.0,0.0
Jordan,2024-W23,0.0,0.0,1.0,0.0
Jordan,2024-W24,0.0,0.0,1.0,0.0
Jordan,2024-W25,0.0,0.0,1.0,0.0
Jordan,2024-W26,0.0,0.0,1.0,0.0
Jordan,2024-W27,0.0,0.0,1.0,0.0
Jordan,2024-W28,0.0,0.0,1.0,0.0
Jordan,2024-W29,0.0,0.0,1.0,0.0
Jordan,2024-W30,0.0,0.0,1.0,0.0
Jordan,2024-W31,0.0,0.0,1.0,0.0
Jordan,2024-W32,0.0,0.0,1.0,0.0
Jordan,2024-W33,0.0,0.0,1.0,0.0
Jordan,2024-W34,0.0,0.0,1.0,0.0
Jordan,2024-W35,0.0,0.0,1.0,0.0
Jordan,2024-W36,1.0,0.0,2.0,0.0
Kenya,2024-W29,0.0,0.0,0.0,0.0
Kenya,2024-W30,0.0,0.0,0.0,0.0
Kenya,2024-W31,1.0,0.0,1.0,0.0
Kenya,2024-W32,0.0,0.0,1.0,0.0
Kenya,2024-W33,0.0,0.0,1.0,0.0
Kenya,2024-W34,1.0,0.0,2.0,0.0
Kenya,2024-W35,2.0,0.0,4.0,0.0
Kenya,2024-W36,1.0,0.0,5.0,0.0
Kenya,2024-W37,0.0,0.0,5.0,0.0
Kenya,2024-W38,0.0,0.0,5.0,0.0
Kenya,2024-W39,4.0,1.0,9.0,1.0
Kenya,2024-W40,3.0,0.0,12.0,1.0
Kenya,2024-W41,1.0,0.0,13.0,1.0
Kenya,2024-W42,1.0,0.0,14.0,1.0
Kenya,2024-W43,0.0,0.0,14.0,1.0
Kenya,2024-W44,0.0,0.0,14.0,1.0
Kenya,2024-W45,0.0,0.0,14.0,1.0
Kenya,2024-W46,3.0,0.0,17.0,1.0
Kenya,2024-W47,2.0,0.0,19.0,1.0
Kenya,2024-W48,4.0,0.0,23.0,1.0
Kenya,2024-W49,5.0,0.0,28.0,1.0
Kenya,2024-W50,1.0,0.0,29.0,1.0
Kenya,2024-W51,0.0,0.0,29.0,1.0
Kenya,2024-W52,2.0,0.0,31.0,1.0
Kenya,2025-W01,0.0,0.0,31.0,1.0
Kenya,2025-W02,0.0,0.0,31.0,1.0
Kenya,2025-W03,6.0,0.0,37.0,1.0
Kenya,2025-W04,1.0,0.0,38.0,1.0
Kenya,2025-W05,0.0,0.0,38.0,1.0
Kenya,2025-W06,1.0,0.0,39.0,1.0
Kenya,2025-W07,6.0,0.0,45.0,1.0
Kenya,2025-W08,6.0,0.0,51.0,1.0
Kenya,2025-W09,3.0,0.0,54.0,1.0
Kenya,2025-W10,2.0,0.0,56.0,1.0
Kenya,2025-W11,3.0,0.0,59.0,1.0
Kenya,2025-W12,4.0,0.0,63.0,1.0
Kenya,2025-W13,4.0,0.0,67.0,1.0
Kenya,2025-W14,5.0,0.0,72.0,1.0
Kenya,2025-W15,5.0,0.0,77.0,1.0
Kenya,2025-W16,5.0,0.0,82.0,1.0
Kenya,2025-W17,11.0,0.0,93.0,1.0
Kenya,2025-W18,4.0,1.0,97.0,2.0
Kenya,2025-W19,13.0,0.0,110.0,2.0
Kenya,2025-W20,6.0,0.0,116.0,2.0
Kenya,2025-W21,13.0,0.0,129.0,2.0
Kenya,2025-W22,8.0,0.0,137.0,2.0
Kenya,2025-W23,14.0,0.0,151.0,2.0
Kenya,2025-W24,12.0,0.0,163.0,2.0
Kenya,2025-W25,14.0,1.0,177.0,3.0
Kenya,2025-W26,20.0,1.0,197.0,4.0
Kenya,2025-W27,16.0,0.0,213.0,4.0
Kenya,2025-W28,27.0,1.0,240.0,5.0
Kenya,2025-W29,16.0,0.0,256.0,5.0
Kenya,2025-W30,25.0,0.0,281.0,5.0
Kenya,2025-W31,33.0,1.0,314.0,6.0
Kenya,2025-W32,36.0,0.0,350.0,6.0
Kenya,2025-W33,20.0,0.0,370.0,6.0
Kenya,2025-W34,31.0,0.0,401.0,6.0
Kenya,2025-W35,30.0,1.0,431.0,7.0
Kenya,2025-W36,23.0,0.0,454.0,7.0
Kenya,2025-W37,52.0,2.0,506.0,9.0
Kenya,2025-W38,60.0,0.0,566.0,9.0
Kenya,2025-W39,58.0,1.0,624.0,10.0
Kenya,2025-W40,35.0,0.0,659.0,10.0
Kenya,2025-W41,51.0,0.0,710.0,10.0
Kenya,2025-W42,29.0,0.0,739.0,10.0
Kenya,2025-W43,26.0,0.0,765.0,10.0
Kenya,2025-W44,9.0,2.0,774.0,12.0
Kenya,2025-W45,44.0,0.0,818.0,12.0
Kenya,2025-W46,31.0,1.0,849.0,13.0
Kenya,2025-W47,14.0,0.0,863.0,13.0
Kenya,2025-W48,31.0,0.0,894.0,13.0
Kenya,2025-W49,11.0,0.0,905.0,13.0
Kenya,2025-W50,11.0,0.0,916.0,13.0
Kenya,2025-W51,26.0,0.0,942.0,13.0
Kenya,2025-W52,4.0,0.0,946.0,13.0
Kosovo,2025-W01,1.0,0.0,1.0,0.0
Kosovo,2025-W02,0.0,0.0,1.0,0.0
Kosovo,2025-W03,0.0,0.0,1.0,0.0
Kosovo,2025-W04,0.0,0.0,1.0,0.0
Kosovo,2025-W05,0.0,0.0,1.0,0.0
Kosovo,2025-W06,0.0,0.0,1.0,0.0
Kosovo,2025-W07,0.0,0.0,1.0,0.0
Kosovo,2025-W08,0.0,0.0,1.0,0.0
Kosovo,2025-W09,0.0,0.0,1.0,0.0
Kosovo,2025-W10,0.0,0.0,1.0,0.0
Kosovo,2025-W11,0.0,0.0,1.0,0.0
Kosovo,2025-W12,0.0,0.0,1.0,0.0
Kosovo,2025-W13,0.0,0.0,1.0,0.0
Kosovo,2025-W14,0.0,0.0,1.0,0.0
Kosovo,2025-W15,0.0,0.0,1.0,0.0
Kosovo,2025-W16,0.0,0.0,1.0,0.0
Kosovo,2025-W17,0.0,0.0,1.0,0.0
Kosovo,2025-W18,0.0,0.0,1.0,0.0
Kosovo,2025-W19,0.0,0.0,1.0,0.0
Kosovo,2025-W20,0.0,0.0,1.0,0.0
Kosovo,2025-W21,0.0,0.0,1.0,0.0
Kosovo,2025-W22,0.0,0.0,1.0,0.0
Kosovo,2025-W23,0.0,0.0,1.0,0.0
Kosovo,2025-W24,0.0,0.0,1.0,0.0
Kosovo,2025-W25,0.0,0.0,1.0,0.0
Kosovo,2025-W26,0.0,0.0,1.0,0.0
Kosovo,2025-W27,0.0,0.0,1.0,0.0
Kosovo,2025-W28,0.0,0.0,1.0,0.0
Kosovo,2025-W29,0.0,0.0,1.0,0.0
Kosovo,2025-W30,0.0,0.0,1.0,0.0
Kosovo,2025-W31,0.0,0.0,1.0,0.0
Kosovo,2025-W32,0.0,0.0,1.0,0.0
Kosovo,2025-W33,0.0,0.0,1.0,0.0
Kosovo,2025-W34,0.0,0.0,1.0,0.0
Kosovo,2025-W35,0.0,0.0,1.0,0.0
Kosovo,2025-W36,0.0,0.0,1.0,0.0
Kosovo,2025-W37,0.0,0.0,1.0,0.0
Kosovo,2025-W38,0.0,0.0,1.0,0.0
Kosovo,2025-W39,0.0,0.0,1.0,0.0
Kosovo,2025-W40,0.0,0.0,1.0,0.0
Kosovo,2025-W41,0.0,0.0,1.0,0.0
Kosovo,2025-W42,0.0,0.0,1.0,0.0
Kosovo,2025-W43,0.0,0.0,1.0,0.0
Kosovo,2025-W44,0.0,0.0,1.0,0.0
Kosovo,2025-W45,0.0,0.0,1.0,0.0
Kosovo,2025-W46,0.0,0.0,1.0,0.0
Kosovo,2025-W47,0.0,0.0,1.0,0.0
Kosovo,2025-W48,0.0,0.0,1.0,0.0
Kosovo,2025-W49,0.0,0.0,1.0,0.0
Kosovo,2025-W50,0.0,0.0,1.0,0.0
Kosovo,2025-W51,0.0,0.0,1.0,0.0
Kosovo,2025-W52,0.0,0.0,1.0,0.0
Kuwait,2025-W32,2.0,0.0,2.0,0.0
Kuwait,2025-W33,0.0,0.0,2.0,0.0
Kuwait,2025-W34,0.0,0.0,2.0,0.0
Kuwait,2025-W35,1.0,0.0,3.0,0.0
Laos,2023-W37,1.0,0.0,1.0,0.0
Latvia,2022-W22,1.0,0.0,1.0,0.0
Latvia,2022-W23,0.0,0.0,1.0,0.0
Latvia,2022-W24,1.0,0.0,2.0,0.0
Latvia,2022-W25,0.0,0.0,2.0,0.0
Latvia,2022-W26,0.0,0.0,2.0,0.0
Latvia,2022-W27,0.0,0.0,2.0,0.0
Latvia,2022-W28,0.0,0.0,2.0,0.0
Latvia,2022-W29,1.0,0.0,3.0,0.0
Latvia,2022-W30,0.0,0.0,3.0,0.0
Latvia,2022-W31,0.0,0.0,3.0,0.0
Latvia,2022-W32,0.0,0.0,3.0,0.0
Latvia,2022-W33,1.0,0.0,4.0,0.0
Latvia,2022-W34,0.0,0.0,4.0,0.0
Latvia,2022-W35,0.0,0.0,4.0,0.0
Latvia,2022-W36,0.0,0.0,4.0,0.0
Latvia,2022-W37,1.0,0.0,5.0,0.0
Latvia,2022-W38,0.0,0.0,5.0,0.0
Latvia,2022-W39,0.0,0.0,5.0,0.0
Latvia,2022-W40,1.0,0.0,6.0,0.0
Latvia,2022-W41,0.0,0.0,6.0,0.0
Latvia,2022-W42,0.0,0.0,6.0,0.0
Latvia,2022-W43,0.0,0.0,6.0,0.0
Latvia,2022-W44,0.0,0.0,6.0,0.0
Latvia,2022-W45,0.0,0.0,6.0,0.0
Latvia,2022-W46,0.0,0.0,6.0,0.0
Latvia,2022-W47,0.0,0.0,6.0,0.0
Latvia,2022-W48,0.0,0.0,6.0,0.0
Latvia,2022-W49,0.0,0.0,6.0,0.0
Latvia,2022-W50,0.0,0.0,6.0,0.0
Latvia,2022-W51,0.0,0.0,6.0,0.0
Latvia,2022-W52,0.0,0.0,6.0,0.0
Latvia,2023-W01,0.0,0.0,6.0,0.0
Latvia,2023-W02,0.0,0.0,6.0,0.0
Latvia,2023-W03,0.0,0.0,6.0,0.0
Latvia,2023-W04,0.0,0.0,6.0,0.0
Latvia,2023-W05,0.0,0.0,6.0,0.0
Latvia,2023-W06,0.0,0.0,6.0,0.0
Latvia,2023-W07,0.0,0.0,6.0,0.0
Latvia,2023-W08,0.0,0.0,6.0,0.0
Latvia,2023-W09,0.0,0.0,6.0,0.0
Latvia,2023-W10,0.0,0.0,6.0,0.0
Latvia,2023-W11,0.0,0.0,6.0,0.0
Latvia,2023-W12,0.0,0.0,6.0,0.0
Latvia,2023-W13,0.0,0.0,6.0,0.0
Latvia,2023-W14,0.0,0.0,6.0,0.0
Latvia,2023-W15,0.0,0.0,6.0,0.0
Latvia,2023-W16,0.0,0.0,6.0,0.0
Latvia,2023-W17,0.0,0.0,6.0,0.0
Latvia,2023-W18,0.0,0.0,6.0,0.0
Latvia,2023-W19,0.0,0.0,6.0,0.0
Latvia,2023-W20,0.0,0.0,6.0,0.0
Latvia,2023-W21,0.0,0.0,6.0,0.0
Latvia,2023-W22,0.0,0.0,6.0,0.0
Latvia,2023-W23,0.0,0.0,6.0,0.0
Latvia,2023-W24,0.0,0.0,6.0,0.0
Latvia,2023-W25,0.0,0.0,6.0,0.0
Latvia,2023-W26,0.0,0.0,6.0,0.0
Latvia,2023-W27,0.0,0.0,6.0,0.0
Latvia,2023-W28,0.0,0.0,6.0,0.0
Latvia,2023-W29,0.0,0.0,6.0,0.0
Latvia,2023-W30,0.0,0.0,6.0,0.0
Latvia,2023-W31,0.0,0.0,6.0,0.0
Latvia,2023-W32,0.0,0.0,6.0,0.0
Latvia,2023-W33,0.0,0.0,6.0,0.0
Latvia,2023-W34,0.0,0.0,6.0,0.0
Latvia,2023-W35,0.0,0.0,6.0,0.0
Latvia,2023-W36,0.0,0.0,6.0,0.0
Latvia,2023-W37,0.0,0.0,6.0,0.0
Latvia,2023-W38,0.0,0.0,6.0,0.0
Latvia,2023-W39,0.0,0.0,6.0,0.0
Latvia,2023-W40,0.0,0.0,6.0,0.0
Latvia,2023-W41,0.0,0.0,6.0,0.0
Latvia,2023-W42,0.0,0.0,6.0,0.0
Latvia,2023-W43,0.0,0.0,6.0,0.0
Latvia,2023-W44,0.0,0.0,6.0,0.0
Latvia,2023-W45,0.0,0.0,6.0,0.0
Latvia,2023-W46,0.0,0.0,6.0,0.0
Latvia,2023-W47,0.0,0.0,6.0,0.0
Latvia,2023-W48,0.0,0.0,6.0,0.0
Latvia,2023-W49,0.0,0.0,6.0,0.0
Latvia,2023-W50,0.0,0.0,6.0,0.0
Latvia,2023-W51,0.0,0.0,6.0,0.0
Latvia,2023-W52,0.0,0.0,6.0,0.0
Latvia,2024-W01,0.0,0.0,6.0,0.0
Latvia,2024-W02,0.0,0.0,6.0,0.0
Latvia,2024-W03,0.0,0.0,6.0,0.0
Latvia,2024-W04,0.0,0.0,6.0,0.0
Latvia,2024-W05,0.0,0.0,6.0,0.0
Latvia,2024-W06,0.0,0.0,6.0,0.0
Latvia,2024-W07,0.0,0.0,6.0,0.0
Latvia,2024-W08,0.0,0.0,6.0,0.0
Latvia,2024-W09,0.0,0.0,6.0,0.0
Latvia,2024-W10,0.0,0.0,6.0,0.0
Latvia,2024-W11,0.0,0.0,6.0,0.0
Latvia,2024-W12,0.0,0.0,6.0,0.0
Latvia,2024-W13,0.0,0.0,6.0,0.0
Latvia,2024-W14,0.0,0.0,6.0,0.0
Latvia,2024-W15,0.0,0.0,6.0,0.0
Latvia,2024-W16,0.0,0.0,6.0,0.0
Latvia,2024-W17,0.0,0.0,6.0,0.0
Latvia,2024-W18,0.0,0.0,6.0,0.0
Latvia,2024-W19,0.0,0.0,6.0,0.0
Latvia,2024-W20,0.0,0.0,6.0,0.0
Latvia,2024-W21,0.0,0.0,6.0,0.0
Latvia,2024-W22,0.0,0.0,6.0,0.0
Latvia,2024-W23,0.0,0.0,6.0,0.0
Latvia,2024-W24,0.0,0.0,6.0,0.0
Latvia,2024-W25,0.0,0.0,6.0,0.0
Latvia,2024-W26,0.0,0.0,6.0,0.0
Latvia,2024-W27,0.0,0.0,6.0,0.0
Latvia,2024-W28,0.0,0.0,6.0,0.0
Latvia,2024-W29,0.0,0.0,6.0,0.0
Latvia,2024-W30,0.0,0.0,6.0,0.0
Latvia,2024-W31,0.0,0.0,6.0,0.0
Latvia,2024-W32,0.0,0.0,6.0,0.0
Latvia,2024-W33,0.0,0.0,6.0,0.0
Latvia,2024-W34,0.0,0.0,6.0,0.0
Latvia,2024-W35,0.0,0.0,6.0,0.0
Latvia,2024-W36,0.0,0.0,6.0,0.0
Latvia,2024-W37,0.0,0.0,6.0,0.0
Latvia,2024-W38,0.0,0.0,6.0,0.0
Latvia,2024-W39,0.0,0.0,6.0,0.0
Latvia,2024-W40,0.0,0.0,6.0,0.0
Latvia,2024-W41,0.0,0.0,6.0,0.0
Latvia,2024-W42,0.0,0.0,6.0,0.0
Latvia,2024-W43,0.0,0.0,6.0,0.0
Latvia,2024-W44,0.0,0.0,6.0,0.0
Latvia,2024-W45,0.0,0.0,6.0,0.0
Latvia,2024-W46,0.0,0.0,6.0,0.0
Latvia,2024-W47,0.0,0.0,6.0,0.0
Latvia,2024-W48,0.0,0.0,6.0,0.0
Latvia,2024-W49,0.0,0.0,6.0,0.0
Latvia,2024-W50,0.0,0.0,6.0,0.0
Latvia,2024-W51,0.0,0.0,6.0,0.0
Latvia,2024-W52,0.0,0.0,6.0,0.0
Latvia,2025-W01,0.0,0.0,6.0,0.0
Latvia,2025-W02,0.0,0.0,6.0,0.0
Latvia,2025-W03,0.0,0.0,6.0,0.0
Latvia,2025-W04,0.0,0.0,6.0,0.0
Latvia,2025-W05,0.0,0.0,6.0,0.0
Latvia,2025-W06,0.0,0.0,6.0,0.0
Latvia,2025-W07,0.0,0.0,6.0,0.0
Latvia,2025-W08,0.0,0.0,6.0,0.0
Latvia,2025-W09,0.0,0.0,6.0,0.0
Latvia,2025-W10,0.0,0.0,6.0,0.0
Latvia,2025-W11,0.0,0.0,6.0,0.0
Latvia,2025-W12,0.0,0.0,6.0,0.0
Latvia,2025-W13,0.0,0.0,6.0,0.0
Latvia,2025-W14,0.0,0.0,6.0,0.0
Latvia,2025-W15,0.0,0.0,6.0,0.0
Latvia,2025-W16,0.0,0.0,6.0,0.0
Latvia,2025-W17,0.0,0.0,6.0,0.0
Latvia,2025-W18,0.0,0.0,6.0,0.0
Latvia,2025-W19,0.0,0.0,6.0,0.0
Latvia,2025-W20,0.0,0.0,6.0,0.0
Latvia,2025-W21,0.0,0.0,6.0,0.0
Latvia,2025-W22,0.0,0.0,6.0,0.0
Latvia,2025-W23,0.0,0.0,6.0,0.0
Latvia,2025-W24,0.0,0.0,6.0,0.0
Latvia,2025-W25,0.0,0.0,6.0,0.0
Latvia,2025-W26,0.0,0.0,6.0,0.0
Latvia,2025-W27,0.0,0.0,6.0,0.0
Latvia,2025-W28,0.0,0.0,6.0,0.0
Latvia,2025-W29,0.0,0.0,6.0,0.0
Latvia,2025-W30,0.0,0.0,6.0,0.0
Latvia,2025-W31,0.0,0.0,6.0,0.0
Latvia,2025-W32,0.0,0.0,6.0,0.0
Latvia,2025-W33,0.0,0.0,6.0,0.0
Latvia,2025-W34,0.0,0.0,6.0,0.0
Latvia,2025-W35,0.0,0.0,6.0,0.0
Latvia,2025-W36,0.0,0.0,6.0,0.0
Latvia,2025-W37,0.0,0.0,6.0,0.0
Latvia,2025-W38,0.0,0.0,6.0,0.0
Latvia,2025-W39,0.0,0.0,6.0,0.0
Latvia,2025-W40,0.0,0.0,6.0,0.0
Latvia,2025-W41,0.0,0.0,6.0,0.0
Latvia,2025-W42,0.0,0.0,6.0,0.0
Latvia,2025-W43,0.0,0.0,6.0,0.0
Latvia,2025-W44,0.0,0.0,6.0,0.0
Latvia,2025-W45,0.0,0.0,6.0,0.0
Latvia,2025-W46,0.0,0.0,6.0,0.0
Latvia,2025-W47,0.0,0.0,6.0,0.0
Latvia,2025-W48,0.0,0.0,6.0,0.0
Latvia,2025-W49,0.0,0.0,6.0,0.0
Latvia,2025-W50,0.0,0.0,6.0,0.0
Latvia,2025-W51,0.0,0.0,6.0,0.0
Latvia,2025-W52,0.0,0.0,6.0,0.0
Lebanon,2022-W25,1.0,0.0,1.0,0.0
Lebanon,2022-W26,0.0,0.0,1.0,0.0
Lebanon,2022-W27,0.0,0.0,1.0,0.0
Lebanon,2022-W28,0.0,0.0,1.0,0.0
Lebanon,2022-W29,3.0,0.0,4.0,0.0
Lebanon,2022-W30,0.0,0.0,4.0,0.0
Lebanon,2022-W31,2.0,0.0,6.0,0.0
Lebanon,2022-W32,0.0,0.0,6.0,0.0
Lebanon,2022-W33,0.0,0.0,6.0,0.0
Lebanon,2022-W34,0.0,0.0,6.0,0.0
Lebanon,2022-W35,0.0,0.0,6.0,0.0
Lebanon,2022-W36,5.0,0.0,11.0,0.0
Lebanon,2022-W37,0.0,0.0,11.0,0.0
Lebanon,2022-W38,0.0,0.0,11.0,0.0
Lebanon,2022-W39,0.0,0.0,11.0,0.0
Lebanon,2022-W40,3.0,0.0,14.0,0.0
Lebanon,2022-W41,4.0,0.0,18.0,0.0
Lebanon,2022-W42,0.0,0.0,18.0,0.0
Lebanon,2022-W43,0.0,0.0,18.0,0.0
Lebanon,2022-W44,0.0,0.0,18.0,0.0
Lebanon,2022-W45,0.0,0.0,18.0,0.0
Lebanon,2022-W46,0.0,0.0,18.0,0.0
Lebanon,2022-W47,6.0,0.0,24.0,0.0
Lebanon,2022-W48,0.0,0.0,24.0,0.0
Lebanon,2022-W49,0.0,0.0,24.0,0.0
Lebanon,2022-W50,0.0,0.0,24.0,0.0
Lebanon,2022-W51,0.0,0.0,24.0,0.0
Lebanon,2022-W52,0.0,0.0,24.0,0.0
Lebanon,2023-W01,0.0,0.0,24.0,0.0
Lebanon,2023-W02,0.0,0.0,24.0,0.0
Lebanon,2023-W03,2.0,0.0,26.0,0.0
Lebanon,2023-W04,0.0,0.0,26.0,0.0
Lebanon,2023-W05,0.0,0.0,26.0,0.0
Lebanon,2023-W06,0.0,0.0,26.0,0.0
Lebanon,2023-W07,0.0,0.0,26.0,0.0
Lebanon,2023-W08,0.0,0.0,26.0,0.0
Lebanon,2023-W09,0.0,0.0,26.0,0.0
Lebanon,2023-W10,1.0,0.0,27.0,0.0
Lebanon,2023-W11,0.0,0.0,27.0,0.0
Lebanon,2023-W12,0.0,0.0,27.0,0.0
Lebanon,2023-W13,0.0,0.0,27.0,0.0
Lebanon,2023-W14,0.0,0.0,27.0,0.0
Lebanon,2023-W15,0.0,0.0,27.0,0.0
Lebanon,2023-W16,0.0,0.0,27.0,0.0
Lebanon,2023-W17,0.0,0.0,27.0,0.0
Lebanon,2023-W18,0.0,0.0,27.0,0.0
Lebanon,2023-W19,0.0,0.0,27.0,0.0
Lebanon,2023-W20,0.0,0.0,27.0,0.0
Lebanon,2023-W21,0.0,0.0,27.0,0.0
Lebanon,2023-W22,0.0,0.0,27.0,0.0
Lebanon,2023-W23,0.0,0.0,27.0,0.0
Lebanon,2023-W24,0.0,0.0,27.0,0.0
Lebanon,2023-W25,0.0,0.0,27.0,0.0
Lebanon,2023-W26,0.0,0.0,27.0,0.0
Lebanon,2023-W27,0.0,0.0,27.0,0.0
Lebanon,2023-W28,0.0,0.0,27.0,0.0
Lebanon,2023-W29,0.0,0.0,27.0,0.0
Lebanon,2023-W30,0.0,0.0,27.0,0.0
Lebanon,2023-W31,0.0,0.0,27.0,0.0
Lebanon,2023-W32,0.0,0.0,27.0,0.0
Lebanon,2023-W33,0.0,0.0,27.0,0.0
Lebanon,2023-W34,0.0,0.0,27.0,0.0
Lebanon,2023-W35,0.0,0.0,27.0,0.0
Lebanon,2023-W36,0.0,0.0,27.0,0.0
Lebanon,2023-W37,0.0,0.0,27.0,0.0
Lebanon,2023-W38,0.0,0.0,27.0,0.0
Lebanon,2023-W39,0.0,0.0,27.0,0.0
Lebanon,2023-W40,0.0,0.0,27.0,0.0
Lebanon,2023-W41,0.0,0.0,27.0,0.0
Lebanon,2023-W42,0.0,0.0,27.0,0.0
Lebanon,2023-W43,0.0,0.0,27.0,0.0
Lebanon,2023-W44,0.0,0.0,27.0,0.0
Lebanon,2023-W45,0.0,0.0,27.0,0.0
Lebanon,2023-W46,0.0,0.0,27.0,0.0
Lebanon,2023-W47,0.0,0.0,27.0,0.0
Lebanon,2023-W48,0.0,0.0,27.0,0.0
Lebanon,2023-W49,0.0,0.0,27.0,0.0
Lebanon,2023-W50,0.0,0.0,27.0,0.0
Lebanon,2023-W51,0.0,0.0,27.0,0.0
Lebanon,2023-W52,0.0,0.0,27.0,0.0
Lebanon,2024-W01,0.0,0.0,27.0,0.0
Lebanon,2024-W02,0.0,0.0,27.0,0.0
Lebanon,2024-W03,0.0,0.0,27.0,0.0
Lebanon,2024-W04,0.0,0.0,27.0,0.0
Lebanon,2024-W05,0.0,0.0,27.0,0.0
Lebanon,2024-W06,0.0,0.0,27.0,0.0
Lebanon,2024-W07,0.0,0.0,27.0,0.0
Lebanon,2024-W08,0.0,0.0,27.0,0.0
Lebanon,2024-W09,0.0,0.0,27.0,0.0
Lebanon,2024-W10,0.0,0.0,27.0,0.0
Lebanon,2024-W11,1.0,0.0,28.0,0.0
Lebanon,2024-W12,0.0,0.0,28.0,0.0
Lebanon,2024-W13,0.0,0.0,28.0,0.0
Lebanon,2024-W14,0.0,0.0,28.0,0.0
Lebanon,2024-W15,0.0,0.0,28.0,0.0
Lebanon,2024-W16,0.0,0.0,28.0,0.0
Lebanon,2024-W17,0.0,0.0,28.0,0.0
Lebanon,2024-W18,0.0,0.0,28.0,0.0
Lebanon,2024-W19,0.0,0.0,28.0,0.0
Lebanon,2024-W20,0.0,0.0,28.0,0.0
Lebanon,2024-W21,0.0,0.0,28.0,0.0
Lebanon,2024-W22,0.0,0.0,28.0,0.0
Lebanon,2024-W23,0.0,0.0,28.0,0.0
Lebanon,2024-W24,0.0,0.0,28.0,0.0
Lebanon,2024-W25,0.0,0.0,28.0,0.0
Lebanon,2024-W26,0.0,0.0,28.0,0.0
Lebanon,2024-W27,0.0,0.0,28.0,0.0
Lebanon,2024-W28,0.0,0.0,28.0,0.0
Lebanon,2024-W29,0.0,0.0,28.0,0.0
Lebanon,2024-W30,0.0,0.0,28.0,0.0
Lebanon,2024-W31,0.0,0.0,28.0,0.0
Lebanon,2024-W32,0.0,0.0,28.0,0.0
Lebanon,2024-W33,0.0,0.0,28.0,0.0
Lebanon,2024-W34,0.0,0.0,28.0,0.0
Lebanon,2024-W35,0.0,0.0,28.0,0.0
Lebanon,2024-W36,0.0,0.0,28.0,0.0
Lebanon,2024-W37,0.0,0.0,28.0,0.0
Lebanon,2024-W38,0.0,0.0,28.0,0.0
Lebanon,2024-W39,0.0,0.0,28.0,0.0
Lebanon,2024-W40,0.0,0.0,28.0,0.0
Lebanon,2024-W41,0.0,0.0,28.0,0.0
Lebanon,2024-W42,0.0,0.0,28.0,0.0
Lebanon,2024-W43,0.0,0.0,28.0,0.0
Lebanon,2024-W44,0.0,0.0,28.0,0.0
Lebanon,2024-W45,0.0,0.0,28.0,0.0
Lebanon,2024-W46,0.0,0.0,28.0,0.0
Lebanon,2024-W47,0.0,0.0,28.0,0.0
Lebanon,2024-W48,0.0,0.0,28.0,0.0
Lebanon,2024-W49,0.0,0.0,28.0,0.0
Lebanon,2024-W50,0.0,0.0,28.0,0.0
Lebanon,2024-W51,0.0,0.0,28.0,0.0
Lebanon,2024-W52,0.0,0.0,28.0,0.0
Lebanon,2025-W01,1.0,0.0,29.0,0.0
Lebanon,2025-W02,0.0,0.0,29.0,0.0
Lebanon,2025-W03,0.0,0.0,29.0,0.0
Lebanon,2025-W04,0.0,0.0,29.0,0.0
Lebanon,2025-W05,0.0,0.0,29.0,0.0
Lebanon,2025-W06,0.0,0.0,29.0,0.0
Lebanon,2025-W07,0.0,0.0,29.0,0.0
Lebanon,2025-W08,0.0,0.0,29.0,0.0
Lebanon,2025-W09,0.0,0.0,29.0,0.0
Lebanon,2025-W10,0.0,0.0,29.0,0.0
Lebanon,2025-W11,0.0,0.0,29.0,0.0
Lebanon,2025-W12,0.0,0.0,29.0,0.0
Lebanon,2025-W13,0.0,0.0,29.0,0.0
Lebanon,2025-W14,0.0,0.0,29.0,0.0
Lebanon,2025-W15,0.0,0.0,29.0,0.0
Lebanon,2025-W16,0.0,0.0,29.0,0.0
Lebanon,2025-W17,0.0,0.0,29.0,0.0
Lebanon,2025-W18,0.0,0.0,29.0,0.0
Lebanon,2025-W19,0.0,0.0,29.0,0.0
Lebanon,2025-W20,0.0,0.0,29.0,0.0
Lebanon,2025-W21,0.0,0.0,29.0,0.0
Lebanon,2025-W22,0.0,0.0,29.0,0.0
Lebanon,2025-W23,0.0,0.0,29.0,0.0
Lebanon,2025-W24,0.0,0.0,29.0,0.0
Lebanon,2025-W25,0.0,0.0,29.0,0.0
Lebanon,2025-W26,1.0,0.0,30.0,0.0
Lebanon,2025-W27,0.0,0.0,30.0,0.0
Lebanon,2025-W28,0.0,0.0,30.0,0.0
Lebanon,2025-W29,0.0,0.0,30.0,0.0
Lebanon,2025-W30,0.0,0.0,30.0,0.0
Lebanon,2025-W31,0.0,0.0,30.0,0.0
Lebanon,2025-W32,0.0,0.0,30.0,0.0
Lebanon,2025-W33,0.0,0.0,30.0,0.0
Lebanon,2025-W34,0.0,0.0,30.0,0.0
Lebanon,2025-W35,0.0,0.0,30.0,0.0
Lebanon,2025-W36,0.0,0.0,30.0,0.0
Lebanon,2025-W37,0.0,0.0,30.0,0.0
Lebanon,2025-W38,0.0,0.0,30.0,0.0
Lebanon,2025-W39,1.0,0.0,31.0,0.0
Lebanon,2025-W40,0.0,0.0,31.0,0.0
Lebanon,2025-W41,1.0,0.0,32.0,0.0
Lebanon,2025-W42,1.0,0.0,33.0,0.0
Liberia,2022-W17,0.0,0.0,0.0,0.0
Liberia,2022-W18,0.0,0.0,0.0,0.0
Liberia,2022-W19,0.0,0.0,0.0,0.0
Liberia,2022-W20,0.0,0.0,0.0,0.0
Liberia,2022-W21,0.0,0.0,0.0,0.0
Liberia,2022-W22,0.0,0.0,0.0,0.0
Liberia,2022-W23,0.0,0.0,0.0,0.0
Liberia,2022-W24,0.0,0.0,0.0,0.0
Liberia,2022-W25,0.0,0.0,0.0,0.0
Liberia,2022-W26,0.0,0.0,0.0,0.0
Liberia,2022-W27,0.0,0.0,0.0,0.0
Liberia,2022-W28,0.0,0.0,0.0,0.0
Liberia,2022-W29,0.0,0.0,0.0,0.0
Liberia,2022-W30,1.0,0.0,1.0,0.0
Liberia,2022-W31,1.0,0.0,2.0,0.0
Liberia,2022-W32,1.0,0.0,3.0,0.0
Liberia,2022-W33,0.0,0.0,3.0,0.0
Liberia,2022-W34,0.0,0.0,3.0,0.0
Liberia,2022-W35,0.0,0.0,3.0,0.0
Liberia,2022-W36,0.0,0.0,3.0,0.0
Liberia,2022-W37,0.0,0.0,3.0,0.0
Liberia,2022-W38,0.0,0.0,3.0,0.0
Liberia,2022-W39,0.0,0.0,3.0,0.0
Liberia,2022-W40,0.0,0.0,3.0,0.0
Liberia,2022-W41,0.0,0.0,3.0,0.0
Liberia,2022-W42,0.0,0.0,3.0,0.0
Liberia,2022-W43,0.0,0.0,3.0,0.0
Liberia,2022-W44,0.0,0.0,3.0,0.0
Liberia,2022-W45,0.0,0.0,3.0,0.0
Liberia,2022-W46,0.0,0.0,3.0,0.0
Liberia,2022-W47,1.0,0.0,4.0,0.0
Liberia,2022-W48,0.0,0.0,4.0,0.0
Liberia,2022-W49,2.0,0.0,6.0,0.0
Liberia,2022-W50,0.0,0.0,6.0,0.0
Liberia,2022-W51,0.0,0.0,6.0,0.0
Liberia,2022-W52,0.0,0.0,6.0,0.0
Liberia,2023-W01,0.0,0.0,6.0,0.0
Liberia,2023-W02,0.0,0.0,6.0,0.0
Liberia,2023-W03,0.0,0.0,6.0,0.0
Liberia,2023-W04,1.0,0.0,7.0,0.0
Liberia,2023-W05,0.0,0.0,7.0,0.0
Liberia,2023-W06,0.0,0.0,7.0,0.0
Liberia,2023-W07,1.0,0.0,8.0,0.0
Liberia,2023-W08,0.0,0.0,8.0,0.0
Liberia,2023-W09,1.0,0.0,9.0,0.0
Liberia,2023-W10,0.0,0.0,9.0,0.0
Liberia,2023-W11,1.0,0.0,10.0,0.0
Liberia,2023-W12,0.0,0.0,10.0,0.0
Liberia,2023-W13,0.0,0.0,10.0,0.0
Liberia,2023-W14,0.0,0.0,10.0,0.0
Liberia,2023-W15,0.0,0.0,10.0,0.0
Liberia,2023-W16,2.0,0.0,12.0,0.0
Liberia,2023-W17,0.0,0.0,12.0,0.0
Liberia,2023-W18,0.0,0.0,12.0,0.0
Liberia,2023-W19,0.0,0.0,12.0,0.0
Liberia,2023-W20,0.0,0.0,12.0,0.0
Liberia,2023-W21,0.0,0.0,12.0,0.0
Liberia,2023-W22,0.0,0.0,12.0,0.0
Liberia,2023-W23,0.0,0.0,12.0,0.0
Liberia,2023-W24,0.0,0.0,12.0,0.0
Liberia,2023-W25,0.0,0.0,12.0,0.0
Liberia,2023-W26,0.0,0.0,12.0,0.0
Liberia,2023-W27,0.0,0.0,12.0,0.0
Liberia,2023-W28,0.0,0.0,12.0,0.0
Liberia,2023-W29,0.0,0.0,12.0,0.0
Liberia,2023-W30,0.0,0.0,12.0,0.0
Liberia,2023-W31,0.0,0.0,12.0,0.0
Liberia,2023-W32,0.0,0.0,12.0,0.0
Liberia,2023-W33,0.0,0.0,12.0,0.0
Liberia,2023-W34,0.0,0.0,12.0,0.0
Liberia,2023-W35,0.0,0.0,12.0,0.0
Liberia,2023-W36,0.0,0.0,12.0,0.0
Liberia,2023-W37,0.0,0.0,12.0,0.0
Liberia,2023-W38,0.0,0.0,12.0,0.0
Liberia,2023-W39,0.0,0.0,12.0,0.0
Liberia,2023-W40,0.0,0.0,12.0,0.0
Liberia,2023-W41,0.0,0.0,12.0,0.0
Liberia,2023-W42,0.0,0.0,12.0,0.0
Liberia,2023-W43,0.0,0.0,12.0,0.0
Liberia,2023-W44,0.0,0.0,12.0,0.0
Liberia,2023-W45,0.0,0.0,12.0,0.0
Liberia,2023-W46,2.0,0.0,14.0,0.0
Liberia,2023-W47,1.0,0.0,15.0,0.0
Liberia,2023-W48,2.0,0.0,17.0,0.0
Liberia,2023-W49,0.0,0.0,17.0,0.0
Liberia,2023-W50,0.0,0.0,17.0,0.0
Liberia,2023-W51,0.0,0.0,17.0,0.0
Liberia,2023-W52,0.0,0.0,17.0,0.0
Liberia,2024-W01,0.0,0.0,17.0,0.0
Liberia,2024-W02,1.0,0.0,18.0,0.0
Liberia,2024-W03,0.0,0.0,18.0,0.0
Liberia,2024-W04,0.0,0.0,18.0,0.0
Liberia,2024-W05,0.0,0.0,18.0,0.0
Liberia,2024-W06,0.0,0.0,18.0,0.0
Liberia,2024-W07,1.0,0.0,19.0,0.0
Liberia,2024-W08,0.0,0.0,19.0,0.0
Liberia,2024-W09,0.0,0.0,19.0,0.0
Liberia,2024-W10,0.0,0.0,19.0,0.0
Liberia,2024-W11,2.0,0.0,21.0,0.0
Liberia,2024-W12,0.0,0.0,21.0,0.0
Liberia,2024-W13,0.0,0.0,21.0,0.0
Liberia,2024-W14,0.0,0.0,21.0,0.0
Liberia,2024-W15,0.0,0.0,21.0,0.0
Liberia,2024-W16,0.0,0.0,21.0,0.0
Liberia,2024-W17,0.0,0.0,21.0,0.0
Liberia,2024-W18,0.0,0.0,21.0,0.0
Liberia,2024-W19,1.0,0.0,22.0,0.0
Liberia,2024-W20,0.0,0.0,22.0,0.0
Liberia,2024-W21,0.0,0.0,22.0,0.0
Liberia,2024-W22,0.0,0.0,22.0,0.0
Liberia,2024-W23,0.0,0.0,22.0,0.0
Liberia,2024-W24,0.0,0.0,22.0,0.0
Liberia,2024-W25,0.0,0.0,22.0,0.0
Liberia,2024-W26,0.0,0.0,22.0,0.0
Liberia,2024-W27,1.0,0.0,23.0,0.0
Liberia,2024-W28,0.0,0.0,23.0,0.0
Liberia,2024-W29,0.0,0.0,23.0,0.0
Liberia,2024-W30,0.0,0.0,23.0,0.0
Liberia,2024-W31,0.0,0.0,23.0,0.0
Liberia,2024-W32,0.0,0.0,23.0,0.0
Liberia,2024-W33,0.0,0.0,23.0,0.0
Liberia,2024-W34,1.0,0.0,24.0,0.0
Liberia,2024-W35,1.0,0.0,25.0,0.0
Liberia,2024-W36,3.0,0.0,28.0,0.0
Liberia,2024-W37,1.0,0.0,29.0,0.0
Liberia,2024-W38,0.0,0.0,29.0,0.0
Liberia,2024-W39,2.0,0.0,31.0,0.0
Liberia,2024-W40,0.0,0.0,31.0,0.0
Liberia,2024-W41,4.0,0.0,35.0,0.0
Liberia,2024-W42,1.0,0.0,36.0,0.0
Liberia,2024-W43,3.0,0.0,39.0,0.0
Liberia,2024-W44,16.0,0.0,55.0,0.0
Liberia,2024-W45,3.0,0.0,58.0,0.0
Liberia,2024-W46,10.0,0.0,68.0,0.0
Liberia,2024-W47,10.0,0.0,78.0,0.0
Liberia,2024-W48,2.0,0.0,80.0,0.0
Liberia,2024-W49,0.0,0.0,80.0,0.0
Liberia,2024-W50,0.0,0.0,80.0,0.0
Liberia,2024-W51,0.0,0.0,80.0,0.0
Liberia,2024-W52,0.0,0.0,80.0,0.0
Liberia,2025-W01,0.0,0.0,80.0,0.0
Liberia,2025-W02,0.0,0.0,80.0,0.0
Liberia,2025-W03,1.0,0.0,81.0,0.0
Liberia,2025-W04,3.0,0.0,84.0,0.0
Liberia,2025-W05,1.0,0.0,85.0,0.0
Liberia,2025-W06,2.0,0.0,87.0,0.0
Liberia,2025-W07,0.0,0.0,87.0,0.0
Liberia,2025-W08,0.0,0.0,87.0,0.0
Liberia,2025-W09,0.0,0.0,87.0,0.0
Liberia,2025-W10,0.0,0.0,87.0,0.0
Liberia,2025-W11,0.0,0.0,87.0,0.0
Liberia,2025-W12,0.0,0.0,87.0,0.0
Liberia,2025-W13,0.0,0.0,87.0,0.0
Liberia,2025-W14,0.0,0.0,87.0,0.0
Liberia,2025-W15,1.0,0.0,88.0,0.0
Liberia,2025-W16,3.0,0.0,91.0,0.0
Liberia,2025-W17,0.0,0.0,91.0,0.0
Liberia,2025-W18,1.0,0.0,92.0,0.0
Liberia,2025-W19,4.0,0.0,96.0,0.0
Liberia,2025-W20,3.0,0.0,99.0,0.0
Liberia,2025-W21,30.0,0.0,129.0,0.0
Liberia,2025-W22,41.0,0.0,170.0,0.0
Liberia,2025-W23,13.0,0.0,183.0,0.0
Liberia,2025-W24,9.0,0.0,192.0,0.0
Liberia,2025-W25,11.0,0.0,203.0,0.0
Liberia,2025-W26,27.0,0.0,230.0,0.0
Liberia,2025-W27,58.0,0.0,288.0,0.0
Liberia,2025-W28,64.0,0.0,352.0,0.0
Liberia,2025-W29,43.0,0.0,395.0,0.0
Liberia,2025-W30,38.0,0.0,433.0,0.0
Liberia,2025-W31,46.0,0.0,479.0,0.0
Liberia,2025-W32,50.0,0.0,529.0,0.0
Liberia,2025-W33,50.0,1.0,579.0,1.0
Liberia,2025-W34,38.0,0.0,617.0,1.0
Liberia,2025-W35,68.0,0.0,685.0,1.0
Liberia,2025-W36,65.0,1.0,750.0,2.0
Liberia,2025-W37,51.0,0.0,801.0,2.0
Liberia,2025-W38,64.0,1.0,865.0,3.0
Liberia,2025-W39,75.0,1.0,940.0,4.0
Liberia,2025-W40,101.0,0.0,1041.0,4.0
Liberia,2025-W41,59.0,0.0,1100.0,4.0
Liberia,2025-W42,86.0,2.0,1186.0,6.0
Liberia,2025-W43,74.0,0.0,1260.0,6.0
Liberia,2025-W44,65.0,0.0,1325.0,6.0
Liberia,2025-W45,42.0,0.0,1367.0,6.0
Liberia,2025-W46,48.0,0.0,1415.0,6.0
Liberia,2025-W47,24.0,0.0,1439.0,6.0
Liberia,2025-W48,17.0,0.0,1456.0,6.0
Liberia,2025-W49,16.0,0.0,1472.0,6.0
Liberia,2025-W50,29.0,2.0,1501.0,8.0
Liberia,2025-W51,13.0,0.0,1514.0,8.0
Liberia,2025-W52,17.0,0.0,1531.0,8.0
Lithuania,2022-W31,3.0,0.0,3.0,0.0
Lithuania,2022-W32,2.0,0.0,5.0,0.0
Lithuania,2022-W33,0.0,0.0,5.0,0.0
Lithuania,2022-W34,0.0,0.0,5.0,0.0
Lithuania,2022-W35,0.0,0.0,5.0,0.0
Lithuania,2022-W36,0.0,0.0,5.0,0.0
Lithuania,2022-W37,0.0,0.0,5.0,0.0
Lithuania,2022-W38,0.0,0.0,5.0,0.0
Lithuania,2022-W39,0.0,0.0,5.0,0.0
Lithuania,2022-W40,0.0,0.0,5.0,0.0
Lithuania,2022-W41,0.0,0.0,5.0,0.0
Lithuania,2022-W42,0.0,0.0,5.0,0.0
Lithuania,2022-W43,0.0,0.0,5.0,0.0
Lithuania,2022-W44,0.0,0.0,5.0,0.0
Lithuania,2022-W45,0.0,0.0,5.0,0.0
Lithuania,2022-W46,0.0,0.0,5.0,0.0
Lithuania,2022-W47,0.0,0.0,5.0,0.0
Lithuania,2022-W48,0.0,0.0,5.0,0.0
Lithuania,2022-W49,0.0,0.0,5.0,0.0
Lithuania,2022-W50,0.0,0.0,5.0,0.0
Lithuania,2022-W51,0.0,0.0,5.0,0.0
Lithuania,2022-W52,0.0,0.0,5.0,0.0
Lithuania,2023-W01,0.0,0.0,5.0,0.0
Lithuania,2023-W02,0.0,0.0,5.0,0.0
Lithuania,2023-W03,0.0,0.0,5.0,0.0
Lithuania,2023-W04,0.0,0.0,5.0,0.0
Lithuania,2023-W05,0.0,0.0,5.0,0.0
Lithuania,2023-W06,0.0,0.0,5.0,0.0
Lithuania,2023-W07,0.0,0.0,5.0,0.0
Lithuania,2023-W08,0.0,0.0,5.0,0.0
Lithuania,2023-W09,0.0,0.0,5.0,0.0
Lithuania,2023-W10,0.0,0.0,5.0,0.0
Lithuania,2023-W11,0.0,0.0,5.0,0.0
Lithuania,2023-W12,0.0,0.0,5.0,0.0
Lithuania,2023-W13,0.0,0.0,5.0,0.0
Lithuania,2023-W14,0.0,0.0,5.0,0.0
Lithuania,2023-W15,0.0,0.0,5.0,0.0
Lithuania,2023-W16,0.0,0.0,5.0,0.0
Lithuania,2023-W17,0.0,0.0,5.0,0.0
Lithuania,2023-W18,0.0,0.0,5.0,0.0
Lithuania,2023-W19,0.0,0.0,5.0,0.0
Lithuania,2023-W20,0.0,0.0,5.0,0.0
Lithuania,2023-W21,0.0,0.0,5.0,0.0
Lithuania,2023-W22,0.0,0.0,5.0,0.0
Lithuania,2023-W23,0.0,0.0,5.0,0.0
Lithuania,2023-W24,0.0,0.0,5.0,0.0
Lithuania,2023-W25,0.0,0.0,5.0,0.0
Lithuania,2023-W26,0.0,0.0,5.0,0.0
Lithuania,2023-W27,0.0,0.0,5.0,0.0
Lithuania,2023-W28,0.0,0.0,5.0,0.0
Lithuania,2023-W29,0.0,0.0,5.0,0.0
Lithuania,2023-W30,0.0,0.0,5.0,0.0
Lithuania,2023-W31,0.0,0.0,5.0,0.0
Lithuania,2023-W32,0.0,0.0,5.0,0.0
Lithuania,2023-W33,0.0,0.0,5.0,0.0
Lithuania,2023-W34,0.0,0.0,5.0,0.0
Lithuania,2023-W35,0.0,0.0,5.0,0.0
Lithuania,2023-W36,0.0,0.0,5.0,0.0
Lithuania,2023-W37,0.0,0.0,5.0,0.0
Lithuania,2023-W38,0.0,0.0,5.0,0.0
Lithuania,2023-W39,0.0,0.0,5.0,0.0
Lithuania,2023-W40,0.0,0.0,5.0,0.0
Lithuania,2023-W41,0.0,0.0,5.0,0.0
Lithuania,2023-W42,0.0,0.0,5.0,0.0
Lithuania,2023-W43,0.0,0.0,5.0,0.0
Lithuania,2023-W44,0.0,0.0,5.0,0.0
Lithuania,2023-W45,0.0,0.0,5.0,0.0
Lithuania,2023-W46,0.0,0.0,5.0,0.0
Lithuania,2023-W47,0.0,0.0,5.0,0.0
Lithuania,2023-W48,0.0,0.0,5.0,0.0
Lithuania,2023-W49,0.0,0.0,5.0,0.0
Lithuania,2023-W50,0.0,0.0,5.0,0.0
Lithuania,2023-W51,0.0,0.0,5.0,0.0
Lithuania,2023-W52,0.0,0.0,5.0,0.0
Lithuania,2024-W01,0.0,0.0,5.0,0.0
Lithuania,2024-W02,0.0,0.0,5.0,0.0
Lithuania,2024-W03,0.0,0.0,5.0,0.0
Lithuania,2024-W04,0.0,0.0,5.0,0.0
Lithuania,2024-W05,0.0,0.0,5.0,0.0
Lithuania,2024-W06,0.0,0.0,5.0,0.0
Lithuania,2024-W07,0.0,0.0,5.0,0.0
Lithuania,2024-W08,0.0,0.0,5.0,0.0
Lithuania,2024-W09,0.0,0.0,5.0,0.0
Lithuania,2024-W10,0.0,0.0,5.0,0.0
Lithuania,2024-W11,0.0,0.0,5.0,0.0
Lithuania,2024-W12,0.0,0.0,5.0,0.0
Lithuania,2024-W13,0.0,0.0,5.0,0.0
Lithuania,2024-W14,0.0,0.0,5.0,0.0
Lithuania,2024-W15,0.0,0.0,5.0,0.0
Lithuania,2024-W16,0.0,0.0,5.0,0.0
Lithuania,2024-W17,0.0,0.0,5.0,0.0
Lithuania,2024-W18,0.0,0.0,5.0,0.0
Lithuania,2024-W19,0.0,0.0,5.0,0.0
Lithuania,2024-W20,0.0,0.0,5.0,0.0
Lithuania,2024-W21,0.0,0.0,5.0,0.0
Lithuania,2024-W22,0.0,0.0,5.0,0.0
Lithuania,2024-W23,0.0,0.0,5.0,0.0
Lithuania,2024-W24,0.0,0.0,5.0,0.0
Lithuania,2024-W25,0.0,0.0,5.0,0.0
Lithuania,2024-W26,0.0,0.0,5.0,0.0
Lithuania,2024-W27,0.0,0.0,5.0,0.0
Lithuania,2024-W28,0.0,0.0,5.0,0.0
Lithuania,2024-W29,0.0,0.0,5.0,0.0
Lithuania,2024-W30,0.0,0.0,5.0,0.0
Lithuania,2024-W31,0.0,0.0,5.0,0.0
Lithuania,2024-W32,0.0,0.0,5.0,0.0
Lithuania,2024-W33,0.0,0.0,5.0,0.0
Lithuania,2024-W34,0.0,0.0,5.0,0.0
Lithuania,2024-W35,0.0,0.0,5.0,0.0
Lithuania,2024-W36,0.0,0.0,5.0,0.0
Lithuania,2024-W37,0.0,0.0,5.0,0.0
Lithuania,2024-W38,0.0,0.0,5.0,0.0
Lithuania,2024-W39,0.0,0.0,5.0,0.0
Lithuania,2024-W40,1.0,0.0,6.0,0.0
Lithuania,2024-W41,0.0,0.0,6.0,0.0
Lithuania,2024-W42,0.0,0.0,6.0,0.0
Lithuania,2024-W43,0.0,0.0,6.0,0.0
Lithuania,2024-W44,0.0,0.0,6.0,0.0
Lithuania,2024-W45,0.0,0.0,6.0,0.0
Lithuania,2024-W46,0.0,0.0,6.0,0.0
Lithuania,2024-W47,0.0,0.0,6.0,0.0
Lithuania,2024-W48,0.0,0.0,6.0,0.0
Lithuania,2024-W49,0.0,0.0,6.0,0.0
Lithuania,2024-W50,0.0,0.0,6.0,0.0
Lithuania,2024-W51,0.0,0.0,6.0,0.0
Lithuania,2024-W52,0.0,0.0,6.0,0.0
Lithuania,2025-W01,0.0,0.0,6.0,0.0
Lithuania,2025-W02,0.0,0.0,6.0,0.0
Lithuania,2025-W03,0.0,0.0,6.0,0.0
Lithuania,2025-W04,0.0,0.0,6.0,0.0
Lithuania,2025-W05,0.0,0.0,6.0,0.0
Lithuania,2025-W06,0.0,0.0,6.0,0.0
Lithuania,2025-W07,0.0,0.0,6.0,0.0
Lithuania,2025-W08,0.0,0.0,6.0,0.0
Lithuania,2025-W09,0.0,0.0,6.0,0.0
Lithuania,2025-W10,0.0,0.0,6.0,0.0
Lithuania,2025-W11,0.0,0.0,6.0,0.0
Lithuania,2025-W12,0.0,0.0,6.0,0.0
Lithuania,2025-W13,0.0,0.0,6.0,0.0
Lithuania,2025-W14,0.0,0.0,6.0,0.0
Lithuania,2025-W15,0.0,0.0,6.0,0.0
Lithuania,2025-W16,0.0,0.0,6.0,0.0
Lithuania,2025-W17,0.0,0.0,6.0,0.0
Lithuania,2025-W18,0.0,0.0,6.0,0.0
Lithuania,2025-W19,0.0,0.0,6.0,0.0
Lithuania,2025-W20,0.0,0.0,6.0,0.0
Lithuania,2025-W21,0.0,0.0,6.0,0.0
Lithuania,2025-W22,0.0,0.0,6.0,0.0
Lithuania,2025-W23,0.0,0.0,6.0,0.0
Lithuania,2025-W24,0.0,0.0,6.0,0.0
Lithuania,2025-W25,0.0,0.0,6.0,0.0
Lithuania,2025-W26,0.0,0.0,6.0,0.0
Lithuania,2025-W27,0.0,0.0,6.0,0.0
Lithuania,2025-W28,0.0,0.0,6.0,0.0
Lithuania,2025-W29,0.0,0.0,6.0,0.0
Lithuania,2025-W30,0.0,0.0,6.0,0.0
Lithuania,2025-W31,0.0,0.0,6.0,0.0
Lithuania,2025-W32,0.0,0.0,6.0,0.0
Lithuania,2025-W33,0.0,0.0,6.0,0.0
Lithuania,2025-W34,0.0,0.0,6.0,0.0
Lithuania,2025-W35,0.0,0.0,6.0,0.0
Lithuania,2025-W36,0.0,0.0,6.0,0.0
Lithuania,2025-W37,0.0,0.0,6.0,0.0
Lithuania,2025-W38,0.0,0.0,6.0,0.0
Lithuania,2025-W39,0.0,0.0,6.0,0.0
Lithuania,2025-W40,0.0,0.0,6.0,0.0
Lithuania,2025-W41,0.0,0.0,6.0,0.0
Lithuania,2025-W42,0.0,0.0,6.0,0.0
Lithuania,2025-W43,0.0,0.0,6.0,0.0
Lithuania,2025-W44,0.0,0.0,6.0,0.0
Lithuania,2025-W45,0.0,0.0,6.0,0.0
Lithuania,2025-W46,0.0,0.0,6.0,0.0
Lithuania,2025-W47,0.0,0.0,6.0,0.0
Lithuania,2025-W48,0.0,0.0,6.0,0.0
Lithuania,2025-W49,0.0,0.0,6.0,0.0
Lithuania,2025-W50,0.0,0.0,6.0,0.0
Lithuania,2025-W51,0.0,0.0,6.0,0.0
Lithuania,2025-W52,0.0,0.0,6.0,0.0
Luxembourg,2022-W24,1.0,0.0,1.0,0.0
Luxembourg,2022-W25,2.0,0.0,3.0,0.0
Luxembourg,2022-W26,0.0,0.0,3.0,0.0
Luxembourg,2022-W27,3.0,0.0,6.0,0.0
Luxembourg,2022-W28,2.0,0.0,8.0,0.0
Luxembourg,2022-W29,6.0,0.0,14.0,0.0
Luxembourg,2022-W30,9.0,0.0,23.0,0.0
Luxembourg,2022-W31,8.0,0.0,31.0,0.0
Luxembourg,2022-W32,10.0,0.0,41.0,0.0
Luxembourg,2022-W33,4.0,0.0,45.0,0.0
Luxembourg,2022-W34,5.0,0.0,50.0,0.0
Luxembourg,2022-W35,3.0,0.0,53.0,0.0
Luxembourg,2022-W36,1.0,0.0,54.0,0.0
Luxembourg,2022-W37,1.0,0.0,55.0,0.0
Luxembourg,2022-W38,0.0,0.0,55.0,0.0
Luxembourg,2022-W39,0.0,0.0,55.0,0.0
Luxembourg,2022-W40,0.0,0.0,55.0,0.0
Luxembourg,2022-W41,0.0,0.0,55.0,0.0
Luxembourg,2022-W42,0.0,0.0,55.0,0.0
Luxembourg,2022-W43,0.0,0.0,55.0,0.0
Luxembourg,2022-W44,0.0,0.0,55.0,0.0
Luxembourg,2022-W45,1.0,0.0,56.0,0.0
Luxembourg,2022-W46,1.0,0.0,57.0,0.0
Luxembourg,2022-W47,0.0,0.0,57.0,0.0
Luxembourg,2022-W48,0.0,0.0,57.0,0.0
Luxembourg,2022-W49,0.0,0.0,57.0,0.0
Luxembourg,2022-W50,0.0,0.0,57.0,0.0
Luxembourg,2022-W51,0.0,0.0,57.0,0.0
Luxembourg,2022-W52,0.0,0.0,57.0,0.0
Luxembourg,2023-W01,0.0,0.0,57.0,0.0
Luxembourg,2023-W02,0.0,0.0,57.0,0.0
Luxembourg,2023-W03,0.0,0.0,57.0,0.0
Luxembourg,2023-W04,0.0,0.0,57.0,0.0
Luxembourg,2023-W05,0.0,0.0,57.0,0.0
Luxembourg,2023-W06,0.0,0.0,57.0,0.0
Luxembourg,2023-W07,0.0,0.0,57.0,0.0
Luxembourg,2023-W08,0.0,0.0,57.0,0.0
Luxembourg,2023-W09,0.0,0.0,57.0,0.0
Luxembourg,2023-W10,0.0,0.0,57.0,0.0
Luxembourg,2023-W11,0.0,0.0,57.0,0.0
Luxembourg,2023-W12,0.0,0.0,57.0,0.0
Luxembourg,2023-W13,0.0,0.0,57.0,0.0
Luxembourg,2023-W14,0.0,0.0,57.0,0.0
Luxembourg,2023-W15,0.0,0.0,57.0,0.0
Luxembourg,2023-W16,0.0,0.0,57.0,0.0
Luxembourg,2023-W17,0.0,0.0,57.0,0.0
Luxembourg,2023-W18,0.0,0.0,57.0,0.0
Luxembourg,2023-W19,0.0,0.0,57.0,0.0
Luxembourg,2023-W20,0.0,0.0,57.0,0.0
Luxembourg,2023-W21,0.0,0.0,57.0,0.0
Luxembourg,2023-W22,0.0,0.0,57.0,0.0
Luxembourg,2023-W23,0.0,0.0,57.0,0.0
Luxembourg,2023-W24,0.0,0.0,57.0,0.0
Luxembourg,2023-W25,0.0,0.0,57.0,0.0
Luxembourg,2023-W26,0.0,0.0,57.0,0.0
Luxembourg,2023-W27,0.0,0.0,57.0,0.0
Luxembourg,2023-W28,0.0,0.0,57.0,0.0
Luxembourg,2023-W29,0.0,0.0,57.0,0.0
Luxembourg,2023-W30,0.0,0.0,57.0,0.0
Luxembourg,2023-W31,0.0,0.0,57.0,0.0
Luxembourg,2023-W32,1.0,0.0,58.0,0.0
Luxembourg,2023-W33,0.0,0.0,58.0,0.0
Luxembourg,2023-W34,0.0,0.0,58.0,0.0
Luxembourg,2023-W35,1.0,0.0,59.0,0.0
Luxembourg,2023-W36,0.0,0.0,59.0,0.0
Luxembourg,2023-W37,0.0,0.0,59.0,0.0
Luxembourg,2023-W38,0.0,0.0,59.0,0.0
Luxembourg,2023-W39,0.0,0.0,59.0,0.0
Luxembourg,2023-W40,0.0,0.0,59.0,0.0
Luxembourg,2023-W41,0.0,0.0,59.0,0.0
Luxembourg,2023-W42,0.0,0.0,59.0,0.0
Luxembourg,2023-W43,0.0,0.0,59.0,0.0
Luxembourg,2023-W44,1.0,0.0,60.0,0.0
Luxembourg,2023-W45,0.0,0.0,60.0,0.0
Luxembourg,2023-W46,0.0,0.0,60.0,0.0
Luxembourg,2023-W47,0.0,0.0,60.0,0.0
Luxembourg,2023-W48,0.0,0.0,60.0,0.0
Luxembourg,2023-W49,0.0,0.0,60.0,0.0
Luxembourg,2023-W50,0.0,0.0,60.0,0.0
Luxembourg,2023-W51,0.0,0.0,60.0,0.0
Luxembourg,2023-W52,0.0,0.0,60.0,0.0
Luxembourg,2024-W01,0.0,0.0,60.0,0.0
Luxembourg,2024-W02,0.0,0.0,60.0,0.0
Luxembourg,2024-W03,0.0,0.0,60.0,0.0
Luxembourg,2024-W04,0.0,0.0,60.0,0.0
Luxembourg,2024-W05,0.0,0.0,60.0,0.0
Luxembourg,2024-W06,0.0,0.0,60.0,0.0
Luxembourg,2024-W07,0.0,0.0,60.0,0.0
Luxembourg,2024-W08,0.0,0.0,60.0,0.0
Luxembourg,2024-W09,1.0,0.0,61.0,0.0
Luxembourg,2024-W10,0.0,0.0,61.0,0.0
Luxembourg,2024-W11,0.0,0.0,61.0,0.0
Luxembourg,2024-W12,0.0,0.0,61.0,0.0
Luxembourg,2024-W13,0.0,0.0,61.0,0.0
Luxembourg,2024-W14,0.0,0.0,61.0,0.0
Luxembourg,2024-W15,0.0,0.0,61.0,0.0
Luxembourg,2024-W16,0.0,0.0,61.0,0.0
Luxembourg,2024-W17,0.0,0.0,61.0,0.0
Luxembourg,2024-W18,0.0,0.0,61.0,0.0
Luxembourg,2024-W19,0.0,0.0,61.0,0.0
Luxembourg,2024-W20,0.0,0.0,61.0,0.0
Luxembourg,2024-W21,0.0,0.0,61.0,0.0
Luxembourg,2024-W22,0.0,0.0,61.0,0.0
Luxembourg,2024-W23,0.0,0.0,61.0,0.0
Luxembourg,2024-W24,0.0,0.0,61.0,0.0
Luxembourg,2024-W25,0.0,0.0,61.0,0.0
Luxembourg,2024-W26,0.0,0.0,61.0,0.0
Luxembourg,2024-W27,0.0,0.0,61.0,0.0
Luxembourg,2024-W28,0.0,0.0,61.0,0.0
Luxembourg,2024-W29,0.0,0.0,61.0,0.0
Luxembourg,2024-W30,0.0,0.0,61.0,0.0
Luxembourg,2024-W31,0.0,0.0,61.0,0.0
Luxembourg,2024-W32,0.0,0.0,61.0,0.0
Luxembourg,2024-W33,0.0,0.0,61.0,0.0
Luxembourg,2024-W34,0.0,0.0,61.0,0.0
Luxembourg,2024-W35,0.0,0.0,61.0,0.0
Luxembourg,2024-W36,0.0,0.0,61.0,0.0
Luxembourg,2024-W37,0.0,0.0,61.0,0.0
Luxembourg,2024-W38,0.0,0.0,61.0,0.0
Luxembourg,2024-W39,0.0,0.0,61.0,0.0
Luxembourg,2024-W40,0.0,0.0,61.0,0.0
Luxembourg,2024-W41,0.0,0.0,61.0,0.0
Luxembourg,2024-W42,0.0,0.0,61.0,0.0
Luxembourg,2024-W43,0.0,0.0,61.0,0.0
Luxembourg,2024-W44,1.0,0.0,62.0,0.0
Luxembourg,2024-W45,0.0,0.0,62.0,0.0
Luxembourg,2024-W46,0.0,0.0,62.0,0.0
Luxembourg,2024-W47,0.0,0.0,62.0,0.0
Luxembourg,2024-W48,0.0,0.0,62.0,0.0
Luxembourg,2024-W49,0.0,0.0,62.0,0.0
Luxembourg,2024-W50,0.0,0.0,62.0,0.0
Luxembourg,2024-W51,0.0,0.0,62.0,0.0
Luxembourg,2024-W52,0.0,0.0,62.0,0.0
Luxembourg,2025-W01,0.0,0.0,62.0,0.0
Luxembourg,2025-W02,0.0,0.0,62.0,0.0
Luxembourg,2025-W03,0.0,0.0,62.0,0.0
Luxembourg,2025-W04,0.0,0.0,62.0,0.0
Luxembourg,2025-W05,0.0,0.0,62.0,0.0
Luxembourg,2025-W06,0.0,0.0,62.0,0.0
Luxembourg,2025-W07,0.0,0.0,62.0,0.0
Luxembourg,2025-W08,0.0,0.0,62.0,0.0
Luxembourg,2025-W09,0.0,0.0,62.0,0.0
Luxembourg,2025-W10,0.0,0.0,62.0,0.0
Luxembourg,2025-W11,0.0,0.0,62.0,0.0
Luxembourg,2025-W12,0.0,0.0,62.0,0.0
Luxembourg,2025-W13,0.0,0.0,62.0,0.0
Luxembourg,2025-W14,0.0,0.0,62.0,0.0
Luxembourg,2025-W15,0.0,0.0,62.0,0.0
Luxembourg,2025-W16,0.0,0.0,62.0,0.0
Luxembourg,2025-W17,0.0,0.0,62.0,0.0
Luxembourg,2025-W18,0.0,0.0,62.0,0.0
Luxembourg,2025-W19,0.0,0.0,62.0,0.0
Luxembourg,2025-W20,1.0,0.0,63.0,0.0
Luxembourg,2025-W21,0.0,0.0,63.0,0.0
Luxembourg,2025-W22,0.0,0.0,63.0,0.0
Luxembourg,2025-W23,0.0,0.0,63.0,0.0
Luxembourg,2025-W24,0.0,0.0,63.0,0.0
Luxembourg,2025-W25,0.0,0.0,63.0,0.0
Luxembourg,2025-W26,0.0,0.0,63.0,0.0
Luxembourg,2025-W27,0.0,0.0,63.0,0.0
Luxembourg,2025-W28,0.0,0.0,63.0,0.0
Luxembourg,2025-W29,0.0,0.0,63.0,0.0
Luxembourg,2025-W30,0.0,0.0,63.0,0.0
Luxembourg,2025-W31,0.0,0.0,63.0,0.0
Luxembourg,2025-W32,0.0,0.0,63.0,0.0
Luxembourg,2025-W33,1.0,0.0,64.0,0.0
Luxembourg,2025-W34,0.0,0.0,64.0,0.0
Luxembourg,2025-W35,0.0,0.0,64.0,0.0
Luxembourg,2025-W36,0.0,0.0,64.0,0.0
Luxembourg,2025-W37,1.0,0.0,65.0,0.0
Luxembourg,2025-W38,0.0,0.0,65.0,0.0
Luxembourg,2025-W39,0.0,0.0,65.0,0.0
Luxembourg,2025-W40,0.0,0.0,65.0,0.0
Luxembourg,2025-W41,1.0,0.0,66.0,0.0
Luxembourg,2025-W42,0.0,0.0,66.0,0.0
Luxembourg,2025-W43,0.0,0.0,66.0,0.0
Luxembourg,2025-W44,0.0,0.0,66.0,0.0
Luxembourg,2025-W45,0.0,0.0,66.0,0.0
Luxembourg,2025-W46,0.0,0.0,66.0,0.0
Luxembourg,2025-W47,0.0,0.0,66.0,0.0
Luxembourg,2025-W48,0.0,0.0,66.0,0.0
Luxembourg,2025-W49,0.0,0.0,66.0,0.0
Luxembourg,2025-W50,0.0,0.0,66.0,0.0
Luxembourg,2025-W51,0.0,0.0,66.0,0.0
Luxembourg,2025-W52,0.0,0.0,66.0,0.0
Madagascar,2025-W50,0.0,0.0,0.0,0.0
Madagascar,2025-W51,5.0,0.0,5.0,0.0
Madagascar,2025-W52,8.0,0.0,13.0,0.0
Malawi,2025-W15,0.0,0.0,0.0,0.0
Malawi,2025-W16,3.0,0.0,3.0,0.0
Malawi,2025-W17,1.0,0.0,4.0,0.0
Malawi,2025-W18,2.0,0.0,6.0,0.0
Malawi,2025-W19,0.0,0.0,6.0,0.0
Malawi,2025-W20,4.0,0.0,10.0,0.0
Malawi,2025-W21,2.0,0.0,12.0,0.0
Malawi,2025-W22,7.0,0.0,19.0,0.0
Malawi,2025-W23,8.0,0.0,27.0,0.0
Malawi,2025-W24,6.0,0.0,33.0,0.0
Malawi,2025-W25,5.0,0.0,38.0,0.0
Malawi,2025-W26,3.0,0.0,41.0,0.0
Malawi,2025-W27,6.0,0.0,47.0,0.0
Malawi,2025-W28,3.0,0.0,50.0,0.0
Malawi,2025-W29,10.0,0.0,60.0,0.0
Malawi,2025-W30,2.0,0.0,62.0,0.0
Malawi,2025-W31,3.0,0.0,65.0,0.0
Malawi,2025-W32,3.0,1.0,68.0,1.0
Malawi,2025-W33,4.0,0.0,72.0,1.0
Malawi,2025-W34,9.0,0.0,81.0,1.0
Malawi,2025-W35,9.0,0.0,90.0,1.0
Malawi,2025-W36,6.0,0.0,96.0,1.0
Malawi,2025-W37,16.0,0.0,112.0,1.0
Malawi,2025-W38,2.0,0.0,114.0,1.0
Malawi,2025-W39,8.0,0.0,122.0,1.0
Malawi,2025-W40,6.0,0.0,128.0,1.0
Malawi,2025-W41,4.0,0.0,132.0,1.0
Malawi,2025-W42,2.0,0.0,134.0,1.0
Malawi,2025-W43,4.0,0.0,138.0,1.0
Malawi,2025-W44,0.0,0.0,138.0,1.0
Malawi,2025-W45,0.0,0.0,138.0,1.0
Malawi,2025-W46,1.0,0.0,139.0,1.0
Malawi,2025-W47,1.0,0.0,140.0,1.0
Malawi,2025-W48,0.0,0.0,140.0,1.0
Malaysia,2023-W33,2.0,0.0,2.0,0.0
Malaysia,2023-W34,0.0,0.0,2.0,0.0
Malaysia,2023-W35,0.0,0.0,2.0,0.0
Malaysia,2023-W36,0.0,0.0,2.0,0.0
Malaysia,2023-W37,0.0,0.0,2.0,0.0
Malaysia,2023-W38,0.0,0.0,2.0,0.0
Malaysia,2023-W39,0.0,0.0,2.0,0.0
Malaysia,2023-W40,0.0,0.0,2.0,0.0
Malaysia,2023-W41,0.0,0.0,2.0,0.0
Malaysia,2023-W42,0.0,0.0,2.0,0.0
Malaysia,2023-W43,0.0,0.0,2.0,0.0
Malaysia,2023-W44,2.0,0.0,4.0,0.0
Malaysia,2023-W45,0.0,0.0,4.0,0.0
Malaysia,2023-W46,0.0,0.0,4.0,0.0
Malaysia,2023-W47,0.0,0.0,4.0,0.0
Malaysia,2023-W48,5.0,0.0,9.0,0.0
Malaysia,2023-W49,0.0,0.0,9.0,0.0
Malaysia,2023-W50,0.0,0.0,9.0,0.0
Malaysia,2023-W51,0.0,0.0,9.0,0.0
Malaysia,2023-W52,0.0,0.0,9.0,0.0
Malaysia,2024-W01,0.0,0.0,9.0,0.0
Malaysia,2024-W02,0.0,0.0,9.0,0.0
Malaysia,2024-W03,0.0,0.0,9.0,0.0
Malaysia,2024-W04,0.0,0.0,9.0,0.0
Malaysia,2024-W05,0.0,0.0,9.0,0.0
Malaysia,2024-W06,0.0,0.0,9.0,0.0
Malaysia,2024-W07,0.0,0.0,9.0,0.0
Malaysia,2024-W08,0.0,0.0,9.0,0.0
Malaysia,2024-W09,0.0,0.0,9.0,0.0
Malaysia,2024-W10,0.0,0.0,9.0,0.0
Malaysia,2024-W11,0.0,0.0,9.0,0.0
Malaysia,2024-W12,0.0,0.0,9.0,0.0
Malaysia,2024-W13,0.0,0.0,9.0,0.0
Malaysia,2024-W14,0.0,0.0,9.0,0.0
Malaysia,2024-W15,0.0,0.0,9.0,0.0
Malaysia,2024-W16,0.0,0.0,9.0,0.0
Malaysia,2024-W17,0.0,0.0,9.0,0.0
Malaysia,2024-W18,0.0,0.0,9.0,0.0
Malaysia,2024-W19,0.0,0.0,9.0,0.0
Malaysia,2024-W20,0.0,0.0,9.0,0.0
Malaysia,2024-W21,0.0,0.0,9.0,0.0
Malaysia,2024-W22,0.0,0.0,9.0,0.0
Malaysia,2024-W23,0.0,0.0,9.0,0.0
Malaysia,2024-W24,0.0,0.0,9.0,0.0
Malaysia,2024-W25,0.0,0.0,9.0,0.0
Malaysia,2024-W26,0.0,0.0,9.0,0.0
Malaysia,2024-W27,0.0,0.0,9.0,0.0
Malaysia,2024-W28,0.0,0.0,9.0,0.0
Malaysia,2024-W29,0.0,0.0,9.0,0.0
Malaysia,2024-W30,0.0,0.0,9.0,0.0
Malaysia,2024-W31,0.0,0.0,9.0,0.0
Malaysia,2024-W32,0.0,0.0,9.0,0.0
Malaysia,2024-W33,0.0,0.0,9.0,0.0
Malaysia,2024-W34,0.0,0.0,9.0,0.0
Malaysia,2024-W35,0.0,0.0,9.0,0.0
Malaysia,2024-W36,0.0,0.0,9.0,0.0
Malaysia,2024-W37,0.0,0.0,9.0,0.0
Malaysia,2024-W38,1.0,0.0,10.0,0.0
Malaysia,2024-W39,0.0,0.0,10.0,0.0
Malaysia,2024-W40,0.0,0.0,10.0,0.0
Malaysia,2024-W41,0.0,0.0,10.0,0.0
Malaysia,2024-W42,0.0,0.0,10.0,0.0
Malaysia,2024-W43,0.0,0.0,10.0,0.0
Malaysia,2024-W44,0.0,0.0,10.0,0.0
Malaysia,2024-W45,0.0,0.0,10.0,0.0
Malaysia,2024-W46,0.0,0.0,10.0,0.0
Malaysia,2024-W47,0.0,0.0,10.0,0.0
Malaysia,2024-W48,0.0,0.0,10.0,0.0
Malaysia,2024-W49,0.0,0.0,10.0,0.0
Malaysia,2024-W50,0.0,0.0,10.0,0.0
Malaysia,2024-W51,0.0,0.0,10.0,0.0
Malaysia,2024-W52,0.0,0.0,10.0,0.0
Malaysia,2025-W01,0.0,0.0,10.0,0.0
Malaysia,2025-W02,2.0,0.0,12.0,0.0
Malaysia,2025-W03,0.0,0.0,12.0,0.0
Malaysia,2025-W04,0.0,0.0,12.0,0.0
Malaysia,2025-W05,0.0,0.0,12.0,0.0
Malaysia,2025-W06,1.0,0.0,13.0,0.0
Malaysia,2025-W07,0.0,0.0,13.0,0.0
Malaysia,2025-W08,0.0,0.0,13.0,0.0
Malaysia,2025-W09,0.0,0.0,13.0,0.0
Malaysia,2025-W10,0.0,0.0,13.0,0.0
Malaysia,2025-W11,0.0,0.0,13.0,0.0
Malaysia,2025-W12,0.0,0.0,13.0,0.0
Malaysia,2025-W13,0.0,0.0,13.0,0.0
Malaysia,2025-W14,2.0,0.0,15.0,0.0
Malaysia,2025-W15,0.0,0.0,15.0,0.0
Malaysia,2025-W16,0.0,0.0,15.0,0.0
Malaysia,2025-W17,0.0,0.0,15.0,0.0
Malaysia,2025-W18,0.0,0.0,15.0,0.0
Malaysia,2025-W19,0.0,0.0,15.0,0.0
Malaysia,2025-W20,0.0,0.0,15.0,0.0
Malaysia,2025-W21,0.0,0.0,15.0,0.0
Malaysia,2025-W22,0.0,0.0,15.0,0.0
Malaysia,2025-W23,0.0,0.0,15.0,0.0
Malaysia,2025-W24,0.0,0.0,15.0,0.0
Malaysia,2025-W25,0.0,0.0,15.0,0.0
Malaysia,2025-W26,0.0,0.0,15.0,0.0
Malaysia,2025-W27,0.0,0.0,15.0,0.0
Malaysia,2025-W28,0.0,0.0,15.0,0.0
Malaysia,2025-W29,0.0,0.0,15.0,0.0
Malaysia,2025-W30,0.0,0.0,15.0,0.0
Malaysia,2025-W31,0.0,0.0,15.0,0.0
Malaysia,2025-W32,0.0,0.0,15.0,0.0
Malaysia,2025-W33,0.0,0.0,15.0,0.0
Malaysia,2025-W34,0.0,0.0,15.0,0.0
Malaysia,2025-W35,0.0,0.0,15.0,0.0
Malaysia,2025-W36,2.0,0.0,17.0,0.0
Malaysia,2025-W37,0.0,0.0,17.0,0.0
Malaysia,2025-W38,0.0,0.0,17.0,0.0
Malaysia,2025-W39,0.0,0.0,17.0,0.0
Malaysia,2025-W40,0.0,0.0,17.0,0.0
Malaysia,2025-W41,0.0,0.0,17.0,0.0
Malaysia,2025-W42,0.0,0.0,17.0,0.0
Malaysia,2025-W43,1.0,0.0,18.0,0.0
Malaysia,2025-W44,0.0,0.0,18.0,0.0
Malaysia,2025-W45,0.0,0.0,18.0,0.0
Malaysia,2025-W46,0.0,0.0,18.0,0.0
Malaysia,2025-W47,0.0,0.0,18.0,0.0
Malaysia,2025-W48,6.0,0.0,24.0,0.0
Malaysia,2025-W49,0.0,0.0,24.0,0.0
Malaysia,2025-W50,0.0,0.0,24.0,0.0
Mali,2025-W45,0.0,0.0,0.0,0.0
Mali,2025-W46,0.0,0.0,0.0,0.0
Mali,2025-W47,1.0,0.0,1.0,0.0
Mali,2025-W48,2.0,0.0,3.0,0.0
Mali,2025-W49,3.0,0.0,6.0,0.0
Mali,2025-W50,4.0,0.0,10.0,0.0
Mali,2025-W51,1.0,0.0,11.0,0.0
Malta,2022-W22,1.0,0.0,1.0,0.0
Malta,2022-W23,0.0,0.0,1.0,0.0
Malta,2022-W24,1.0,0.0,2.0,0.0
Malta,2022-W25,0.0,0.0,2.0,0.0
Malta,2022-W26,4.0,0.0,6.0,0.0
Malta,2022-W27,3.0,0.0,9.0,0.0
Malta,2022-W28,0.0,0.0,9.0,0.0
Malta,2022-W29,8.0,0.0,17.0,0.0
Malta,2022-W30,0.0,0.0,17.0,0.0
Malta,2022-W31,0.0,0.0,17.0,0.0
Malta,2022-W32,13.0,0.0,30.0,0.0
Malta,2022-W33,1.0,0.0,31.0,0.0
Malta,2022-W34,0.0,0.0,31.0,0.0
Malta,2022-W35,0.0,0.0,31.0,0.0
Malta,2022-W36,2.0,0.0,33.0,0.0
Malta,2022-W37,0.0,0.0,33.0,0.0
Malta,2022-W38,0.0,0.0,33.0,0.0
Malta,2022-W39,0.0,0.0,33.0,0.0
Malta,2022-W40,0.0,0.0,33.0,0.0
Malta,2022-W41,0.0,0.0,33.0,0.0
Malta,2022-W42,0.0,0.0,33.0,0.0
Malta,2022-W43,0.0,0.0,33.0,0.0
Malta,2022-W44,0.0,0.0,33.0,0.0
Malta,2022-W45,0.0,0.0,33.0,0.0
Malta,2022-W46,0.0,0.0,33.0,0.0
Malta,2022-W47,0.0,0.0,33.0,0.0
Malta,2022-W48,0.0,0.0,33.0,0.0
Malta,2022-W49,0.0,0.0,33.0,0.0
Malta,2022-W50,0.0,0.0,33.0,0.0
Malta,2022-W51,0.0,0.0,33.0,0.0
Malta,2022-W52,0.0,0.0,33.0,0.0
Malta,2023-W01,0.0,0.0,33.0,0.0
Malta,2023-W02,0.0,0.0,33.0,0.0
Malta,2023-W03,0.0,0.0,33.0,0.0
Malta,2023-W04,0.0,0.0,33.0,0.0
Malta,2023-W05,0.0,0.0,33.0,0.0
Malta,2023-W06,0.0,0.0,33.0,0.0
Malta,2023-W07,0.0,0.0,33.0,0.0
Malta,2023-W08,0.0,0.0,33.0,0.0
Malta,2023-W09,0.0,0.0,33.0,0.0
Malta,2023-W10,0.0,0.0,33.0,0.0
Malta,2023-W11,0.0,0.0,33.0,0.0
Malta,2023-W12,0.0,0.0,33.0,0.0
Malta,2023-W13,1.0,0.0,34.0,0.0
Malta,2023-W14,0.0,0.0,34.0,0.0
Malta,2023-W15,0.0,0.0,34.0,0.0
Malta,2023-W16,0.0,0.0,34.0,0.0
Malta,2023-W17,0.0,0.0,34.0,0.0
Malta,2023-W18,0.0,0.0,34.0,0.0
Malta,2023-W19,0.0,0.0,34.0,0.0
Malta,2023-W20,0.0,0.0,34.0,0.0
Malta,2023-W21,0.0,0.0,34.0,0.0
Malta,2023-W22,0.0,0.0,34.0,0.0
Malta,2023-W23,0.0,0.0,34.0,0.0
Malta,2023-W24,0.0,0.0,34.0,0.0
Malta,2023-W25,0.0,0.0,34.0,0.0
Malta,2023-W26,0.0,0.0,34.0,0.0
Malta,2023-W27,0.0,0.0,34.0,0.0
Malta,2023-W28,0.0,0.0,34.0,0.0
Malta,2023-W29,0.0,0.0,34.0,0.0
Malta,2023-W30,0.0,0.0,34.0,0.0
Malta,2023-W31,0.0,0.0,34.0,0.0
Malta,2023-W32,0.0,0.0,34.0,0.0
Malta,2023-W33,0.0,0.0,34.0,0.0
Malta,2023-W34,0.0,0.0,34.0,0.0
Malta,2023-W35,0.0,0.0,34.0,0.0
Malta,2023-W36,0.0,0.0,34.0,0.0
Malta,2023-W37,0.0,0.0,34.0,0.0
Malta,2023-W38,0.0,0.0,34.0,0.0
Malta,2023-W39,0.0,0.0,34.0,0.0
Malta,2023-W40,0.0,0.0,34.0,0.0
Malta,2023-W41,0.0,0.0,34.0,0.0
Malta,2023-W42,0.0,0.0,34.0,0.0
Malta,2023-W43,0.0,0.0,34.0,0.0
Malta,2023-W44,1.0,0.0,35.0,0.0
Malta,2023-W45,0.0,0.0,35.0,0.0
Malta,2023-W46,0.0,0.0,35.0,0.0
Malta,2023-W47,0.0,0.0,35.0,0.0
Malta,2023-W48,0.0,0.0,35.0,0.0
Malta,2023-W49,0.0,0.0,35.0,0.0
Malta,2023-W50,0.0,0.0,35.0,0.0
Malta,2023-W51,0.0,0.0,35.0,0.0
Malta,2023-W52,0.0,0.0,35.0,0.0
Malta,2024-W01,0.0,0.0,35.0,0.0
Malta,2024-W02,0.0,0.0,35.0,0.0
Malta,2024-W03,0.0,0.0,35.0,0.0
Malta,2024-W04,0.0,0.0,35.0,0.0
Malta,2024-W05,0.0,0.0,35.0,0.0
Malta,2024-W06,0.0,0.0,35.0,0.0
Malta,2024-W07,0.0,0.0,35.0,0.0
Malta,2024-W08,0.0,0.0,35.0,0.0
Malta,2024-W09,0.0,0.0,35.0,0.0
Malta,2024-W10,0.0,0.0,35.0,0.0
Malta,2024-W11,0.0,0.0,35.0,0.0
Malta,2024-W12,0.0,0.0,35.0,0.0
Malta,2024-W13,0.0,0.0,35.0,0.0
Malta,2024-W14,0.0,0.0,35.0,0.0
Malta,2024-W15,0.0,0.0,35.0,0.0
Malta,2024-W16,0.0,0.0,35.0,0.0
Malta,2024-W17,0.0,0.0,35.0,0.0
Malta,2024-W18,0.0,0.0,35.0,0.0
Malta,2024-W19,0.0,0.0,35.0,0.0
Malta,2024-W20,0.0,0.0,35.0,0.0
Malta,2024-W21,0.0,0.0,35.0,0.0
Malta,2024-W22,0.0,0.0,35.0,0.0
Malta,2024-W23,0.0,0.0,35.0,0.0
Malta,2024-W24,0.0,0.0,35.0,0.0
Malta,2024-W25,0.0,0.0,35.0,0.0
Malta,2024-W26,0.0,0.0,35.0,0.0
Malta,2024-W27,0.0,0.0,35.0,0.0
Malta,2024-W28,0.0,0.0,35.0,0.0
Malta,2024-W29,0.0,0.0,35.0,0.0
Malta,2024-W30,0.0,0.0,35.0,0.0
Malta,2024-W31,0.0,0.0,35.0,0.0
Malta,2024-W32,0.0,0.0,35.0,0.0
Malta,2024-W33,0.0,0.0,35.0,0.0
Malta,2024-W34,0.0,0.0,35.0,0.0
Malta,2024-W35,2.0,0.0,37.0,0.0
Malta,2024-W36,0.0,0.0,37.0,0.0
Malta,2024-W37,0.0,0.0,37.0,0.0
Malta,2024-W38,0.0,0.0,37.0,0.0
Malta,2024-W39,0.0,0.0,37.0,0.0
Malta,2024-W40,0.0,0.0,37.0,0.0
Malta,2024-W41,0.0,0.0,37.0,0.0
Malta,2024-W42,0.0,0.0,37.0,0.0
Malta,2024-W43,0.0,0.0,37.0,0.0
Malta,2024-W44,1.0,0.0,38.0,0.0
Malta,2024-W45,0.0,0.0,38.0,0.0
Malta,2024-W46,0.0,0.0,38.0,0.0
Malta,2024-W47,0.0,0.0,38.0,0.0
Malta,2024-W48,0.0,0.0,38.0,0.0
Malta,2024-W49,0.0,0.0,38.0,0.0
Malta,2024-W50,0.0,0.0,38.0,0.0
Malta,2024-W51,0.0,0.0,38.0,0.0
Malta,2024-W52,0.0,0.0,38.0,0.0
Malta,2025-W01,3.0,0.0,41.0,0.0
Malta,2025-W02,3.0,0.0,44.0,0.0
Malta,2025-W03,0.0,0.0,44.0,0.0
Malta,2025-W04,0.0,0.0,44.0,0.0
Malta,2025-W05,0.0,0.0,44.0,0.0
Malta,2025-W06,0.0,0.0,44.0,0.0
Malta,2025-W07,0.0,0.0,44.0,0.0
Malta,2025-W08,0.0,0.0,44.0,0.0
Malta,2025-W09,0.0,0.0,44.0,0.0
Malta,2025-W10,0.0,0.0,44.0,0.0
Malta,2025-W11,0.0,0.0,44.0,0.0
Malta,2025-W12,0.0,0.0,44.0,0.0
Malta,2025-W13,0.0,0.0,44.0,0.0
Malta,2025-W14,1.0,0.0,45.0,0.0
Malta,2025-W15,0.0,0.0,45.0,0.0
Malta,2025-W16,0.0,0.0,45.0,0.0
Malta,2025-W17,0.0,0.0,45.0,0.0
Malta,2025-W18,0.0,0.0,45.0,0.0
Malta,2025-W19,0.0,0.0,45.0,0.0
Malta,2025-W20,3.0,0.0,48.0,0.0
Malta,2025-W21,0.0,0.0,48.0,0.0
Malta,2025-W22,0.0,0.0,48.0,0.0
Malta,2025-W23,0.0,0.0,48.0,0.0
Malta,2025-W24,1.0,0.0,49.0,0.0
Malta,2025-W25,0.0,0.0,49.0,0.0
Malta,2025-W26,0.0,0.0,49.0,0.0
Malta,2025-W27,0.0,0.0,49.0,0.0
Malta,2025-W28,0.0,0.0,49.0,0.0
Malta,2025-W29,0.0,0.0,49.0,0.0
Malta,2025-W30,0.0,0.0,49.0,0.0
Malta,2025-W31,0.0,0.0,49.0,0.0
Malta,2025-W32,0.0,0.0,49.0,0.0
Malta,2025-W33,0.0,0.0,49.0,0.0
Malta,2025-W34,0.0,0.0,49.0,0.0
Malta,2025-W35,0.0,0.0,49.0,0.0
Malta,2025-W36,0.0,0.0,49.0,0.0
Malta,2025-W37,0.0,0.0,49.0,0.0
Malta,2025-W38,0.0,0.0,49.0,0.0
Malta,2025-W39,0.0,0.0,49.0,0.0
Malta,2025-W40,0.0,0.0,49.0,0.0
Malta,2025-W41,0.0,0.0,49.0,0.0
Malta,2025-W42,0.0,0.0,49.0,0.0
Malta,2025-W43,0.0,0.0,49.0,0.0
Malta,2025-W44,0.0,0.0,49.0,0.0
Malta,2025-W45,0.0,0.0,49.0,0.0
Malta,2025-W46,0.0,0.0,49.0,0.0
Malta,2025-W47,0.0,0.0,49.0,0.0
Malta,2025-W48,0.0,0.0,49.0,0.0
Malta,2025-W49,0.0,0.0,49.0,0.0
Malta,2025-W50,0.0,0.0,49.0,0.0
Malta,2025-W51,0.0,0.0,49.0,0.0
Malta,2025-W52,0.0,0.0,49.0,0.0
Martinique,2022-W29,1.0,0.0,1.0,0.0
Martinique,2022-W30,0.0,0.0,1.0,0.0
Martinique,2022-W31,0.0,0.0,1.0,0.0
Martinique,2022-W32,0.0,0.0,1.0,0.0
Martinique,2022-W33,0.0,0.0,1.0,0.0
Martinique,2022-W34,0.0,0.0,1.0,0.0
Martinique,2022-W35,0.0,0.0,1.0,0.0
Martinique,2022-W36,0.0,0.0,1.0,0.0
Martinique,2022-W37,0.0,0.0,1.0,0.0
Martinique,2022-W38,0.0,0.0,1.0,0.0
Martinique,2022-W39,0.0,0.0,1.0,0.0
Martinique,2022-W40,0.0,0.0,1.0,0.0
Martinique,2022-W41,0.0,0.0,1.0,0.0
Martinique,2022-W42,0.0,0.0,1.0,0.0
Martinique,2022-W43,0.0,0.0,1.0,0.0
Martinique,2022-W44,0.0,0.0,1.0,0.0
Martinique,2022-W45,0.0,0.0,1.0,0.0
Martinique,2022-W46,0.0,0.0,1.0,0.0
Martinique,2022-W47,0.0,0.0,1.0,0.0
Martinique,2022-W48,0.0,0.0,1.0,0.0
Martinique,2022-W49,0.0,0.0,1.0,0.0
Martinique,2022-W50,0.0,0.0,1.0,0.0
Martinique,2022-W51,0.0,0.0,1.0,0.0
Martinique,2022-W52,0.0,0.0,1.0,0.0
Martinique,2023-W01,0.0,0.0,1.0,0.0
Martinique,2023-W02,6.0,0.0,7.0,0.0
Martinique,2023-W03,0.0,0.0,7.0,0.0
Martinique,2023-W04,0.0,0.0,7.0,0.0
Martinique,2023-W05,0.0,0.0,7.0,0.0
Martinique,2023-W06,0.0,0.0,7.0,0.0
Martinique,2023-W07,0.0,0.0,7.0,0.0
Martinique,2023-W08,0.0,0.0,7.0,0.0
Martinique,2023-W09,0.0,0.0,7.0,0.0
Martinique,2023-W10,0.0,0.0,7.0,0.0
Martinique,2023-W11,0.0,0.0,7.0,0.0
Martinique,2023-W12,0.0,0.0,7.0,0.0
Martinique,2023-W13,0.0,0.0,7.0,0.0
Martinique,2023-W14,0.0,0.0,7.0,0.0
Martinique,2023-W15,0.0,0.0,7.0,0.0
Martinique,2023-W16,0.0,0.0,7.0,0.0
Martinique,2023-W17,0.0,0.0,7.0,0.0
Martinique,2023-W18,0.0,0.0,7.0,0.0
Martinique,2023-W19,0.0,0.0,7.0,0.0
Martinique,2023-W20,0.0,0.0,7.0,0.0
Martinique,2023-W21,0.0,0.0,7.0,0.0
Martinique,2023-W22,0.0,0.0,7.0,0.0
Martinique,2023-W23,0.0,0.0,7.0,0.0
Martinique,2023-W24,0.0,0.0,7.0,0.0
Martinique,2023-W25,0.0,0.0,7.0,0.0
Martinique,2023-W26,0.0,0.0,7.0,0.0
Martinique,2023-W27,0.0,0.0,7.0,0.0
Martinique,2023-W28,0.0,0.0,7.0,0.0
Martinique,2023-W29,0.0,0.0,7.0,0.0
Martinique,2023-W30,0.0,0.0,7.0,0.0
Martinique,2023-W31,0.0,0.0,7.0,0.0
Martinique,2023-W32,0.0,0.0,7.0,0.0
Martinique,2023-W33,0.0,0.0,7.0,0.0
Martinique,2023-W34,0.0,0.0,7.0,0.0
Martinique,2023-W35,0.0,0.0,7.0,0.0
Martinique,2023-W36,0.0,0.0,7.0,0.0
Martinique,2023-W37,0.0,0.0,7.0,0.0
Martinique,2023-W38,0.0,0.0,7.0,0.0
Martinique,2023-W39,0.0,0.0,7.0,0.0
Martinique,2023-W40,0.0,0.0,7.0,0.0
Martinique,2023-W41,0.0,0.0,7.0,0.0
Martinique,2023-W42,0.0,0.0,7.0,0.0
Martinique,2023-W43,0.0,0.0,7.0,0.0
Martinique,2023-W44,0.0,0.0,7.0,0.0
Martinique,2023-W45,0.0,0.0,7.0,0.0
Martinique,2023-W46,0.0,0.0,7.0,0.0
Martinique,2023-W47,0.0,0.0,7.0,0.0
Martinique,2023-W48,0.0,0.0,7.0,0.0
Martinique,2023-W49,0.0,0.0,7.0,0.0
Martinique,2023-W50,0.0,0.0,7.0,0.0
Martinique,2023-W51,0.0,0.0,7.0,0.0
Martinique,2023-W52,0.0,0.0,7.0,0.0
Martinique,2024-W01,0.0,0.0,7.0,0.0
Martinique,2024-W02,0.0,0.0,7.0,0.0
Martinique,2024-W03,0.0,0.0,7.0,0.0
Martinique,2024-W04,0.0,0.0,7.0,0.0
Martinique,2024-W05,0.0,0.0,7.0,0.0
Martinique,2024-W06,0.0,0.0,7.0,0.0
Martinique,2024-W07,0.0,0.0,7.0,0.0
Martinique,2024-W08,0.0,0.0,7.0,0.0
Martinique,2024-W09,0.0,0.0,7.0,0.0
Martinique,2024-W10,0.0,0.0,7.0,0.0
Martinique,2024-W11,0.0,0.0,7.0,0.0
Martinique,2024-W12,0.0,0.0,7.0,0.0
Martinique,2024-W13,0.0,0.0,7.0,0.0
Martinique,2024-W14,0.0,0.0,7.0,0.0
Martinique,2024-W15,0.0,0.0,7.0,0.0
Martinique,2024-W16,0.0,0.0,7.0,0.0
Martinique,2024-W17,0.0,0.0,7.0,0.0
Martinique,2024-W18,0.0,0.0,7.0,0.0
Martinique,2024-W19,0.0,0.0,7.0,0.0
Martinique,2024-W20,0.0,0.0,7.0,0.0
Martinique,2024-W21,0.0,0.0,7.0,0.0
Martinique,2024-W22,0.0,0.0,7.0,0.0
Martinique,2024-W23,0.0,0.0,7.0,0.0
Martinique,2024-W24,0.0,0.0,7.0,0.0
Martinique,2024-W25,0.0,0.0,7.0,0.0
Martinique,2024-W26,0.0,0.0,7.0,0.0
Martinique,2024-W27,0.0,0.0,7.0,0.0
Martinique,2024-W28,0.0,0.0,7.0,0.0
Martinique,2024-W29,0.0,0.0,7.0,0.0
Martinique,2024-W30,0.0,0.0,7.0,0.0
Martinique,2024-W31,0.0,0.0,7.0,0.0
Martinique,2024-W32,0.0,0.0,7.0,0.0
Martinique,2024-W33,0.0,0.0,7.0,0.0
Martinique,2024-W34,0.0,0.0,7.0,0.0
Martinique,2024-W35,0.0,0.0,7.0,0.0
Martinique,2024-W36,0.0,0.0,7.0,0.0
Martinique,2024-W37,0.0,0.0,7.0,0.0
Martinique,2024-W38,0.0,0.0,7.0,0.0
Martinique,2024-W39,0.0,0.0,7.0,0.0
Martinique,2024-W40,0.0,0.0,7.0,0.0
Martinique,2024-W41,0.0,0.0,7.0,0.0
Martinique,2024-W42,0.0,0.0,7.0,0.0
Martinique,2024-W43,0.0,0.0,7.0,0.0
Martinique,2024-W44,0.0,0.0,7.0,0.0
Martinique,2024-W45,0.0,0.0,7.0,0.0
Martinique,2024-W46,0.0,0.0,7.0,0.0
Martinique,2024-W47,0.0,0.0,7.0,0.0
Martinique,2024-W48,0.0,0.0,7.0,0.0
Martinique,2024-W49,0.0,0.0,7.0,0.0
Martinique,2024-W50,0.0,0.0,7.0,0.0
Martinique,2024-W51,0.0,0.0,7.0,0.0
Martinique,2024-W52,0.0,0.0,7.0,0.0
Martinique,2025-W01,0.0,0.0,7.0,0.0
Martinique,2025-W02,0.0,0.0,7.0,0.0
Martinique,2025-W03,0.0,0.0,7.0,0.0
Martinique,2025-W04,0.0,0.0,7.0,0.0
Martinique,2025-W05,0.0,0.0,7.0,0.0
Martinique,2025-W06,0.0,0.0,7.0,0.0
Martinique,2025-W07,0.0,0.0,7.0,0.0
Martinique,2025-W08,0.0,0.0,7.0,0.0
Martinique,2025-W09,0.0,0.0,7.0,0.0
Martinique,2025-W10,0.0,0.0,7.0,0.0
Martinique,2025-W11,0.0,0.0,7.0,0.0
Martinique,2025-W12,0.0,0.0,7.0,0.0
Martinique,2025-W13,0.0,0.0,7.0,0.0
Martinique,2025-W14,0.0,0.0,7.0,0.0
Martinique,2025-W15,0.0,0.0,7.0,0.0
Martinique,2025-W16,0.0,0.0,7.0,0.0
Martinique,2025-W17,0.0,0.0,7.0,0.0
Martinique,2025-W18,0.0,0.0,7.0,0.0
Martinique,2025-W19,0.0,0.0,7.0,0.0
Martinique,2025-W20,0.0,0.0,7.0,0.0
Martinique,2025-W21,0.0,0.0,7.0,0.0
Martinique,2025-W22,0.0,0.0,7.0,0.0
Martinique,2025-W23,0.0,0.0,7.0,0.0
Martinique,2025-W24,0.0,0.0,7.0,0.0
Martinique,2025-W25,0.0,0.0,7.0,0.0
Martinique,2025-W26,0.0,0.0,7.0,0.0
Martinique,2025-W27,0.0,0.0,7.0,0.0
Martinique,2025-W28,0.0,0.0,7.0,0.0
Martinique,2025-W29,0.0,0.0,7.0,0.0
Martinique,2025-W30,0.0,0.0,7.0,0.0
Martinique,2025-W31,0.0,0.0,7.0,0.0
Martinique,2025-W32,0.0,0.0,7.0,0.0
Martinique,2025-W33,0.0,0.0,7.0,0.0
Martinique,2025-W34,0.0,0.0,7.0,0.0
Martinique,2025-W35,0.0,0.0,7.0,0.0
Martinique,2025-W36,0.0,0.0,7.0,0.0
Martinique,2025-W37,0.0,0.0,7.0,0.0
Martinique,2025-W38,0.0,0.0,7.0,0.0
Martinique,2025-W39,0.0,0.0,7.0,0.0
Martinique,2025-W40,0.0,0.0,7.0,0.0
Martinique,2025-W41,0.0,0.0,7.0,0.0
Martinique,2025-W42,0.0,0.0,7.0,0.0
Martinique,2025-W43,0.0,0.0,7.0,0.0
Martinique,2025-W44,0.0,0.0,7.0,0.0
Martinique,2025-W45,0.0,0.0,7.0,0.0
Martinique,2025-W46,0.0,0.0,7.0,0.0
Martinique,2025-W47,0.0,0.0,7.0,0.0
Martinique,2025-W48,0.0,0.0,7.0,0.0
Martinique,2025-W49,0.0,0.0,7.0,0.0
Martinique,2025-W50,0.0,0.0,7.0,0.0
Martinique,2025-W51,0.0,0.0,7.0,0.0
Martinique,2025-W52,0.0,0.0,7.0,0.0
Martinique,2026-W01,0.0,0.0,7.0,0.0
Mauritius,2024-W42,0.0,0.0,0.0,0.0
Mauritius,2024-W43,1.0,0.0,1.0,0.0
Mauritius,2024-W44,0.0,0.0,1.0,0.0
Mauritius,2024-W45,0.0,0.0,1.0,0.0
Mauritius,2024-W46,0.0,0.0,1.0,0.0
Mauritius,2024-W47,0.0,0.0,1.0,0.0
Mauritius,2024-W48,0.0,0.0,1.0,0.0
Mauritius,2024-W49,0.0,0.0,1.0,0.0
Mauritius,2024-W50,0.0,0.0,1.0,0.0
Mauritius,2024-W51,0.0,0.0,1.0,0.0
Mexico,2022-W20,1.0,0.0,1.0,0.0
Mexico,2022-W21,0.0,0.0,1.0,0.0
Mexico,2022-W22,4.0,0.0,5.0,0.0
Mexico,2022-W23,9.0,0.0,14.0,0.0
Mexico,2022-W24,7.0,0.0,21.0,0.0
Mexico,2022-W25,10.0,0.0,31.0,0.0
Mexico,2022-W26,10.0,0.0,41.0,0.0
Mexico,2022-W27,18.0,0.0,59.0,0.0
Mexico,2022-W28,26.0,1.0,85.0,1.0
Mexico,2022-W29,57.0,0.0,142.0,1.0
Mexico,2022-W30,84.0,0.0,226.0,1.0
Mexico,2022-W31,132.0,0.0,358.0,1.0
Mexico,2022-W32,161.0,2.0,519.0,3.0
Mexico,2022-W33,199.0,0.0,718.0,3.0
Mexico,2022-W34,260.0,1.0,978.0,4.0
Mexico,2022-W35,269.0,0.0,1247.0,4.0
Mexico,2022-W36,309.0,2.0,1556.0,6.0
Mexico,2022-W37,288.0,1.0,1844.0,7.0
Mexico,2022-W38,287.0,2.0,2131.0,9.0
Mexico,2022-W39,247.0,2.0,2378.0,11.0
Mexico,2022-W40,230.0,0.0,2608.0,11.0
Mexico,2022-W41,227.0,1.0,2835.0,12.0
Mexico,2022-W42,164.0,0.0,2999.0,12.0
Mexico,2022-W43,155.0,1.0,3154.0,13.0
Mexico,2022-W44,138.0,2.0,3292.0,15.0
Mexico,2022-W45,97.0,1.0,3389.0,16.0
Mexico,2022-W46,96.0,2.0,3485.0,18.0
Mexico,2022-W47,71.0,1.0,3556.0,19.0
Mexico,2022-W48,70.0,1.0,3626.0,20.0
Mexico,2022-W49,48.0,0.0,3674.0,20.0
Mexico,2022-W50,35.0,1.0,3709.0,21.0
Mexico,2022-W51,28.0,0.0,3737.0,21.0
Mexico,2022-W52,31.0,0.0,3768.0,21.0
Mexico,2023-W01,42.0,2.0,3810.0,23.0
Mexico,2023-W02,36.0,1.0,3846.0,24.0
Mexico,2023-W03,23.0,0.0,3869.0,24.0
Mexico,2023-W04,28.0,0.0,3897.0,24.0
Mexico,2023-W05,25.0,0.0,3922.0,24.0
Mexico,2023-W06,19.0,1.0,3941.0,25.0
Mexico,2023-W07,23.0,1.0,3964.0,26.0
Mexico,2023-W08,10.0,0.0,3974.0,26.0
Mexico,2023-W09,7.0,0.0,3981.0,26.0
Mexico,2023-W10,5.0,3.0,3986.0,29.0
Mexico,2023-W11,8.0,0.0,3994.0,29.0
Mexico,2023-W12,7.0,1.0,4001.0,30.0
Mexico,2023-W13,4.0,0.0,4005.0,30.0
Mexico,2023-W14,5.0,0.0,4010.0,30.0
Mexico,2023-W15,3.0,0.0,4013.0,30.0
Mexico,2023-W16,3.0,0.0,4016.0,30.0
Mexico,2023-W17,6.0,1.0,4022.0,31.0
Mexico,2023-W18,1.0,0.0,4023.0,31.0
Mexico,2023-W19,0.0,1.0,4023.0,32.0
Mexico,2023-W20,2.0,0.0,4025.0,32.0
Mexico,2023-W21,3.0,0.0,4028.0,32.0
Mexico,2023-W22,4.0,0.0,4032.0,32.0
Mexico,2023-W23,1.0,0.0,4033.0,32.0
Mexico,2023-W24,1.0,0.0,4034.0,32.0
Mexico,2023-W25,3.0,0.0,4037.0,32.0
Mexico,2023-W26,7.0,1.0,4044.0,33.0
Mexico,2023-W27,2.0,0.0,4046.0,33.0
Mexico,2023-W28,3.0,0.0,4049.0,33.0
Mexico,2023-W29,3.0,1.0,4052.0,34.0
Mexico,2023-W30,2.0,0.0,4054.0,34.0
Mexico,2023-W31,2.0,0.0,4056.0,34.0
Mexico,2023-W32,3.0,0.0,4059.0,34.0
Mexico,2023-W33,3.0,0.0,4062.0,34.0
Mexico,2023-W34,1.0,0.0,4063.0,34.0
Mexico,2023-W35,0.0,0.0,4063.0,34.0
Mexico,2023-W36,1.0,0.0,4064.0,34.0
Mexico,2023-W37,0.0,0.0,4064.0,34.0
Mexico,2023-W38,1.0,0.0,4065.0,34.0
Mexico,2023-W39,1.0,0.0,4066.0,34.0
Mexico,2023-W40,1.0,0.0,4067.0,34.0
Mexico,2023-W41,1.0,0.0,4068.0,34.0
Mexico,2023-W42,1.0,0.0,4069.0,34.0
Mexico,2023-W43,1.0,0.0,4070.0,34.0
Mexico,2023-W44,2.0,0.0,4072.0,34.0
Mexico,2023-W45,1.0,0.0,4073.0,34.0
Mexico,2023-W46,2.0,0.0,4075.0,34.0
Mexico,2023-W47,1.0,0.0,4076.0,34.0
Mexico,2023-W48,2.0,0.0,4078.0,34.0
Mexico,2023-W49,1.0,0.0,4079.0,34.0
Mexico,2023-W50,0.0,0.0,4079.0,34.0
Mexico,2023-W51,0.0,0.0,4079.0,34.0
Mexico,2023-W52,1.0,0.0,4080.0,34.0
Mexico,2024-W01,0.0,0.0,4080.0,34.0
Mexico,2024-W02,0.0,0.0,4080.0,34.0
Mexico,2024-W03,0.0,0.0,4080.0,34.0
Mexico,2024-W04,1.0,0.0,4081.0,34.0
Mexico,2024-W05,1.0,0.0,4082.0,34.0
Mexico,2024-W06,0.0,0.0,4082.0,34.0
Mexico,2024-W07,2.0,0.0,4084.0,34.0
Mexico,2024-W08,1.0,0.0,4085.0,34.0
Mexico,2024-W09,0.0,0.0,4085.0,34.0
Mexico,2024-W10,0.0,0.0,4085.0,34.0
Mexico,2024-W11,0.0,0.0,4085.0,34.0
Mexico,2024-W12,0.0,0.0,4085.0,34.0
Mexico,2024-W13,0.0,0.0,4085.0,34.0
Mexico,2024-W14,2.0,0.0,4087.0,34.0
Mexico,2024-W15,2.0,0.0,4089.0,34.0
Mexico,2024-W16,1.0,0.0,4090.0,34.0
Mexico,2024-W17,0.0,0.0,4090.0,34.0
Mexico,2024-W18,4.0,0.0,4094.0,34.0
Mexico,2024-W19,1.0,0.0,4095.0,34.0
Mexico,2024-W20,3.0,0.0,4098.0,34.0
Mexico,2024-W21,4.0,0.0,4102.0,34.0
Mexico,2024-W22,1.0,0.0,4103.0,34.0
Mexico,2024-W23,7.0,0.0,4110.0,34.0
Mexico,2024-W24,3.0,0.0,4113.0,34.0
Mexico,2024-W25,4.0,0.0,4117.0,34.0
Mexico,2024-W26,1.0,0.0,4118.0,34.0
Mexico,2024-W27,4.0,0.0,4122.0,34.0
Mexico,2024-W28,3.0,0.0,4125.0,34.0
Mexico,2024-W29,1.0,0.0,4126.0,34.0
Mexico,2024-W30,0.0,0.0,4126.0,34.0
Mexico,2024-W31,3.0,0.0,4129.0,34.0
Mexico,2024-W32,4.0,0.0,4133.0,34.0
Mexico,2024-W33,2.0,0.0,4135.0,34.0
Mexico,2024-W34,6.0,0.0,4141.0,34.0
Mexico,2024-W35,11.0,0.0,4152.0,34.0
Mexico,2024-W36,4.0,0.0,4156.0,34.0
Mexico,2024-W37,7.0,1.0,4163.0,35.0
Mexico,2024-W38,2.0,0.0,4165.0,35.0
Mexico,2024-W39,2.0,0.0,4167.0,35.0
Mexico,2024-W40,11.0,0.0,4178.0,35.0
Mexico,2024-W41,3.0,0.0,4181.0,35.0
Mexico,2024-W42,3.0,0.0,4184.0,35.0
Mexico,2024-W43,3.0,0.0,4187.0,35.0
Mexico,2024-W44,3.0,0.0,4190.0,35.0
Mexico,2024-W45,1.0,0.0,4191.0,35.0
Mexico,2024-W46,1.0,0.0,4192.0,35.0
Mexico,2024-W47,0.0,0.0,4192.0,35.0
Mexico,2024-W48,0.0,0.0,4192.0,35.0
Mexico,2024-W49,1.0,0.0,4193.0,35.0
Mexico,2024-W50,2.0,0.0,4195.0,35.0
Mexico,2024-W51,4.0,0.0,4199.0,35.0
Mexico,2024-W52,4.0,0.0,4203.0,35.0
Mexico,2025-W01,2.0,0.0,4205.0,35.0
Mexico,2025-W02,1.0,0.0,4206.0,35.0
Mexico,2025-W03,4.0,0.0,4210.0,35.0
Mexico,2025-W04,2.0,0.0,4212.0,35.0
Mexico,2025-W05,2.0,0.0,4214.0,35.0
Mexico,2025-W06,6.0,0.0,4220.0,35.0
Mexico,2025-W07,8.0,0.0,4228.0,35.0
Mexico,2025-W08,9.0,0.0,4237.0,35.0
Mexico,2025-W09,11.0,0.0,4248.0,35.0
Mexico,2025-W10,7.0,0.0,4255.0,35.0
Mexico,2025-W11,8.0,0.0,4263.0,35.0
Mexico,2025-W12,15.0,0.0,4278.0,35.0
Mexico,2025-W13,7.0,0.0,4285.0,35.0
Mexico,2025-W14,11.0,0.0,4296.0,35.0
Mexico,2025-W15,14.0,0.0,4310.0,35.0
Mexico,2025-W16,21.0,0.0,4331.0,35.0
Mexico,2025-W17,20.0,0.0,4351.0,35.0
Mexico,2025-W18,32.0,0.0,4383.0,35.0
Mexico,2025-W19,31.0,1.0,4414.0,36.0
Mexico,2025-W20,37.0,0.0,4451.0,36.0
Mexico,2025-W21,28.0,0.0,4479.0,36.0
Mexico,2025-W22,42.0,0.0,4521.0,36.0
Mexico,2025-W23,19.0,0.0,4540.0,36.0
Mexico,2025-W24,24.0,1.0,4564.0,37.0
Mexico,2025-W25,19.0,0.0,4583.0,37.0
Mexico,2025-W26,16.0,0.0,4599.0,37.0
Mexico,2025-W27,23.0,0.0,4622.0,37.0
Mexico,2025-W28,24.0,1.0,4646.0,38.0
Mexico,2025-W29,32.0,0.0,4678.0,38.0
Mexico,2025-W30,27.0,0.0,4705.0,38.0
Mexico,2025-W31,21.0,0.0,4726.0,38.0
Mexico,2025-W32,20.0,0.0,4746.0,38.0
Mexico,2025-W33,31.0,0.0,4777.0,38.0
Mexico,2025-W34,27.0,0.0,4804.0,38.0
Mexico,2025-W35,16.0,1.0,4820.0,39.0
Mexico,2025-W36,24.0,0.0,4844.0,39.0
Mexico,2025-W37,13.0,0.0,4857.0,39.0
Mexico,2025-W38,13.0,0.0,4870.0,39.0
Mexico,2025-W39,11.0,0.0,4881.0,39.0
Mexico,2025-W40,14.0,0.0,4895.0,39.0
Mexico,2025-W41,19.0,0.0,4914.0,39.0
Mexico,2025-W42,13.0,1.0,4927.0,40.0
Mexico,2025-W43,17.0,0.0,4944.0,40.0
Mexico,2025-W44,5.0,0.0,4949.0,40.0
Mexico,2025-W45,5.0,0.0,4954.0,40.0
Mexico,2025-W46,5.0,0.0,4959.0,40.0
Mexico,2025-W47,2.0,0.0,4961.0,40.0
Mexico,2025-W48,0.0,0.0,4961.0,40.0
Mexico,2025-W49,0.0,0.0,4961.0,40.0
Mexico,2025-W50,0.0,0.0,4961.0,40.0
Mexico,2025-W51,0.0,0.0,4961.0,40.0
Mexico,2025-W52,0.0,0.0,4961.0,40.0
Mexico,2026-W01,0.0,0.0,4961.0,40.0
Moldova,2022-W32,1.0,0.0,1.0,0.0
Moldova,2022-W33,1.0,0.0,2.0,0.0
Moldova,2022-W34,0.0,0.0,2.0,0.0
Moldova,2022-W35,0.0,0.0,2.0,0.0
Moldova,2022-W36,0.0,0.0,2.0,0.0
Moldova,2022-W37,0.0,0.0,2.0,0.0
Moldova,2022-W38,0.0,0.0,2.0,0.0
Moldova,2022-W39,0.0,0.0,2.0,0.0
Moldova,2022-W40,0.0,0.0,2.0,0.0
Moldova,2022-W41,0.0,0.0,2.0,0.0
Moldova,2022-W42,0.0,0.0,2.0,0.0
Moldova,2022-W43,0.0,0.0,2.0,0.0
Moldova,2022-W44,0.0,0.0,2.0,0.0
Moldova,2022-W45,0.0,0.0,2.0,0.0
Moldova,2022-W46,0.0,0.0,2.0,0.0
Moldova,2022-W47,0.0,0.0,2.0,0.0
Moldova,2022-W48,0.0,0.0,2.0,0.0
Moldova,2022-W49,0.0,0.0,2.0,0.0
Moldova,2022-W50,0.0,0.0,2.0,0.0
Moldova,2022-W51,0.0,0.0,2.0,0.0
Moldova,2022-W52,0.0,0.0,2.0,0.0
Moldova,2023-W01,0.0,0.0,2.0,0.0
Moldova,2023-W02,0.0,0.0,2.0,0.0
Moldova,2023-W03,0.0,0.0,2.0,0.0
Moldova,2023-W04,0.0,0.0,2.0,0.0
Moldova,2023-W05,0.0,0.0,2.0,0.0
Moldova,2023-W06,0.0,0.0,2.0,0.0
Moldova,2023-W07,0.0,0.0,2.0,0.0
Moldova,2023-W08,0.0,0.0,2.0,0.0
Moldova,2023-W09,0.0,0.0,2.0,0.0
Moldova,2023-W10,0.0,0.0,2.0,0.0
Moldova,2023-W11,0.0,0.0,2.0,0.0
Moldova,2023-W12,0.0,0.0,2.0,0.0
Moldova,2023-W13,0.0,0.0,2.0,0.0
Moldova,2023-W14,0.0,0.0,2.0,0.0
Moldova,2023-W15,0.0,0.0,2.0,0.0
Moldova,2023-W16,0.0,0.0,2.0,0.0
Moldova,2023-W17,0.0,0.0,2.0,0.0
Moldova,2023-W18,0.0,0.0,2.0,0.0
Moldova,2023-W19,0.0,0.0,2.0,0.0
Moldova,2023-W20,0.0,0.0,2.0,0.0
Moldova,2023-W21,0.0,0.0,2.0,0.0
Moldova,2023-W22,0.0,0.0,2.0,0.0
Moldova,2023-W23,0.0,0.0,2.0,0.0
Moldova,2023-W24,0.0,0.0,2.0,0.0
Moldova,2023-W25,0.0,0.0,2.0,0.0
Moldova,2023-W26,0.0,0.0,2.0,0.0
Moldova,2023-W27,0.0,0.0,2.0,0.0
Moldova,2023-W28,0.0,0.0,2.0,0.0
Moldova,2023-W29,0.0,0.0,2.0,0.0
Moldova,2023-W30,0.0,0.0,2.0,0.0
Moldova,2023-W31,0.0,0.0,2.0,0.0
Moldova,2023-W32,0.0,0.0,2.0,0.0
Moldova,2023-W33,0.0,0.0,2.0,0.0
Moldova,2023-W34,0.0,0.0,2.0,0.0
Moldova,2023-W35,0.0,0.0,2.0,0.0
Moldova,2023-W36,0.0,0.0,2.0,0.0
Moldova,2023-W37,0.0,0.0,2.0,0.0
Moldova,2023-W38,0.0,0.0,2.0,0.0
Moldova,2023-W39,0.0,0.0,2.0,0.0
Moldova,2023-W40,0.0,0.0,2.0,0.0
Moldova,2023-W41,0.0,0.0,2.0,0.0
Moldova,2023-W42,0.0,0.0,2.0,0.0
Moldova,2023-W43,0.0,0.0,2.0,0.0
Moldova,2023-W44,0.0,0.0,2.0,0.0
Moldova,2023-W45,0.0,0.0,2.0,0.0
Moldova,2023-W46,0.0,0.0,2.0,0.0
Moldova,2023-W47,0.0,0.0,2.0,0.0
Moldova,2023-W48,0.0,0.0,2.0,0.0
Moldova,2023-W49,0.0,0.0,2.0,0.0
Moldova,2023-W50,0.0,0.0,2.0,0.0
Moldova,2023-W51,0.0,0.0,2.0,0.0
Moldova,2023-W52,0.0,0.0,2.0,0.0
Moldova,2024-W01,0.0,0.0,2.0,0.0
Moldova,2024-W02,0.0,0.0,2.0,0.0
Moldova,2024-W03,0.0,0.0,2.0,0.0
Moldova,2024-W04,0.0,0.0,2.0,0.0
Moldova,2024-W05,0.0,0.0,2.0,0.0
Moldova,2024-W06,0.0,0.0,2.0,0.0
Moldova,2024-W07,0.0,0.0,2.0,0.0
Moldova,2024-W08,0.0,0.0,2.0,0.0
Moldova,2024-W09,0.0,0.0,2.0,0.0
Moldova,2024-W10,0.0,0.0,2.0,0.0
Moldova,2024-W11,0.0,0.0,2.0,0.0
Moldova,2024-W12,0.0,0.0,2.0,0.0
Moldova,2024-W13,0.0,0.0,2.0,0.0
Moldova,2024-W14,0.0,0.0,2.0,0.0
Moldova,2024-W15,0.0,0.0,2.0,0.0
Moldova,2024-W16,0.0,0.0,2.0,0.0
Moldova,2024-W17,0.0,0.0,2.0,0.0
Moldova,2024-W18,0.0,0.0,2.0,0.0
Moldova,2024-W19,0.0,0.0,2.0,0.0
Moldova,2024-W20,0.0,0.0,2.0,0.0
Moldova,2024-W21,0.0,0.0,2.0,0.0
Moldova,2024-W22,0.0,0.0,2.0,0.0
Moldova,2024-W23,0.0,0.0,2.0,0.0
Moldova,2024-W24,0.0,0.0,2.0,0.0
Moldova,2024-W25,0.0,0.0,2.0,0.0
Moldova,2024-W26,0.0,0.0,2.0,0.0
Moldova,2024-W27,0.0,0.0,2.0,0.0
Moldova,2024-W28,0.0,0.0,2.0,0.0
Moldova,2024-W29,0.0,0.0,2.0,0.0
Moldova,2024-W30,0.0,0.0,2.0,0.0
Moldova,2024-W31,0.0,0.0,2.0,0.0
Moldova,2024-W32,0.0,0.0,2.0,0.0
Moldova,2024-W33,0.0,0.0,2.0,0.0
Moldova,2024-W34,0.0,0.0,2.0,0.0
Moldova,2024-W35,0.0,0.0,2.0,0.0
Moldova,2024-W36,0.0,0.0,2.0,0.0
Moldova,2024-W37,0.0,0.0,2.0,0.0
Moldova,2024-W38,0.0,0.0,2.0,0.0
Moldova,2024-W39,0.0,0.0,2.0,0.0
Moldova,2024-W40,0.0,0.0,2.0,0.0
Moldova,2024-W41,0.0,0.0,2.0,0.0
Moldova,2024-W42,0.0,0.0,2.0,0.0
Moldova,2024-W43,0.0,0.0,2.0,0.0
Moldova,2024-W44,0.0,0.0,2.0,0.0
Moldova,2024-W45,0.0,0.0,2.0,0.0
Moldova,2024-W46,0.0,0.0,2.0,0.0
Moldova,2024-W47,0.0,0.0,2.0,0.0
Moldova,2024-W48,0.0,0.0,2.0,0.0
Moldova,2024-W49,0.0,0.0,2.0,0.0
Moldova,2024-W50,0.0,0.0,2.0,0.0
Moldova,2024-W51,0.0,0.0,2.0,0.0
Moldova,2024-W52,0.0,0.0,2.0,0.0
Moldova,2025-W01,0.0,0.0,2.0,0.0
Moldova,2025-W02,0.0,0.0,2.0,0.0
Moldova,2025-W03,0.0,0.0,2.0,0.0
Moldova,2025-W04,0.0,0.0,2.0,0.0
Moldova,2025-W05,0.0,0.0,2.0,0.0
Moldova,2025-W06,0.0,0.0,2.0,0.0
Moldova,2025-W07,0.0,0.0,2.0,0.0
Moldova,2025-W08,0.0,0.0,2.0,0.0
Moldova,2025-W09,0.0,0.0,2.0,0.0
Moldova,2025-W10,0.0,0.0,2.0,0.0
Moldova,2025-W11,0.0,0.0,2.0,0.0
Moldova,2025-W12,0.0,0.0,2.0,0.0
Moldova,2025-W13,0.0,0.0,2.0,0.0
Moldova,2025-W14,0.0,0.0,2.0,0.0
Moldova,2025-W15,0.0,0.0,2.0,0.0
Moldova,2025-W16,0.0,0.0,2.0,0.0
Moldova,2025-W17,0.0,0.0,2.0,0.0
Moldova,2025-W18,0.0,0.0,2.0,0.0
Moldova,2025-W19,0.0,0.0,2.0,0.0
Moldova,2025-W20,0.0,0.0,2.0,0.0
Moldova,2025-W21,0.0,0.0,2.0,0.0
Moldova,2025-W22,0.0,0.0,2.0,0.0
Moldova,2025-W23,0.0,0.0,2.0,0.0
Moldova,2025-W24,0.0,0.0,2.0,0.0
Moldova,2025-W25,0.0,0.0,2.0,0.0
Moldova,2025-W26,0.0,0.0,2.0,0.0
Moldova,2025-W27,0.0,0.0,2.0,0.0
Moldova,2025-W28,0.0,0.0,2.0,0.0
Moldova,2025-W29,0.0,0.0,2.0,0.0
Moldova,2025-W30,0.0,0.0,2.0,0.0
Moldova,2025-W31,0.0,0.0,2.0,0.0
Moldova,2025-W32,0.0,0.0,2.0,0.0
Moldova,2025-W33,0.0,0.0,2.0,0.0
Moldova,2025-W34,0.0,0.0,2.0,0.0
Moldova,2025-W35,0.0,0.0,2.0,0.0
Moldova,2025-W36,0.0,0.0,2.0,0.0
Moldova,2025-W37,0.0,0.0,2.0,0.0
Moldova,2025-W38,0.0,0.0,2.0,0.0
Moldova,2025-W39,0.0,0.0,2.0,0.0
Moldova,2025-W40,0.0,0.0,2.0,0.0
Moldova,2025-W41,0.0,0.0,2.0,0.0
Moldova,2025-W42,0.0,0.0,2.0,0.0
Moldova,2025-W43,0.0,0.0,2.0,0.0
Moldova,2025-W44,0.0,0.0,2.0,0.0
Moldova,2025-W45,0.0,0.0,2.0,0.0
Moldova,2025-W46,0.0,0.0,2.0,0.0
Moldova,2025-W47,0.0,0.0,2.0,0.0
Moldova,2025-W48,0.0,0.0,2.0,0.0
Moldova,2025-W49,0.0,0.0,2.0,0.0
Moldova,2025-W50,0.0,0.0,2.0,0.0
Moldova,2025-W51,0.0,0.0,2.0,0.0
Moldova,2025-W52,0.0,0.0,2.0,0.0
Monaco,2022-W32,3.0,0.0,3.0,0.0
Monaco,2022-W33,0.0,0.0,3.0,0.0
Monaco,2022-W34,0.0,0.0,3.0,0.0
Monaco,2022-W35,0.0,0.0,3.0,0.0
Monaco,2022-W36,0.0,0.0,3.0,0.0
Monaco,2022-W37,0.0,0.0,3.0,0.0
Monaco,2022-W38,0.0,0.0,3.0,0.0
Monaco,2022-W39,0.0,0.0,3.0,0.0
Monaco,2022-W40,0.0,0.0,3.0,0.0
Monaco,2022-W41,0.0,0.0,3.0,0.0
Monaco,2022-W42,0.0,0.0,3.0,0.0
Monaco,2022-W43,0.0,0.0,3.0,0.0
Monaco,2022-W44,0.0,0.0,3.0,0.0
Monaco,2022-W45,0.0,0.0,3.0,0.0
Monaco,2022-W46,0.0,0.0,3.0,0.0
Monaco,2022-W47,0.0,0.0,3.0,0.0
Monaco,2022-W48,0.0,0.0,3.0,0.0
Monaco,2022-W49,0.0,0.0,3.0,0.0
Monaco,2022-W50,0.0,0.0,3.0,0.0
Monaco,2022-W51,0.0,0.0,3.0,0.0
Monaco,2022-W52,0.0,0.0,3.0,0.0
Monaco,2023-W01,0.0,0.0,3.0,0.0
Monaco,2023-W02,0.0,0.0,3.0,0.0
Monaco,2023-W03,0.0,0.0,3.0,0.0
Monaco,2023-W04,0.0,0.0,3.0,0.0
Monaco,2023-W05,0.0,0.0,3.0,0.0
Monaco,2023-W06,0.0,0.0,3.0,0.0
Monaco,2023-W07,0.0,0.0,3.0,0.0
Monaco,2023-W08,0.0,0.0,3.0,0.0
Monaco,2023-W09,0.0,0.0,3.0,0.0
Monaco,2023-W10,0.0,0.0,3.0,0.0
Monaco,2023-W11,0.0,0.0,3.0,0.0
Monaco,2023-W12,0.0,0.0,3.0,0.0
Monaco,2023-W13,0.0,0.0,3.0,0.0
Monaco,2023-W14,0.0,0.0,3.0,0.0
Monaco,2023-W15,0.0,0.0,3.0,0.0
Monaco,2023-W16,0.0,0.0,3.0,0.0
Monaco,2023-W17,0.0,0.0,3.0,0.0
Monaco,2023-W18,0.0,0.0,3.0,0.0
Monaco,2023-W19,0.0,0.0,3.0,0.0
Monaco,2023-W20,0.0,0.0,3.0,0.0
Monaco,2023-W21,0.0,0.0,3.0,0.0
Monaco,2023-W22,0.0,0.0,3.0,0.0
Monaco,2023-W23,0.0,0.0,3.0,0.0
Monaco,2023-W24,0.0,0.0,3.0,0.0
Monaco,2023-W25,0.0,0.0,3.0,0.0
Monaco,2023-W26,0.0,0.0,3.0,0.0
Monaco,2023-W27,0.0,0.0,3.0,0.0
Monaco,2023-W28,0.0,0.0,3.0,0.0
Monaco,2023-W29,0.0,0.0,3.0,0.0
Monaco,2023-W30,0.0,0.0,3.0,0.0
Monaco,2023-W31,0.0,0.0,3.0,0.0
Monaco,2023-W32,0.0,0.0,3.0,0.0
Monaco,2023-W33,0.0,0.0,3.0,0.0
Monaco,2023-W34,0.0,0.0,3.0,0.0
Monaco,2023-W35,0.0,0.0,3.0,0.0
Monaco,2023-W36,0.0,0.0,3.0,0.0
Monaco,2023-W37,0.0,0.0,3.0,0.0
Monaco,2023-W38,0.0,0.0,3.0,0.0
Monaco,2023-W39,0.0,0.0,3.0,0.0
Monaco,2023-W40,0.0,0.0,3.0,0.0
Monaco,2023-W41,0.0,0.0,3.0,0.0
Monaco,2023-W42,0.0,0.0,3.0,0.0
Monaco,2023-W43,0.0,0.0,3.0,0.0
Monaco,2023-W44,0.0,0.0,3.0,0.0
Monaco,2023-W45,0.0,0.0,3.0,0.0
Monaco,2023-W46,0.0,0.0,3.0,0.0
Monaco,2023-W47,0.0,0.0,3.0,0.0
Monaco,2023-W48,0.0,0.0,3.0,0.0
Monaco,2023-W49,0.0,0.0,3.0,0.0
Monaco,2023-W50,0.0,0.0,3.0,0.0
Monaco,2023-W51,0.0,0.0,3.0,0.0
Monaco,2023-W52,0.0,0.0,3.0,0.0
Monaco,2024-W01,0.0,0.0,3.0,0.0
Monaco,2024-W02,0.0,0.0,3.0,0.0
Monaco,2024-W03,0.0,0.0,3.0,0.0
Monaco,2024-W04,0.0,0.0,3.0,0.0
Monaco,2024-W05,0.0,0.0,3.0,0.0
Monaco,2024-W06,0.0,0.0,3.0,0.0
Monaco,2024-W07,0.0,0.0,3.0,0.0
Monaco,2024-W08,0.0,0.0,3.0,0.0
Monaco,2024-W09,0.0,0.0,3.0,0.0
Monaco,2024-W10,0.0,0.0,3.0,0.0
Monaco,2024-W11,0.0,0.0,3.0,0.0
Monaco,2024-W12,0.0,0.0,3.0,0.0
Monaco,2024-W13,0.0,0.0,3.0,0.0
Monaco,2024-W14,0.0,0.0,3.0,0.0
Monaco,2024-W15,0.0,0.0,3.0,0.0
Monaco,2024-W16,0.0,0.0,3.0,0.0
Monaco,2024-W17,0.0,0.0,3.0,0.0
Monaco,2024-W18,0.0,0.0,3.0,0.0
Monaco,2024-W19,0.0,0.0,3.0,0.0
Monaco,2024-W20,0.0,0.0,3.0,0.0
Monaco,2024-W21,0.0,0.0,3.0,0.0
Monaco,2024-W22,0.0,0.0,3.0,0.0
Monaco,2024-W23,0.0,0.0,3.0,0.0
Monaco,2024-W24,0.0,0.0,3.0,0.0
Monaco,2024-W25,0.0,0.0,3.0,0.0
Monaco,2024-W26,0.0,0.0,3.0,0.0
Monaco,2024-W27,0.0,0.0,3.0,0.0
Monaco,2024-W28,0.0,0.0,3.0,0.0
Monaco,2024-W29,0.0,0.0,3.0,0.0
Monaco,2024-W30,0.0,0.0,3.0,0.0
Monaco,2024-W31,0.0,0.0,3.0,0.0
Monaco,2024-W32,0.0,0.0,3.0,0.0
Monaco,2024-W33,0.0,0.0,3.0,0.0
Monaco,2024-W34,0.0,0.0,3.0,0.0
Monaco,2024-W35,0.0,0.0,3.0,0.0
Monaco,2024-W36,0.0,0.0,3.0,0.0
Monaco,2024-W37,0.0,0.0,3.0,0.0
Monaco,2024-W38,0.0,0.0,3.0,0.0
Monaco,2024-W39,0.0,0.0,3.0,0.0
Monaco,2024-W40,0.0,0.0,3.0,0.0
Monaco,2024-W41,0.0,0.0,3.0,0.0
Monaco,2024-W42,0.0,0.0,3.0,0.0
Monaco,2024-W43,0.0,0.0,3.0,0.0
Monaco,2024-W44,0.0,0.0,3.0,0.0
Monaco,2024-W45,0.0,0.0,3.0,0.0
Monaco,2024-W46,0.0,0.0,3.0,0.0
Monaco,2024-W47,0.0,0.0,3.0,0.0
Monaco,2024-W48,0.0,0.0,3.0,0.0
Monaco,2024-W49,0.0,0.0,3.0,0.0
Monaco,2024-W50,0.0,0.0,3.0,0.0
Monaco,2024-W51,0.0,0.0,3.0,0.0
Monaco,2024-W52,0.0,0.0,3.0,0.0
Monaco,2025-W01,0.0,0.0,3.0,0.0
Monaco,2025-W02,0.0,0.0,3.0,0.0
Monaco,2025-W03,0.0,0.0,3.0,0.0
Monaco,2025-W04,0.0,0.0,3.0,0.0
Monaco,2025-W05,0.0,0.0,3.0,0.0
Monaco,2025-W06,0.0,0.0,3.0,0.0
Monaco,2025-W07,0.0,0.0,3.0,0.0
Monaco,2025-W08,0.0,0.0,3.0,0.0
Monaco,2025-W09,0.0,0.0,3.0,0.0
Monaco,2025-W10,0.0,0.0,3.0,0.0
Monaco,2025-W11,0.0,0.0,3.0,0.0
Monaco,2025-W12,0.0,0.0,3.0,0.0
Monaco,2025-W13,0.0,0.0,3.0,0.0
Monaco,2025-W14,0.0,0.0,3.0,0.0
Monaco,2025-W15,0.0,0.0,3.0,0.0
Monaco,2025-W16,0.0,0.0,3.0,0.0
Monaco,2025-W17,0.0,0.0,3.0,0.0
Monaco,2025-W18,0.0,0.0,3.0,0.0
Monaco,2025-W19,0.0,0.0,3.0,0.0
Monaco,2025-W20,0.0,0.0,3.0,0.0
Monaco,2025-W21,0.0,0.0,3.0,0.0
Monaco,2025-W22,0.0,0.0,3.0,0.0
Monaco,2025-W23,0.0,0.0,3.0,0.0
Monaco,2025-W24,0.0,0.0,3.0,0.0
Monaco,2025-W25,0.0,0.0,3.0,0.0
Monaco,2025-W26,0.0,0.0,3.0,0.0
Monaco,2025-W27,0.0,0.0,3.0,0.0
Monaco,2025-W28,0.0,0.0,3.0,0.0
Monaco,2025-W29,0.0,0.0,3.0,0.0
Monaco,2025-W30,0.0,0.0,3.0,0.0
Monaco,2025-W31,0.0,0.0,3.0,0.0
Monaco,2025-W32,0.0,0.0,3.0,0.0
Monaco,2025-W33,0.0,0.0,3.0,0.0
Monaco,2025-W34,0.0,0.0,3.0,0.0
Monaco,2025-W35,0.0,0.0,3.0,0.0
Monaco,2025-W36,0.0,0.0,3.0,0.0
Monaco,2025-W37,0.0,0.0,3.0,0.0
Monaco,2025-W38,0.0,0.0,3.0,0.0
Monaco,2025-W39,0.0,0.0,3.0,0.0
Monaco,2025-W40,0.0,0.0,3.0,0.0
Monaco,2025-W41,0.0,0.0,3.0,0.0
Monaco,2025-W42,0.0,0.0,3.0,0.0
Monaco,2025-W43,0.0,0.0,3.0,0.0
Monaco,2025-W44,0.0,0.0,3.0,0.0
Monaco,2025-W45,0.0,0.0,3.0,0.0
Monaco,2025-W46,0.0,0.0,3.0,0.0
Monaco,2025-W47,0.0,0.0,3.0,0.0
Monaco,2025-W48,0.0,0.0,3.0,0.0
Monaco,2025-W49,0.0,0.0,3.0,0.0
Monaco,2025-W50,0.0,0.0,3.0,0.0
Monaco,2025-W51,0.0,0.0,3.0,0.0
Monaco,2025-W52,0.0,0.0,3.0,0.0
Montenegro,2022-W30,1.0,0.0,1.0,0.0
Montenegro,2022-W31,0.0,0.0,1.0,0.0
Montenegro,2022-W32,0.0,0.0,1.0,0.0
Montenegro,2022-W33,0.0,0.0,1.0,0.0
Montenegro,2022-W34,1.0,0.0,2.0,0.0
Montenegro,2022-W35,0.0,0.0,2.0,0.0
Montenegro,2022-W36,0.0,0.0,2.0,0.0
Montenegro,2022-W37,0.0,0.0,2.0,0.0
Montenegro,2022-W38,0.0,0.0,2.0,0.0
Montenegro,2022-W39,0.0,0.0,2.0,0.0
Montenegro,2022-W40,0.0,0.0,2.0,0.0
Montenegro,2022-W41,0.0,0.0,2.0,0.0
Montenegro,2022-W42,0.0,0.0,2.0,0.0
Montenegro,2022-W43,0.0,0.0,2.0,0.0
Montenegro,2022-W44,0.0,0.0,2.0,0.0
Montenegro,2022-W45,0.0,0.0,2.0,0.0
Montenegro,2022-W46,0.0,0.0,2.0,0.0
Montenegro,2022-W47,0.0,0.0,2.0,0.0
Montenegro,2022-W48,0.0,0.0,2.0,0.0
Montenegro,2022-W49,0.0,0.0,2.0,0.0
Montenegro,2022-W50,0.0,0.0,2.0,0.0
Montenegro,2022-W51,0.0,0.0,2.0,0.0
Montenegro,2022-W52,0.0,0.0,2.0,0.0
Montenegro,2023-W01,0.0,0.0,2.0,0.0
Montenegro,2023-W02,0.0,0.0,2.0,0.0
Montenegro,2023-W03,0.0,0.0,2.0,0.0
Montenegro,2023-W04,0.0,0.0,2.0,0.0
Montenegro,2023-W05,0.0,0.0,2.0,0.0
Montenegro,2023-W06,0.0,0.0,2.0,0.0
Montenegro,2023-W07,0.0,0.0,2.0,0.0
Montenegro,2023-W08,0.0,0.0,2.0,0.0
Montenegro,2023-W09,0.0,0.0,2.0,0.0
Montenegro,2023-W10,0.0,0.0,2.0,0.0
Montenegro,2023-W11,0.0,0.0,2.0,0.0
Montenegro,2023-W12,0.0,0.0,2.0,0.0
Montenegro,2023-W13,0.0,0.0,2.0,0.0
Montenegro,2023-W14,0.0,0.0,2.0,0.0
Montenegro,2023-W15,0.0,0.0,2.0,0.0
Montenegro,2023-W16,0.0,0.0,2.0,0.0
Montenegro,2023-W17,0.0,0.0,2.0,0.0
Montenegro,2023-W18,0.0,0.0,2.0,0.0
Montenegro,2023-W19,0.0,0.0,2.0,0.0
Montenegro,2023-W20,0.0,0.0,2.0,0.0
Montenegro,2023-W21,0.0,0.0,2.0,0.0
Montenegro,2023-W22,0.0,0.0,2.0,0.0
Montenegro,2023-W23,0.0,0.0,2.0,0.0
Montenegro,2023-W24,0.0,0.0,2.0,0.0
Montenegro,2023-W25,0.0,0.0,2.0,0.0
Montenegro,2023-W26,0.0,0.0,2.0,0.0
Montenegro,2023-W27,0.0,0.0,2.0,0.0
Montenegro,2023-W28,0.0,0.0,2.0,0.0
Montenegro,2023-W29,0.0,0.0,2.0,0.0
Montenegro,2023-W30,0.0,0.0,2.0,0.0
Montenegro,2023-W31,0.0,0.0,2.0,0.0
Montenegro,2023-W32,0.0,0.0,2.0,0.0
Montenegro,2023-W33,0.0,0.0,2.0,0.0
Montenegro,2023-W34,0.0,0.0,2.0,0.0
Montenegro,2023-W35,0.0,0.0,2.0,0.0
Montenegro,2023-W36,0.0,0.0,2.0,0.0
Montenegro,2023-W37,0.0,0.0,2.0,0.0
Montenegro,2023-W38,0.0,0.0,2.0,0.0
Montenegro,2023-W39,0.0,0.0,2.0,0.0
Montenegro,2023-W40,0.0,0.0,2.0,0.0
Montenegro,2023-W41,0.0,0.0,2.0,0.0
Montenegro,2023-W42,0.0,0.0,2.0,0.0
Montenegro,2023-W43,0.0,0.0,2.0,0.0
Montenegro,2023-W44,0.0,0.0,2.0,0.0
Montenegro,2023-W45,0.0,0.0,2.0,0.0
Montenegro,2023-W46,0.0,0.0,2.0,0.0
Montenegro,2023-W47,0.0,0.0,2.0,0.0
Montenegro,2023-W48,0.0,0.0,2.0,0.0
Montenegro,2023-W49,0.0,0.0,2.0,0.0
Montenegro,2023-W50,0.0,0.0,2.0,0.0
Montenegro,2023-W51,0.0,0.0,2.0,0.0
Montenegro,2023-W52,0.0,0.0,2.0,0.0
Montenegro,2024-W01,0.0,0.0,2.0,0.0
Montenegro,2024-W02,0.0,0.0,2.0,0.0
Montenegro,2024-W03,0.0,0.0,2.0,0.0
Montenegro,2024-W04,0.0,0.0,2.0,0.0
Montenegro,2024-W05,0.0,0.0,2.0,0.0
Montenegro,2024-W06,0.0,0.0,2.0,0.0
Montenegro,2024-W07,0.0,0.0,2.0,0.0
Montenegro,2024-W08,0.0,0.0,2.0,0.0
Montenegro,2024-W09,0.0,0.0,2.0,0.0
Montenegro,2024-W10,0.0,0.0,2.0,0.0
Montenegro,2024-W11,0.0,0.0,2.0,0.0
Montenegro,2024-W12,0.0,0.0,2.0,0.0
Montenegro,2024-W13,0.0,0.0,2.0,0.0
Montenegro,2024-W14,0.0,0.0,2.0,0.0
Montenegro,2024-W15,0.0,0.0,2.0,0.0
Montenegro,2024-W16,0.0,0.0,2.0,0.0
Montenegro,2024-W17,0.0,0.0,2.0,0.0
Montenegro,2024-W18,0.0,0.0,2.0,0.0
Montenegro,2024-W19,0.0,0.0,2.0,0.0
Montenegro,2024-W20,0.0,0.0,2.0,0.0
Montenegro,2024-W21,0.0,0.0,2.0,0.0
Montenegro,2024-W22,0.0,0.0,2.0,0.0
Montenegro,2024-W23,0.0,0.0,2.0,0.0
Montenegro,2024-W24,0.0,0.0,2.0,0.0
Montenegro,2024-W25,0.0,0.0,2.0,0.0
Montenegro,2024-W26,0.0,0.0,2.0,0.0
Montenegro,2024-W27,0.0,0.0,2.0,0.0
Montenegro,2024-W28,0.0,0.0,2.0,0.0
Montenegro,2024-W29,0.0,0.0,2.0,0.0
Montenegro,2024-W30,0.0,0.0,2.0,0.0
Montenegro,2024-W31,0.0,0.0,2.0,0.0
Montenegro,2024-W32,0.0,0.0,2.0,0.0
Montenegro,2024-W33,0.0,0.0,2.0,0.0
Montenegro,2024-W34,0.0,0.0,2.0,0.0
Montenegro,2024-W35,0.0,0.0,2.0,0.0
Montenegro,2024-W36,0.0,0.0,2.0,0.0
Montenegro,2024-W37,0.0,0.0,2.0,0.0
Montenegro,2024-W38,0.0,0.0,2.0,0.0
Montenegro,2024-W39,0.0,0.0,2.0,0.0
Montenegro,2024-W40,0.0,0.0,2.0,0.0
Montenegro,2024-W41,0.0,0.0,2.0,0.0
Montenegro,2024-W42,0.0,0.0,2.0,0.0
Montenegro,2024-W43,0.0,0.0,2.0,0.0
Montenegro,2024-W44,0.0,0.0,2.0,0.0
Montenegro,2024-W45,0.0,0.0,2.0,0.0
Montenegro,2024-W46,0.0,0.0,2.0,0.0
Montenegro,2024-W47,0.0,0.0,2.0,0.0
Montenegro,2024-W48,0.0,0.0,2.0,0.0
Montenegro,2024-W49,0.0,0.0,2.0,0.0
Montenegro,2024-W50,0.0,0.0,2.0,0.0
Montenegro,2024-W51,0.0,0.0,2.0,0.0
Montenegro,2024-W52,0.0,0.0,2.0,0.0
Montenegro,2025-W01,0.0,0.0,2.0,0.0
Montenegro,2025-W02,0.0,0.0,2.0,0.0
Montenegro,2025-W03,0.0,0.0,2.0,0.0
Montenegro,2025-W04,0.0,0.0,2.0,0.0
Montenegro,2025-W05,0.0,0.0,2.0,0.0
Montenegro,2025-W06,0.0,0.0,2.0,0.0
Montenegro,2025-W07,0.0,0.0,2.0,0.0
Montenegro,2025-W08,0.0,0.0,2.0,0.0
Montenegro,2025-W09,0.0,0.0,2.0,0.0
Montenegro,2025-W10,0.0,0.0,2.0,0.0
Montenegro,2025-W11,0.0,0.0,2.0,0.0
Montenegro,2025-W12,0.0,0.0,2.0,0.0
Montenegro,2025-W13,0.0,0.0,2.0,0.0
Montenegro,2025-W14,0.0,0.0,2.0,0.0
Montenegro,2025-W15,0.0,0.0,2.0,0.0
Montenegro,2025-W16,0.0,0.0,2.0,0.0
Montenegro,2025-W17,0.0,0.0,2.0,0.0
Montenegro,2025-W18,0.0,0.0,2.0,0.0
Montenegro,2025-W19,0.0,0.0,2.0,0.0
Montenegro,2025-W20,0.0,0.0,2.0,0.0
Montenegro,2025-W21,0.0,0.0,2.0,0.0
Montenegro,2025-W22,0.0,0.0,2.0,0.0
Montenegro,2025-W23,0.0,0.0,2.0,0.0
Montenegro,2025-W24,0.0,0.0,2.0,0.0
Montenegro,2025-W25,0.0,0.0,2.0,0.0
Montenegro,2025-W26,0.0,0.0,2.0,0.0
Montenegro,2025-W27,0.0,0.0,2.0,0.0
Montenegro,2025-W28,0.0,0.0,2.0,0.0
Montenegro,2025-W29,0.0,0.0,2.0,0.0
Montenegro,2025-W30,0.0,0.0,2.0,0.0
Montenegro,2025-W31,0.0,0.0,2.0,0.0
Montenegro,2025-W32,0.0,0.0,2.0,0.0
Montenegro,2025-W33,0.0,0.0,2.0,0.0
Montenegro,2025-W34,0.0,0.0,2.0,0.0
Montenegro,2025-W35,0.0,0.0,2.0,0.0
Montenegro,2025-W36,0.0,0.0,2.0,0.0
Montenegro,2025-W37,0.0,0.0,2.0,0.0
Montenegro,2025-W38,0.0,0.0,2.0,0.0
Montenegro,2025-W39,0.0,0.0,2.0,0.0
Montenegro,2025-W40,0.0,0.0,2.0,0.0
Montenegro,2025-W41,0.0,0.0,2.0,0.0
Montenegro,2025-W42,0.0,0.0,2.0,0.0
Montenegro,2025-W43,0.0,0.0,2.0,0.0
Montenegro,2025-W44,0.0,0.0,2.0,0.0
Montenegro,2025-W45,0.0,0.0,2.0,0.0
Montenegro,2025-W46,0.0,0.0,2.0,0.0
Montenegro,2025-W47,0.0,0.0,2.0,0.0
Montenegro,2025-W48,0.0,0.0,2.0,0.0
Montenegro,2025-W49,0.0,0.0,2.0,0.0
Montenegro,2025-W50,0.0,0.0,2.0,0.0
Montenegro,2025-W51,0.0,0.0,2.0,0.0
Montenegro,2025-W52,0.0,0.0,2.0,0.0
Morocco,2022-W22,1.0,0.0,1.0,0.0
Morocco,2022-W23,0.0,0.0,1.0,0.0
Morocco,2022-W24,0.0,0.0,1.0,0.0
Morocco,2022-W25,0.0,0.0,1.0,0.0
Morocco,2022-W26,0.0,0.0,1.0,0.0
Morocco,2022-W27,0.0,0.0,1.0,0.0
Morocco,2022-W28,0.0,0.0,1.0,0.0
Morocco,2022-W29,0.0,0.0,1.0,0.0
Morocco,2022-W30,0.0,0.0,1.0,0.0
Morocco,2022-W31,0.0,0.0,1.0,0.0
Morocco,2022-W32,0.0,0.0,1.0,0.0
Morocco,2022-W33,0.0,0.0,1.0,0.0
Morocco,2022-W34,0.0,0.0,1.0,0.0
Morocco,2022-W35,2.0,0.0,3.0,0.0
Morocco,2022-W36,0.0,0.0,3.0,0.0
Morocco,2022-W37,0.0,0.0,3.0,0.0
Morocco,2022-W38,0.0,0.0,3.0,0.0
Morocco,2022-W39,0.0,0.0,3.0,0.0
Morocco,2022-W40,0.0,0.0,3.0,0.0
Morocco,2022-W41,0.0,0.0,3.0,0.0
Morocco,2022-W42,0.0,0.0,3.0,0.0
Morocco,2022-W43,0.0,0.0,3.0,0.0
Morocco,2022-W44,0.0,0.0,3.0,0.0
Morocco,2022-W45,0.0,0.0,3.0,0.0
Morocco,2022-W46,0.0,0.0,3.0,0.0
Morocco,2022-W47,0.0,0.0,3.0,0.0
Morocco,2022-W48,0.0,0.0,3.0,0.0
Morocco,2022-W49,0.0,0.0,3.0,0.0
Morocco,2022-W50,0.0,0.0,3.0,0.0
Morocco,2022-W51,0.0,0.0,3.0,0.0
Morocco,2022-W52,0.0,0.0,3.0,0.0
Morocco,2023-W01,0.0,0.0,3.0,0.0
Morocco,2023-W02,0.0,0.0,3.0,0.0
Morocco,2023-W03,0.0,0.0,3.0,0.0
Morocco,2023-W04,0.0,0.0,3.0,0.0
Morocco,2023-W05,0.0,0.0,3.0,0.0
Morocco,2023-W06,0.0,0.0,3.0,0.0
Morocco,2023-W07,0.0,0.0,3.0,0.0
Morocco,2023-W08,0.0,0.0,3.0,0.0
Morocco,2023-W09,0.0,0.0,3.0,0.0
Morocco,2023-W10,0.0,0.0,3.0,0.0
Morocco,2023-W11,0.0,0.0,3.0,0.0
Morocco,2023-W12,0.0,0.0,3.0,0.0
Morocco,2023-W13,0.0,0.0,3.0,0.0
Morocco,2023-W14,0.0,0.0,3.0,0.0
Morocco,2023-W15,0.0,0.0,3.0,0.0
Morocco,2023-W16,0.0,0.0,3.0,0.0
Morocco,2023-W17,0.0,0.0,3.0,0.0
Morocco,2023-W18,0.0,0.0,3.0,0.0
Morocco,2023-W19,0.0,0.0,3.0,0.0
Morocco,2023-W20,0.0,0.0,3.0,0.0
Morocco,2023-W21,0.0,0.0,3.0,0.0
Morocco,2023-W22,0.0,0.0,3.0,0.0
Morocco,2023-W23,0.0,0.0,3.0,0.0
Morocco,2023-W24,0.0,0.0,3.0,0.0
Morocco,2023-W25,0.0,0.0,3.0,0.0
Morocco,2023-W26,0.0,0.0,3.0,0.0
Morocco,2023-W27,0.0,0.0,3.0,0.0
Morocco,2023-W28,0.0,0.0,3.0,0.0
Morocco,2023-W29,0.0,0.0,3.0,0.0
Morocco,2023-W30,0.0,0.0,3.0,0.0
Morocco,2023-W31,0.0,0.0,3.0,0.0
Morocco,2023-W32,0.0,0.0,3.0,0.0
Morocco,2023-W33,0.0,0.0,3.0,0.0
Morocco,2023-W34,0.0,0.0,3.0,0.0
Morocco,2023-W35,0.0,0.0,3.0,0.0
Morocco,2023-W36,0.0,0.0,3.0,0.0
Morocco,2023-W37,0.0,0.0,3.0,0.0
Morocco,2023-W38,0.0,0.0,3.0,0.0
Morocco,2023-W39,0.0,0.0,3.0,0.0
Morocco,2023-W40,1.0,0.0,4.0,0.0
Morocco,2023-W41,0.0,0.0,4.0,0.0
Morocco,2023-W42,0.0,0.0,4.0,0.0
Morocco,2023-W43,0.0,0.0,4.0,0.0
Morocco,2023-W44,0.0,0.0,4.0,0.0
Morocco,2023-W45,0.0,0.0,4.0,0.0
Morocco,2023-W46,0.0,0.0,4.0,0.0
Morocco,2023-W47,0.0,0.0,4.0,0.0
Morocco,2023-W48,0.0,0.0,4.0,0.0
Morocco,2023-W49,0.0,0.0,4.0,0.0
Morocco,2023-W50,0.0,0.0,4.0,0.0
Morocco,2023-W51,0.0,0.0,4.0,0.0
Morocco,2023-W52,0.0,0.0,4.0,0.0
Morocco,2024-W01,0.0,0.0,4.0,0.0
Morocco,2024-W02,0.0,0.0,4.0,0.0
Morocco,2024-W03,0.0,0.0,4.0,0.0
Morocco,2024-W04,0.0,0.0,4.0,0.0
Morocco,2024-W05,0.0,0.0,4.0,0.0
Morocco,2024-W06,0.0,0.0,4.0,0.0
Morocco,2024-W07,0.0,0.0,4.0,0.0
Morocco,2024-W08,0.0,0.0,4.0,0.0
Morocco,2024-W09,0.0,0.0,4.0,0.0
Morocco,2024-W10,0.0,0.0,4.0,0.0
Morocco,2024-W11,1.0,0.0,5.0,0.0
Morocco,2024-W12,0.0,0.0,5.0,0.0
Morocco,2024-W13,0.0,0.0,5.0,0.0
Morocco,2024-W14,0.0,0.0,5.0,0.0
Morocco,2024-W15,0.0,0.0,5.0,0.0
Morocco,2024-W16,0.0,0.0,5.0,0.0
Morocco,2024-W17,0.0,0.0,5.0,0.0
Morocco,2024-W18,0.0,0.0,5.0,0.0
Morocco,2024-W19,0.0,0.0,5.0,0.0
Morocco,2024-W20,0.0,0.0,5.0,0.0
Morocco,2024-W21,0.0,0.0,5.0,0.0
Morocco,2024-W22,0.0,0.0,5.0,0.0
Morocco,2024-W23,0.0,0.0,5.0,0.0
Morocco,2024-W24,0.0,0.0,5.0,0.0
Morocco,2024-W25,0.0,0.0,5.0,0.0
Morocco,2024-W26,0.0,0.0,5.0,0.0
Morocco,2024-W27,0.0,0.0,5.0,0.0
Morocco,2024-W28,0.0,0.0,5.0,0.0
Morocco,2024-W29,0.0,0.0,5.0,0.0
Morocco,2024-W30,0.0,0.0,5.0,0.0
Morocco,2024-W31,0.0,0.0,5.0,0.0
Morocco,2024-W32,0.0,0.0,5.0,0.0
Morocco,2024-W33,0.0,0.0,5.0,0.0
Morocco,2024-W34,0.0,0.0,5.0,0.0
Morocco,2024-W35,0.0,0.0,5.0,0.0
Morocco,2024-W36,0.0,0.0,5.0,0.0
Morocco,2024-W37,1.0,0.0,6.0,0.0
Morocco,2024-W38,0.0,0.0,6.0,0.0
Morocco,2024-W39,0.0,0.0,6.0,0.0
Morocco,2024-W40,1.0,0.0,7.0,0.0
Mozambique,2022-W17,0.0,0.0,0.0,0.0
Mozambique,2022-W18,0.0,0.0,0.0,0.0
Mozambique,2022-W19,0.0,0.0,0.0,0.0
Mozambique,2022-W20,0.0,0.0,0.0,0.0
Mozambique,2022-W21,0.0,0.0,0.0,0.0
Mozambique,2022-W22,0.0,0.0,0.0,0.0
Mozambique,2022-W23,0.0,0.0,0.0,0.0
Mozambique,2022-W24,0.0,0.0,0.0,0.0
Mozambique,2022-W25,0.0,0.0,0.0,0.0
Mozambique,2022-W26,0.0,0.0,0.0,0.0
Mozambique,2022-W27,0.0,0.0,0.0,0.0
Mozambique,2022-W28,0.0,0.0,0.0,0.0
Mozambique,2022-W29,0.0,0.0,0.0,0.0
Mozambique,2022-W30,0.0,0.0,0.0,0.0
Mozambique,2022-W31,0.0,0.0,0.0,0.0
Mozambique,2022-W32,0.0,0.0,0.0,0.0
Mozambique,2022-W33,0.0,0.0,0.0,0.0
Mozambique,2022-W34,0.0,0.0,0.0,0.0
Mozambique,2022-W35,0.0,0.0,0.0,0.0
Mozambique,2022-W36,1.0,0.0,1.0,0.0
Mozambique,2022-W37,0.0,0.0,1.0,0.0
Mozambique,2022-W38,0.0,0.0,1.0,0.0
Mozambique,2022-W39,0.0,0.0,1.0,0.0
Mozambique,2022-W40,0.0,0.0,1.0,0.0
Mozambique,2022-W41,0.0,0.0,1.0,0.0
Mozambique,2022-W42,0.0,1.0,1.0,1.0
Mozambique,2022-W43,0.0,0.0,1.0,1.0
Mozambique,2022-W44,0.0,0.0,1.0,1.0
Mozambique,2022-W45,0.0,0.0,1.0,1.0
Mozambique,2022-W46,0.0,0.0,1.0,1.0
Mozambique,2022-W47,0.0,0.0,1.0,1.0
Mozambique,2022-W48,0.0,0.0,1.0,1.0
Mozambique,2022-W49,0.0,0.0,1.0,1.0
Mozambique,2022-W50,0.0,0.0,1.0,1.0
Mozambique,2022-W51,0.0,0.0,1.0,1.0
Mozambique,2022-W52,0.0,0.0,1.0,1.0
Mozambique,2023-W01,0.0,0.0,1.0,1.0
Mozambique,2023-W02,0.0,0.0,1.0,1.0
Mozambique,2023-W03,0.0,0.0,1.0,1.0
Mozambique,2023-W04,0.0,0.0,1.0,1.0
Mozambique,2023-W05,0.0,0.0,1.0,1.0
Mozambique,2023-W06,0.0,0.0,1.0,1.0
Mozambique,2023-W07,0.0,0.0,1.0,1.0
Mozambique,2023-W08,0.0,0.0,1.0,1.0
Mozambique,2023-W09,0.0,0.0,1.0,1.0
Mozambique,2023-W10,0.0,0.0,1.0,1.0
Mozambique,2023-W11,0.0,0.0,1.0,1.0
Mozambique,2023-W12,0.0,0.0,1.0,1.0
Mozambique,2023-W13,0.0,0.0,1.0,1.0
Mozambique,2023-W14,0.0,0.0,1.0,1.0
Mozambique,2023-W15,0.0,0.0,1.0,1.0
Mozambique,2023-W16,0.0,0.0,1.0,1.0
Mozambique,2023-W17,0.0,0.0,1.0,1.0
Mozambique,2023-W18,0.0,0.0,1.0,1.0
Mozambique,2023-W19,0.0,0.0,1.0,1.0
Mozambique,2023-W20,0.0,0.0,1.0,1.0
Mozambique,2023-W21,0.0,0.0,1.0,1.0
Mozambique,2023-W22,0.0,0.0,1.0,1.0
Mozambique,2023-W23,0.0,0.0,1.0,1.0
Mozambique,2023-W24,0.0,0.0,1.0,1.0
Mozambique,2023-W25,0.0,0.0,1.0,1.0
Mozambique,2023-W26,0.0,0.0,1.0,1.0
Mozambique,2023-W27,0.0,0.0,1.0,1.0
Mozambique,2023-W28,0.0,0.0,1.0,1.0
Mozambique,2023-W29,0.0,0.0,1.0,1.0
Mozambique,2023-W30,0.0,0.0,1.0,1.0
Mozambique,2023-W31,0.0,0.0,1.0,1.0
Mozambique,2023-W32,0.0,0.0,1.0,1.0
Mozambique,2023-W33,0.0,0.0,1.0,1.0
Mozambique,2023-W34,0.0,0.0,1.0,1.0
Mozambique,2023-W35,0.0,0.0,1.0,1.0
Mozambique,2023-W36,0.0,0.0,1.0,1.0
Mozambique,2023-W37,0.0,0.0,1.0,1.0
Mozambique,2023-W38,0.0,0.0,1.0,1.0
Mozambique,2023-W39,0.0,0.0,1.0,1.0
Mozambique,2023-W40,0.0,0.0,1.0,1.0
Mozambique,2023-W41,0.0,0.0,1.0,1.0
Mozambique,2023-W42,0.0,0.0,1.0,1.0
Mozambique,2023-W43,0.0,0.0,1.0,1.0
Mozambique,2023-W44,0.0,0.0,1.0,1.0
Mozambique,2023-W45,0.0,0.0,1.0,1.0
Mozambique,2023-W46,0.0,0.0,1.0,1.0
Mozambique,2023-W47,0.0,0.0,1.0,1.0
Mozambique,2023-W48,0.0,0.0,1.0,1.0
Mozambique,2023-W49,0.0,0.0,1.0,1.0
Mozambique,2023-W50,0.0,0.0,1.0,1.0
Mozambique,2023-W51,0.0,0.0,1.0,1.0
Mozambique,2023-W52,0.0,0.0,1.0,1.0
Mozambique,2024-W01,0.0,0.0,1.0,1.0
Mozambique,2024-W02,0.0,0.0,1.0,1.0
Mozambique,2024-W03,0.0,0.0,1.0,1.0
Mozambique,2024-W04,0.0,0.0,1.0,1.0
Mozambique,2024-W05,0.0,0.0,1.0,1.0
Mozambique,2024-W06,0.0,0.0,1.0,1.0
Mozambique,2024-W07,0.0,0.0,1.0,1.0
Mozambique,2024-W08,0.0,0.0,1.0,1.0
Mozambique,2024-W09,0.0,0.0,1.0,1.0
Mozambique,2024-W10,0.0,0.0,1.0,1.0
Mozambique,2024-W11,0.0,0.0,1.0,1.0
Mozambique,2024-W12,0.0,0.0,1.0,1.0
Mozambique,2024-W13,0.0,0.0,1.0,1.0
Mozambique,2024-W14,0.0,0.0,1.0,1.0
Mozambique,2024-W15,0.0,0.0,1.0,1.0
Mozambique,2024-W16,0.0,0.0,1.0,1.0
Mozambique,2024-W17,0.0,0.0,1.0,1.0
Mozambique,2024-W18,0.0,0.0,1.0,1.0
Mozambique,2024-W19,0.0,0.0,1.0,1.0
Mozambique,2024-W20,0.0,0.0,1.0,1.0
Mozambique,2024-W21,0.0,0.0,1.0,1.0
Mozambique,2024-W22,0.0,0.0,1.0,1.0
Mozambique,2024-W23,0.0,0.0,1.0,1.0
Mozambique,2024-W24,0.0,0.0,1.0,1.0
Mozambique,2024-W25,0.0,0.0,1.0,1.0
Mozambique,2024-W26,0.0,0.0,1.0,1.0
Mozambique,2024-W27,0.0,0.0,1.0,1.0
Mozambique,2024-W28,0.0,0.0,1.0,1.0
Mozambique,2024-W29,0.0,0.0,1.0,1.0
Mozambique,2024-W30,0.0,0.0,1.0,1.0
Mozambique,2024-W31,0.0,0.0,1.0,1.0
Mozambique,2024-W32,0.0,0.0,1.0,1.0
Mozambique,2024-W33,0.0,0.0,1.0,1.0
Mozambique,2024-W34,0.0,0.0,1.0,1.0
Mozambique,2024-W35,0.0,0.0,1.0,1.0
Mozambique,2024-W36,0.0,0.0,1.0,1.0
Mozambique,2024-W37,0.0,0.0,1.0,1.0
Mozambique,2024-W38,0.0,0.0,1.0,1.0
Mozambique,2024-W39,0.0,0.0,1.0,1.0
Mozambique,2024-W40,0.0,0.0,1.0,1.0
Mozambique,2024-W41,0.0,0.0,1.0,1.0
Mozambique,2024-W42,0.0,0.0,1.0,1.0
Mozambique,2024-W43,0.0,0.0,1.0,1.0
Mozambique,2024-W44,0.0,0.0,1.0,1.0
Mozambique,2024-W45,0.0,0.0,1.0,1.0
Mozambique,2024-W46,0.0,0.0,1.0,1.0
Mozambique,2024-W47,0.0,0.0,1.0,1.0
Mozambique,2024-W48,0.0,0.0,1.0,1.0
Mozambique,2024-W49,0.0,0.0,1.0,1.0
Mozambique,2024-W50,0.0,0.0,1.0,1.0
Mozambique,2024-W51,0.0,0.0,1.0,1.0
Mozambique,2024-W52,0.0,0.0,1.0,1.0
Mozambique,2025-W01,0.0,0.0,1.0,1.0
Mozambique,2025-W02,0.0,0.0,1.0,1.0
Mozambique,2025-W03,0.0,0.0,1.0,1.0
Mozambique,2025-W04,0.0,0.0,1.0,1.0
Mozambique,2025-W05,0.0,0.0,1.0,1.0
Mozambique,2025-W06,0.0,0.0,1.0,1.0
Mozambique,2025-W07,0.0,0.0,1.0,1.0
Mozambique,2025-W08,0.0,0.0,1.0,1.0
Mozambique,2025-W09,0.0,0.0,1.0,1.0
Mozambique,2025-W10,0.0,0.0,1.0,1.0
Mozambique,2025-W11,0.0,0.0,1.0,1.0
Mozambique,2025-W12,0.0,0.0,1.0,1.0
Mozambique,2025-W13,0.0,0.0,1.0,1.0
Mozambique,2025-W14,0.0,0.0,1.0,1.0
Mozambique,2025-W15,0.0,0.0,1.0,1.0
Mozambique,2025-W16,0.0,0.0,1.0,1.0
Mozambique,2025-W17,0.0,0.0,1.0,1.0
Mozambique,2025-W18,0.0,0.0,1.0,1.0
Mozambique,2025-W19,0.0,0.0,1.0,1.0
Mozambique,2025-W20,0.0,0.0,1.0,1.0
Mozambique,2025-W21,0.0,0.0,1.0,1.0
Mozambique,2025-W22,0.0,0.0,1.0,1.0
Mozambique,2025-W23,0.0,0.0,1.0,1.0
Mozambique,2025-W24,0.0,0.0,1.0,1.0
Mozambique,2025-W25,0.0,0.0,1.0,1.0
Mozambique,2025-W26,0.0,0.0,1.0,1.0
Mozambique,2025-W27,0.0,0.0,1.0,1.0
Mozambique,2025-W28,4.0,0.0,5.0,1.0
Mozambique,2025-W29,5.0,0.0,10.0,1.0
Mozambique,2025-W30,8.0,0.0,18.0,1.0
Mozambique,2025-W31,11.0,0.0,29.0,1.0
Mozambique,2025-W32,10.0,0.0,39.0,1.0
Mozambique,2025-W33,0.0,0.0,39.0,1.0
Mozambique,2025-W34,27.0,0.0,66.0,1.0
Mozambique,2025-W35,4.0,0.0,70.0,1.0
Mozambique,2025-W36,7.0,0.0,77.0,1.0
Mozambique,2025-W37,3.0,0.0,80.0,1.0
Mozambique,2025-W38,3.0,0.0,83.0,1.0
Mozambique,2025-W39,0.0,0.0,83.0,1.0
Mozambique,2025-W40,0.0,0.0,83.0,1.0
Mozambique,2025-W41,4.0,0.0,87.0,1.0
Mozambique,2025-W42,2.0,0.0,89.0,1.0
Mozambique,2025-W43,1.0,0.0,90.0,1.0
Mozambique,2025-W44,1.0,0.0,91.0,1.0
Mozambique,2025-W45,0.0,0.0,91.0,1.0
Mozambique,2025-W46,0.0,0.0,91.0,1.0
Mozambique,2025-W47,1.0,0.0,92.0,1.0
Mozambique,2025-W48,0.0,0.0,92.0,1.0
Mozambique,2025-W49,0.0,0.0,92.0,1.0
Mozambique,2025-W50,0.0,0.0,92.0,1.0
Mozambique,2025-W51,0.0,0.0,92.0,1.0
Mozambique,2025-W52,0.0,0.0,92.0,1.0
Namibia,2025-W41,0.0,0.0,0.0,0.0
Namibia,2025-W42,1.0,0.0,1.0,0.0
Namibia,2025-W43,1.0,0.0,2.0,0.0
Namibia,2025-W44,0.0,0.0,2.0,0.0
Namibia,2025-W45,0.0,0.0,2.0,0.0
Namibia,2025-W46,0.0,0.0,2.0,0.0
Namibia,2025-W47,0.0,0.0,2.0,0.0
Namibia,2025-W48,0.0,0.0,2.0,0.0
Nepal,2023-W24,1.0,0.0,1.0,0.0
Nepal,2023-W25,0.0,0.0,1.0,0.0
Nepal,2023-W26,0.0,0.0,1.0,0.0
Nepal,2023-W27,0.0,0.0,1.0,0.0
Nepal,2023-W28,0.0,0.0,1.0,0.0
Nepal,2023-W29,0.0,0.0,1.0,0.0
Nepal,2023-W30,0.0,0.0,1.0,0.0
Nepal,2023-W31,0.0,0.0,1.0,0.0
Nepal,2023-W32,0.0,0.0,1.0,0.0
Nepal,2023-W33,0.0,0.0,1.0,0.0
Nepal,2023-W34,0.0,0.0,1.0,0.0
Nepal,2023-W35,0.0,0.0,1.0,0.0
Nepal,2023-W36,0.0,0.0,1.0,0.0
Nepal,2023-W37,0.0,0.0,1.0,0.0
Nepal,2023-W38,0.0,0.0,1.0,0.0
Nepal,2023-W39,0.0,0.0,1.0,0.0
Nepal,2023-W40,0.0,0.0,1.0,0.0
Nepal,2023-W41,0.0,0.0,1.0,0.0
Nepal,2023-W42,0.0,0.0,1.0,0.0
Nepal,2023-W43,0.0,0.0,1.0,0.0
Nepal,2023-W44,0.0,0.0,1.0,0.0
Nepal,2023-W45,0.0,0.0,1.0,0.0
Nepal,2023-W46,0.0,0.0,1.0,0.0
Nepal,2023-W47,0.0,0.0,1.0,0.0
Nepal,2023-W48,0.0,0.0,1.0,0.0
Nepal,2023-W49,0.0,0.0,1.0,0.0
Nepal,2023-W50,0.0,0.0,1.0,0.0
Nepal,2023-W51,0.0,0.0,1.0,0.0
Nepal,2023-W52,0.0,0.0,1.0,0.0
Nepal,2024-W01,0.0,0.0,1.0,0.0
Nepal,2024-W02,0.0,0.0,1.0,0.0
Nepal,2024-W03,0.0,0.0,1.0,0.0
Nepal,2024-W04,0.0,0.0,1.0,0.0
Nepal,2024-W05,0.0,0.0,1.0,0.0
Nepal,2024-W06,0.0,0.0,1.0,0.0
Nepal,2024-W07,0.0,0.0,1.0,0.0
Nepal,2024-W08,0.0,0.0,1.0,0.0
Nepal,2024-W09,0.0,0.0,1.0,0.0
Nepal,2024-W10,0.0,0.0,1.0,0.0
Nepal,2024-W11,0.0,0.0,1.0,0.0
Nepal,2024-W12,0.0,0.0,1.0,0.0
Nepal,2024-W13,0.0,0.0,1.0,0.0
Nepal,2024-W14,0.0,0.0,1.0,0.0
Nepal,2024-W15,0.0,0.0,1.0,0.0
Nepal,2024-W16,0.0,0.0,1.0,0.0
Nepal,2024-W17,0.0,0.0,1.0,0.0
Nepal,2024-W18,0.0,0.0,1.0,0.0
Nepal,2024-W19,0.0,0.0,1.0,0.0
Nepal,2024-W20,0.0,0.0,1.0,0.0
Nepal,2024-W21,0.0,0.0,1.0,0.0
Nepal,2024-W22,0.0,0.0,1.0,0.0
Nepal,2024-W23,0.0,0.0,1.0,0.0
Nepal,2024-W24,0.0,0.0,1.0,0.0
Nepal,2024-W25,0.0,0.0,1.0,0.0
Nepal,2024-W26,0.0,0.0,1.0,0.0
Nepal,2024-W27,0.0,0.0,1.0,0.0
Nepal,2024-W28,0.0,0.0,1.0,0.0
Nepal,2024-W29,0.0,0.0,1.0,0.0
Nepal,2024-W30,0.0,0.0,1.0,0.0
Nepal,2024-W31,0.0,0.0,1.0,0.0
Nepal,2024-W32,0.0,0.0,1.0,0.0
Nepal,2024-W33,0.0,0.0,1.0,0.0
Nepal,2024-W34,0.0,0.0,1.0,0.0
Nepal,2024-W35,0.0,0.0,1.0,0.0
Nepal,2024-W36,0.0,0.0,1.0,0.0
Nepal,2024-W37,0.0,0.0,1.0,0.0
Nepal,2024-W38,0.0,0.0,1.0,0.0
Nepal,2024-W39,0.0,0.0,1.0,0.0
Nepal,2024-W40,0.0,0.0,1.0,0.0
Nepal,2024-W41,0.0,0.0,1.0,0.0
Nepal,2024-W42,0.0,0.0,1.0,0.0
Nepal,2024-W43,0.0,0.0,1.0,0.0
Nepal,2024-W44,0.0,0.0,1.0,0.0
Nepal,2024-W45,0.0,0.0,1.0,0.0
Nepal,2024-W46,0.0,0.0,1.0,0.0
Nepal,2024-W47,0.0,0.0,1.0,0.0
Nepal,2024-W48,0.0,0.0,1.0,0.0
Nepal,2024-W49,0.0,0.0,1.0,0.0
Nepal,2024-W50,0.0,0.0,1.0,0.0
Nepal,2024-W51,0.0,0.0,1.0,0.0
Nepal,2024-W52,0.0,0.0,1.0,0.0
Nepal,2025-W01,2.0,0.0,3.0,0.0
Nepal,2025-W02,0.0,0.0,3.0,0.0
Nepal,2025-W03,0.0,0.0,3.0,0.0
Nepal,2025-W04,0.0,0.0,3.0,0.0
Nepal,2025-W05,0.0,0.0,3.0,0.0
Nepal,2025-W06,0.0,0.0,3.0,0.0
Nepal,2025-W07,0.0,0.0,3.0,0.0
Nepal,2025-W08,0.0,0.0,3.0,0.0
Nepal,2025-W09,0.0,0.0,3.0,0.0
Nepal,2025-W10,0.0,0.0,3.0,0.0
Nepal,2025-W11,0.0,0.0,3.0,0.0
Nepal,2025-W12,0.0,0.0,3.0,0.0
Nepal,2025-W13,0.0,0.0,3.0,0.0
Nepal,2025-W14,0.0,0.0,3.0,0.0
Nepal,2025-W15,0.0,0.0,3.0,0.0
Nepal,2025-W16,0.0,0.0,3.0,0.0
Nepal,2025-W17,0.0,0.0,3.0,0.0
Nepal,2025-W18,0.0,0.0,3.0,0.0
Nepal,2025-W19,0.0,0.0,3.0,0.0
Nepal,2025-W20,0.0,0.0,3.0,0.0
Nepal,2025-W21,0.0,0.0,3.0,0.0
Nepal,2025-W22,0.0,0.0,3.0,0.0
Nepal,2025-W23,0.0,0.0,3.0,0.0
Nepal,2025-W24,0.0,0.0,3.0,0.0
Nepal,2025-W25,0.0,0.0,3.0,0.0
Nepal,2025-W26,0.0,0.0,3.0,0.0
Nepal,2025-W27,2.0,0.0,5.0,0.0
Nepal,2025-W28,0.0,0.0,5.0,0.0
Nepal,2025-W29,0.0,0.0,5.0,0.0
Nepal,2025-W30,0.0,0.0,5.0,0.0
Nepal,2025-W31,0.0,0.0,5.0,0.0
Nepal,2025-W32,0.0,0.0,5.0,0.0
Nepal,2025-W33,0.0,0.0,5.0,0.0
Nepal,2025-W34,0.0,0.0,5.0,0.0
Nepal,2025-W35,0.0,0.0,5.0,0.0
Nepal,2025-W36,0.0,0.0,5.0,0.0
Nepal,2025-W37,0.0,0.0,5.0,0.0
Nepal,2025-W38,0.0,0.0,5.0,0.0
Nepal,2025-W39,0.0,0.0,5.0,0.0
Nepal,2025-W40,0.0,0.0,5.0,0.0
Nepal,2025-W41,0.0,0.0,5.0,0.0
Nepal,2025-W42,0.0,0.0,5.0,0.0
Nepal,2025-W43,0.0,0.0,5.0,0.0
Nepal,2025-W44,0.0,0.0,5.0,0.0
Nepal,2025-W45,0.0,0.0,5.0,0.0
Nepal,2025-W46,0.0,0.0,5.0,0.0
Nepal,2025-W47,0.0,0.0,5.0,0.0
Nepal,2025-W48,0.0,0.0,5.0,0.0
Nepal,2025-W49,0.0,0.0,5.0,0.0
Nepal,2025-W50,0.0,0.0,5.0,0.0
Nepal,2025-W51,0.0,0.0,5.0,0.0
Nepal,2025-W52,0.0,0.0,5.0,0.0
Nepal,2026-W01,1.0,0.0,6.0,0.0
Netherlands,2022-W20,2.0,0.0,2.0,0.0
Netherlands,2022-W21,24.0,0.0,26.0,0.0
Netherlands,2022-W22,14.0,0.0,40.0,0.0
Netherlands,2022-W23,20.0,0.0,60.0,0.0
Netherlands,2022-W24,35.0,0.0,95.0,0.0
Netherlands,2022-W25,116.0,0.0,211.0,0.0
Netherlands,2022-W26,77.0,0.0,288.0,0.0
Netherlands,2022-W27,114.0,0.0,402.0,0.0
Netherlands,2022-W28,147.0,0.0,549.0,0.0
Netherlands,2022-W29,163.0,0.0,712.0,0.0
Netherlands,2022-W30,167.0,0.0,879.0,0.0
Netherlands,2022-W31,80.0,0.0,959.0,0.0
Netherlands,2022-W32,66.0,0.0,1025.0,0.0
Netherlands,2022-W33,62.0,0.0,1087.0,0.0
Netherlands,2022-W34,49.0,0.0,1136.0,0.0
Netherlands,2022-W35,36.0,0.0,1172.0,0.0
Netherlands,2022-W36,23.0,0.0,1195.0,0.0
Netherlands,2022-W37,14.0,0.0,1209.0,0.0
Netherlands,2022-W38,10.0,0.0,1219.0,0.0
Netherlands,2022-W39,0.0,0.0,1219.0,0.0
Netherlands,2022-W40,2.0,0.0,1221.0,0.0
Netherlands,2022-W41,2.0,0.0,1223.0,0.0
Netherlands,2022-W42,7.0,0.0,1230.0,0.0
Netherlands,2022-W43,5.0,0.0,1235.0,0.0
Netherlands,2022-W44,2.0,0.0,1237.0,0.0
Netherlands,2022-W45,3.0,0.0,1240.0,0.0
Netherlands,2022-W46,7.0,0.0,1247.0,0.0
Netherlands,2022-W47,1.0,0.0,1248.0,0.0
Netherlands,2022-W48,3.0,0.0,1251.0,0.0
Netherlands,2022-W49,0.0,0.0,1251.0,0.0
Netherlands,2022-W50,5.0,0.0,1256.0,0.0
Netherlands,2022-W51,0.0,0.0,1256.0,0.0
Netherlands,2022-W52,0.0,0.0,1256.0,0.0
Netherlands,2023-W01,3.0,0.0,1259.0,0.0
Netherlands,2023-W02,1.0,0.0,1260.0,0.0
Netherlands,2023-W03,0.0,0.0,1260.0,0.0
Netherlands,2023-W04,0.0,0.0,1260.0,0.0
Netherlands,2023-W05,0.0,0.0,1260.0,0.0
Netherlands,2023-W06,0.0,0.0,1260.0,0.0
Netherlands,2023-W07,1.0,0.0,1261.0,0.0
Netherlands,2023-W08,0.0,0.0,1261.0,0.0
Netherlands,2023-W09,0.0,0.0,1261.0,0.0
Netherlands,2023-W10,1.0,0.0,1262.0,0.0
Netherlands,2023-W11,0.0,0.0,1262.0,0.0
Netherlands,2023-W12,0.0,0.0,1262.0,0.0
Netherlands,2023-W13,0.0,0.0,1262.0,0.0
Netherlands,2023-W14,0.0,0.0,1262.0,0.0
Netherlands,2023-W15,0.0,0.0,1262.0,0.0
Netherlands,2023-W16,0.0,0.0,1262.0,0.0
Netherlands,2023-W17,1.0,0.0,1263.0,0.0
Netherlands,2023-W18,1.0,0.0,1264.0,0.0
Netherlands,2023-W19,0.0,0.0,1264.0,0.0
Netherlands,2023-W20,0.0,0.0,1264.0,0.0
Netherlands,2023-W21,0.0,0.0,1264.0,0.0
Netherlands,2023-W22,0.0,0.0,1264.0,0.0
Netherlands,2023-W23,1.0,0.0,1265.0,0.0
Netherlands,2023-W24,0.0,0.0,1265.0,0.0
Netherlands,2023-W25,0.0,0.0,1265.0,0.0
Netherlands,2023-W26,0.0,0.0,1265.0,0.0
Netherlands,2023-W27,0.0,0.0,1265.0,0.0
Netherlands,2023-W28,0.0,0.0,1265.0,0.0
Netherlands,2023-W29,0.0,0.0,1265.0,0.0
Netherlands,2023-W30,0.0,0.0,1265.0,0.0
Netherlands,2023-W31,0.0,0.0,1265.0,0.0
Netherlands,2023-W32,1.0,0.0,1266.0,0.0
Netherlands,2023-W33,0.0,0.0,1266.0,0.0
Netherlands,2023-W34,0.0,0.0,1266.0,0.0
Netherlands,2023-W35,1.0,0.0,1267.0,0.0
Netherlands,2023-W36,0.0,0.0,1267.0,0.0
Netherlands,2023-W37,0.0,0.0,1267.0,0.0
Netherlands,2023-W38,7.0,0.0,1274.0,0.0
Netherlands,2023-W39,0.0,0.0,1274.0,0.0
Netherlands,2023-W40,0.0,0.0,1274.0,0.0
Netherlands,2023-W41,0.0,0.0,1274.0,0.0
Netherlands,2023-W42,0.0,0.0,1274.0,0.0
Netherlands,2023-W43,0.0,0.0,1274.0,0.0
Netherlands,2023-W44,4.0,0.0,1278.0,0.0
Netherlands,2023-W45,0.0,0.0,1278.0,0.0
Netherlands,2023-W46,0.0,0.0,1278.0,0.0
Netherlands,2023-W47,0.0,0.0,1278.0,0.0
Netherlands,2023-W48,7.0,0.0,1285.0,0.0
Netherlands,2023-W49,0.0,0.0,1285.0,0.0
Netherlands,2023-W50,0.0,0.0,1285.0,0.0
Netherlands,2023-W51,0.0,0.0,1285.0,0.0
Netherlands,2023-W52,2.0,0.0,1287.0,0.0
Netherlands,2024-W01,0.0,0.0,1287.0,0.0
Netherlands,2024-W02,0.0,0.0,1287.0,0.0
Netherlands,2024-W03,0.0,0.0,1287.0,0.0
Netherlands,2024-W04,0.0,0.0,1287.0,0.0
Netherlands,2024-W05,5.0,0.0,1292.0,0.0
Netherlands,2024-W06,0.0,0.0,1292.0,0.0
Netherlands,2024-W07,0.0,0.0,1292.0,0.0
Netherlands,2024-W08,0.0,0.0,1292.0,0.0
Netherlands,2024-W09,7.0,0.0,1299.0,0.0
Netherlands,2024-W10,0.0,0.0,1299.0,0.0
Netherlands,2024-W11,0.0,0.0,1299.0,0.0
Netherlands,2024-W12,0.0,0.0,1299.0,0.0
Netherlands,2024-W13,0.0,0.0,1299.0,0.0
Netherlands,2024-W14,0.0,0.0,1299.0,0.0
Netherlands,2024-W15,0.0,0.0,1299.0,0.0
Netherlands,2024-W16,0.0,0.0,1299.0,0.0
Netherlands,2024-W17,0.0,0.0,1299.0,0.0
Netherlands,2024-W18,2.0,0.0,1301.0,0.0
Netherlands,2024-W19,0.0,0.0,1301.0,0.0
Netherlands,2024-W20,0.0,0.0,1301.0,0.0
Netherlands,2024-W21,0.0,0.0,1301.0,0.0
Netherlands,2024-W22,1.0,0.0,1302.0,0.0
Netherlands,2024-W23,0.0,0.0,1302.0,0.0
Netherlands,2024-W24,0.0,0.0,1302.0,0.0
Netherlands,2024-W25,0.0,0.0,1302.0,0.0
Netherlands,2024-W26,2.0,0.0,1304.0,0.0
Netherlands,2024-W27,0.0,0.0,1304.0,0.0
Netherlands,2024-W28,0.0,0.0,1304.0,0.0
Netherlands,2024-W29,0.0,0.0,1304.0,0.0
Netherlands,2024-W30,0.0,0.0,1304.0,0.0
Netherlands,2024-W31,4.0,0.0,1308.0,0.0
Netherlands,2024-W32,0.0,0.0,1308.0,0.0
Netherlands,2024-W33,0.0,0.0,1308.0,0.0
Netherlands,2024-W34,0.0,0.0,1308.0,0.0
Netherlands,2024-W35,19.0,0.0,1327.0,0.0
Netherlands,2024-W36,0.0,0.0,1327.0,0.0
Netherlands,2024-W37,0.0,0.0,1327.0,0.0
Netherlands,2024-W38,0.0,0.0,1327.0,0.0
Netherlands,2024-W39,0.0,0.0,1327.0,0.0
Netherlands,2024-W40,22.0,0.0,1349.0,0.0
Netherlands,2024-W41,0.0,0.0,1349.0,0.0
Netherlands,2024-W42,0.0,0.0,1349.0,0.0
Netherlands,2024-W43,0.0,0.0,1349.0,0.0
Netherlands,2024-W44,25.0,0.0,1374.0,0.0
Netherlands,2024-W45,0.0,0.0,1374.0,0.0
Netherlands,2024-W46,0.0,0.0,1374.0,0.0
Netherlands,2024-W47,0.0,0.0,1374.0,0.0
Netherlands,2024-W48,38.0,0.0,1412.0,0.0
Netherlands,2024-W49,0.0,0.0,1412.0,0.0
Netherlands,2024-W50,0.0,0.0,1412.0,0.0
Netherlands,2024-W51,0.0,0.0,1412.0,0.0
Netherlands,2024-W52,0.0,0.0,1412.0,0.0
Netherlands,2025-W01,16.0,0.0,1428.0,0.0
Netherlands,2025-W02,14.0,0.0,1442.0,0.0
Netherlands,2025-W03,0.0,0.0,1442.0,0.0
Netherlands,2025-W04,0.0,0.0,1442.0,0.0
Netherlands,2025-W05,0.0,0.0,1442.0,0.0
Netherlands,2025-W06,0.0,0.0,1442.0,0.0
Netherlands,2025-W07,0.0,0.0,1442.0,0.0
Netherlands,2025-W08,0.0,0.0,1442.0,0.0
Netherlands,2025-W09,8.0,0.0,1450.0,0.0
Netherlands,2025-W10,0.0,0.0,1450.0,0.0
Netherlands,2025-W11,0.0,0.0,1450.0,0.0
Netherlands,2025-W12,0.0,0.0,1450.0,0.0
Netherlands,2025-W13,0.0,0.0,1450.0,0.0
Netherlands,2025-W14,14.0,0.0,1464.0,0.0
Netherlands,2025-W15,0.0,0.0,1464.0,0.0
Netherlands,2025-W16,0.0,0.0,1464.0,0.0
Netherlands,2025-W17,0.0,0.0,1464.0,0.0
Netherlands,2025-W18,23.0,0.0,1487.0,0.0
Netherlands,2025-W19,0.0,0.0,1487.0,0.0
Netherlands,2025-W20,17.0,0.0,1504.0,0.0
Netherlands,2025-W21,0.0,0.0,1504.0,0.0
Netherlands,2025-W22,0.0,0.0,1504.0,0.0
Netherlands,2025-W23,0.0,0.0,1504.0,0.0
Netherlands,2025-W24,20.0,0.0,1524.0,0.0
Netherlands,2025-W25,0.0,0.0,1524.0,0.0
Netherlands,2025-W26,0.0,0.0,1524.0,0.0
Netherlands,2025-W27,0.0,0.0,1524.0,0.0
Netherlands,2025-W28,14.0,0.0,1538.0,0.0
Netherlands,2025-W29,0.0,0.0,1538.0,0.0
Netherlands,2025-W30,0.0,0.0,1538.0,0.0
Netherlands,2025-W31,0.0,0.0,1538.0,0.0
Netherlands,2025-W32,0.0,0.0,1538.0,0.0
Netherlands,2025-W33,7.0,0.0,1545.0,0.0
Netherlands,2025-W34,0.0,0.0,1545.0,0.0
Netherlands,2025-W35,0.0,0.0,1545.0,0.0
Netherlands,2025-W36,0.0,0.0,1545.0,0.0
Netherlands,2025-W37,12.0,0.0,1557.0,0.0
Netherlands,2025-W38,0.0,0.0,1557.0,0.0
Netherlands,2025-W39,0.0,0.0,1557.0,0.0
Netherlands,2025-W40,0.0,0.0,1557.0,0.0
Netherlands,2025-W41,9.0,0.0,1566.0,0.0
Netherlands,2025-W42,0.0,0.0,1566.0,0.0
Netherlands,2025-W43,0.0,0.0,1566.0,0.0
Netherlands,2025-W44,0.0,0.0,1566.0,0.0
Netherlands,2025-W45,0.0,0.0,1566.0,0.0
Netherlands,2025-W46,7.0,0.0,1573.0,0.0
Netherlands,2025-W47,0.0,0.0,1573.0,0.0
Netherlands,2025-W48,0.0,0.0,1573.0,0.0
Netherlands,2025-W49,0.0,0.0,1573.0,0.0
Netherlands,2025-W50,0.0,0.0,1573.0,0.0
Netherlands,2025-W51,0.0,0.0,1573.0,0.0
Netherlands,2025-W52,10.0,0.0,1583.0,0.0
New Caledonia,2022-W28,1.0,0.0,1.0,0.0
New Caledonia,2022-W29,0.0,0.0,1.0,0.0
New Caledonia,2022-W30,0.0,0.0,1.0,0.0
New Caledonia,2022-W31,0.0,0.0,1.0,0.0
New Caledonia,2022-W32,0.0,0.0,1.0,0.0
New Caledonia,2022-W33,0.0,0.0,1.0,0.0
New Caledonia,2022-W34,0.0,0.0,1.0,0.0
New Caledonia,2022-W35,0.0,0.0,1.0,0.0
New Caledonia,2022-W36,0.0,0.0,1.0,0.0
New Caledonia,2022-W37,0.0,0.0,1.0,0.0
New Caledonia,2022-W38,0.0,0.0,1.0,0.0
New Caledonia,2022-W39,0.0,0.0,1.0,0.0
New Caledonia,2022-W40,0.0,0.0,1.0,0.0
New Caledonia,2022-W41,0.0,0.0,1.0,0.0
New Caledonia,2022-W42,0.0,0.0,1.0,0.0
New Caledonia,2022-W43,0.0,0.0,1.0,0.0
New Caledonia,2022-W44,0.0,0.0,1.0,0.0
New Caledonia,2022-W45,0.0,0.0,1.0,0.0
New Caledonia,2022-W46,0.0,0.0,1.0,0.0
New Caledonia,2022-W47,0.0,0.0,1.0,0.0
New Caledonia,2022-W48,0.0,0.0,1.0,0.0
New Caledonia,2022-W49,0.0,0.0,1.0,0.0
New Caledonia,2022-W50,0.0,0.0,1.0,0.0
New Caledonia,2022-W51,0.0,0.0,1.0,0.0
New Caledonia,2022-W52,0.0,0.0,1.0,0.0
New Caledonia,2023-W01,0.0,0.0,1.0,0.0
New Caledonia,2023-W02,0.0,0.0,1.0,0.0
New Caledonia,2023-W03,0.0,0.0,1.0,0.0
New Caledonia,2023-W04,0.0,0.0,1.0,0.0
New Caledonia,2023-W05,0.0,0.0,1.0,0.0
New Caledonia,2023-W06,0.0,0.0,1.0,0.0
New Caledonia,2023-W07,0.0,0.0,1.0,0.0
New Caledonia,2023-W08,0.0,0.0,1.0,0.0
New Caledonia,2023-W09,0.0,0.0,1.0,0.0
New Caledonia,2023-W10,0.0,0.0,1.0,0.0
New Caledonia,2023-W11,0.0,0.0,1.0,0.0
New Caledonia,2023-W12,0.0,0.0,1.0,0.0
New Caledonia,2023-W13,0.0,0.0,1.0,0.0
New Caledonia,2023-W14,0.0,0.0,1.0,0.0
New Caledonia,2023-W15,0.0,0.0,1.0,0.0
New Caledonia,2023-W16,0.0,0.0,1.0,0.0
New Caledonia,2023-W17,0.0,0.0,1.0,0.0
New Caledonia,2023-W18,0.0,0.0,1.0,0.0
New Caledonia,2023-W19,0.0,0.0,1.0,0.0
New Caledonia,2023-W20,0.0,0.0,1.0,0.0
New Caledonia,2023-W21,0.0,0.0,1.0,0.0
New Caledonia,2023-W22,0.0,0.0,1.0,0.0
New Caledonia,2023-W23,0.0,0.0,1.0,0.0
New Caledonia,2023-W24,0.0,0.0,1.0,0.0
New Caledonia,2023-W25,0.0,0.0,1.0,0.0
New Caledonia,2023-W26,0.0,0.0,1.0,0.0
New Caledonia,2023-W27,0.0,0.0,1.0,0.0
New Caledonia,2023-W28,0.0,0.0,1.0,0.0
New Zealand,2022-W28,2.0,0.0,2.0,0.0
New Zealand,2022-W29,0.0,0.0,2.0,0.0
New Zealand,2022-W30,0.0,0.0,2.0,0.0
New Zealand,2022-W31,1.0,0.0,3.0,0.0
New Zealand,2022-W32,1.0,0.0,4.0,0.0
New Zealand,2022-W33,0.0,0.0,4.0,0.0
New Zealand,2022-W34,0.0,0.0,4.0,0.0
New Zealand,2022-W35,1.0,0.0,5.0,0.0
New Zealand,2022-W36,0.0,0.0,5.0,0.0
New Zealand,2022-W37,0.0,0.0,5.0,0.0
New Zealand,2022-W38,4.0,0.0,9.0,0.0
New Zealand,2022-W39,0.0,0.0,9.0,0.0
New Zealand,2022-W40,2.0,0.0,11.0,0.0
New Zealand,2022-W41,12.0,0.0,23.0,0.0
New Zealand,2022-W42,4.0,0.0,27.0,0.0
New Zealand,2022-W43,1.0,0.0,28.0,0.0
New Zealand,2022-W44,5.0,0.0,33.0,0.0
New Zealand,2022-W45,0.0,0.0,33.0,0.0
New Zealand,2022-W46,2.0,0.0,35.0,0.0
New Zealand,2022-W47,1.0,0.0,36.0,0.0
New Zealand,2022-W48,3.0,0.0,39.0,0.0
New Zealand,2022-W49,1.0,0.0,40.0,0.0
New Zealand,2022-W50,0.0,0.0,40.0,0.0
New Zealand,2022-W51,0.0,0.0,40.0,0.0
New Zealand,2022-W52,0.0,0.0,40.0,0.0
New Zealand,2023-W01,0.0,0.0,40.0,0.0
New Zealand,2023-W02,1.0,0.0,41.0,0.0
New Zealand,2023-W03,0.0,0.0,41.0,0.0
New Zealand,2023-W04,0.0,0.0,41.0,0.0
New Zealand,2023-W05,1.0,0.0,42.0,0.0
New Zealand,2023-W06,0.0,0.0,42.0,0.0
New Zealand,2023-W07,0.0,0.0,42.0,0.0
New Zealand,2023-W08,0.0,0.0,42.0,0.0
New Zealand,2023-W09,0.0,0.0,42.0,0.0
New Zealand,2023-W10,0.0,0.0,42.0,0.0
New Zealand,2023-W11,0.0,0.0,42.0,0.0
New Zealand,2023-W12,0.0,0.0,42.0,0.0
New Zealand,2023-W13,0.0,0.0,42.0,0.0
New Zealand,2023-W14,0.0,0.0,42.0,0.0
New Zealand,2023-W15,0.0,0.0,42.0,0.0
New Zealand,2023-W16,0.0,0.0,42.0,0.0
New Zealand,2023-W17,0.0,0.0,42.0,0.0
New Zealand,2023-W18,0.0,0.0,42.0,0.0
New Zealand,2023-W19,0.0,0.0,42.0,0.0
New Zealand,2023-W20,0.0,0.0,42.0,0.0
New Zealand,2023-W21,0.0,0.0,42.0,0.0
New Zealand,2023-W22,0.0,0.0,42.0,0.0
New Zealand,2023-W23,0.0,0.0,42.0,0.0
New Zealand,2023-W24,0.0,0.0,42.0,0.0
New Zealand,2023-W25,0.0,0.0,42.0,0.0
New Zealand,2023-W26,0.0,0.0,42.0,0.0
New Zealand,2023-W27,0.0,0.0,42.0,0.0
New Zealand,2023-W28,0.0,0.0,42.0,0.0
New Zealand,2023-W29,0.0,0.0,42.0,0.0
New Zealand,2023-W30,0.0,0.0,42.0,0.0
New Zealand,2023-W31,0.0,0.0,42.0,0.0
New Zealand,2023-W32,0.0,0.0,42.0,0.0
New Zealand,2023-W33,0.0,0.0,42.0,0.0
New Zealand,2023-W34,0.0,0.0,42.0,0.0
New Zealand,2023-W35,0.0,0.0,42.0,0.0
New Zealand,2023-W36,0.0,0.0,42.0,0.0
New Zealand,2023-W37,0.0,0.0,42.0,0.0
New Zealand,2023-W38,0.0,0.0,42.0,0.0
New Zealand,2023-W39,0.0,0.0,42.0,0.0
New Zealand,2023-W40,0.0,0.0,42.0,0.0
New Zealand,2023-W41,0.0,0.0,42.0,0.0
New Zealand,2023-W42,0.0,0.0,42.0,0.0
New Zealand,2023-W43,0.0,0.0,42.0,0.0
New Zealand,2023-W44,0.0,0.0,42.0,0.0
New Zealand,2023-W45,0.0,0.0,42.0,0.0
New Zealand,2023-W46,0.0,0.0,42.0,0.0
New Zealand,2023-W47,0.0,0.0,42.0,0.0
New Zealand,2023-W48,0.0,0.0,42.0,0.0
New Zealand,2023-W49,0.0,0.0,42.0,0.0
New Zealand,2023-W50,0.0,0.0,42.0,0.0
New Zealand,2023-W51,0.0,0.0,42.0,0.0
New Zealand,2023-W52,0.0,0.0,42.0,0.0
New Zealand,2024-W01,0.0,0.0,42.0,0.0
New Zealand,2024-W02,0.0,0.0,42.0,0.0
New Zealand,2024-W03,8.0,0.0,50.0,0.0
New Zealand,2024-W04,0.0,0.0,50.0,0.0
New Zealand,2024-W05,0.0,0.0,50.0,0.0
New Zealand,2024-W06,0.0,0.0,50.0,0.0
New Zealand,2024-W07,0.0,0.0,50.0,0.0
New Zealand,2024-W08,0.0,0.0,50.0,0.0
New Zealand,2024-W09,0.0,0.0,50.0,0.0
New Zealand,2024-W10,0.0,0.0,50.0,0.0
New Zealand,2024-W11,0.0,0.0,50.0,0.0
New Zealand,2024-W12,0.0,0.0,50.0,0.0
New Zealand,2024-W13,0.0,0.0,50.0,0.0
New Zealand,2024-W14,0.0,0.0,50.0,0.0
New Zealand,2024-W15,0.0,0.0,50.0,0.0
New Zealand,2024-W16,0.0,0.0,50.0,0.0
New Zealand,2024-W17,0.0,0.0,50.0,0.0
New Zealand,2024-W18,0.0,0.0,50.0,0.0
New Zealand,2024-W19,1.0,0.0,51.0,0.0
New Zealand,2024-W20,0.0,0.0,51.0,0.0
New Zealand,2024-W21,0.0,0.0,51.0,0.0
New Zealand,2024-W22,0.0,0.0,51.0,0.0
New Zealand,2024-W23,0.0,0.0,51.0,0.0
New Zealand,2024-W24,0.0,0.0,51.0,0.0
New Zealand,2024-W25,0.0,0.0,51.0,0.0
New Zealand,2024-W26,0.0,0.0,51.0,0.0
New Zealand,2024-W27,2.0,0.0,53.0,0.0
New Zealand,2024-W28,0.0,0.0,53.0,0.0
New Zealand,2024-W29,0.0,0.0,53.0,0.0
New Zealand,2024-W30,0.0,0.0,53.0,0.0
New Zealand,2024-W31,0.0,0.0,53.0,0.0
New Zealand,2024-W32,0.0,0.0,53.0,0.0
New Zealand,2024-W33,0.0,0.0,53.0,0.0
New Zealand,2024-W34,0.0,0.0,53.0,0.0
New Zealand,2024-W35,0.0,0.0,53.0,0.0
New Zealand,2024-W36,0.0,0.0,53.0,0.0
New Zealand,2024-W37,0.0,0.0,53.0,0.0
New Zealand,2024-W38,0.0,0.0,53.0,0.0
New Zealand,2024-W39,0.0,0.0,53.0,0.0
New Zealand,2024-W40,0.0,0.0,53.0,0.0
New Zealand,2024-W41,0.0,0.0,53.0,0.0
New Zealand,2024-W42,12.0,0.0,65.0,0.0
New Zealand,2024-W43,0.0,0.0,65.0,0.0
New Zealand,2024-W44,0.0,0.0,65.0,0.0
New Zealand,2024-W45,1.0,0.0,66.0,0.0
New Zealand,2024-W46,0.0,0.0,66.0,0.0
New Zealand,2024-W47,0.0,0.0,66.0,0.0
New Zealand,2024-W48,0.0,0.0,66.0,0.0
New Zealand,2024-W49,3.0,0.0,69.0,0.0
New Zealand,2024-W50,0.0,0.0,69.0,0.0
New Zealand,2024-W51,0.0,0.0,69.0,0.0
New Zealand,2024-W52,0.0,0.0,69.0,0.0
New Zealand,2025-W01,0.0,0.0,69.0,0.0
New Zealand,2025-W02,0.0,0.0,69.0,0.0
New Zealand,2025-W03,0.0,0.0,69.0,0.0
New Zealand,2025-W04,0.0,0.0,69.0,0.0
New Zealand,2025-W05,0.0,0.0,69.0,0.0
New Zealand,2025-W06,2.0,0.0,71.0,0.0
New Zealand,2025-W07,0.0,0.0,71.0,0.0
New Zealand,2025-W08,0.0,0.0,71.0,0.0
New Zealand,2025-W09,0.0,0.0,71.0,0.0
New Zealand,2025-W10,1.0,0.0,72.0,0.0
New Zealand,2025-W11,0.0,0.0,72.0,0.0
New Zealand,2025-W12,0.0,0.0,72.0,0.0
New Zealand,2025-W13,0.0,0.0,72.0,0.0
New Zealand,2025-W14,0.0,0.0,72.0,0.0
New Zealand,2025-W15,0.0,0.0,72.0,0.0
New Zealand,2025-W16,0.0,0.0,72.0,0.0
New Zealand,2025-W17,0.0,0.0,72.0,0.0
New Zealand,2025-W18,0.0,0.0,72.0,0.0
New Zealand,2025-W19,0.0,0.0,72.0,0.0
New Zealand,2025-W20,0.0,0.0,72.0,0.0
New Zealand,2025-W21,0.0,0.0,72.0,0.0
New Zealand,2025-W22,4.0,0.0,76.0,0.0
New Zealand,2025-W23,0.0,0.0,76.0,0.0
New Zealand,2025-W24,0.0,0.0,76.0,0.0
New Zealand,2025-W25,0.0,0.0,76.0,0.0
New Zealand,2025-W26,0.0,0.0,76.0,0.0
New Zealand,2025-W27,3.0,0.0,79.0,0.0
New Zealand,2025-W28,0.0,0.0,79.0,0.0
New Zealand,2025-W29,0.0,0.0,79.0,0.0
New Zealand,2025-W30,0.0,0.0,79.0,0.0
New Zealand,2025-W31,16.0,0.0,95.0,0.0
New Zealand,2025-W32,0.0,0.0,95.0,0.0
New Zealand,2025-W33,0.0,0.0,95.0,0.0
New Zealand,2025-W34,0.0,0.0,95.0,0.0
New Zealand,2025-W35,9.0,0.0,104.0,0.0
New Zealand,2025-W36,0.0,0.0,104.0,0.0
New Zealand,2025-W37,0.0,0.0,104.0,0.0
Nigeria,2022-W17,1.0,0.0,15.0,1.0
Nigeria,2022-W18,0.0,0.0,15.0,1.0
Nigeria,2022-W19,4.0,0.0,19.0,1.0
Nigeria,2022-W20,2.0,0.0,21.0,1.0
Nigeria,2022-W21,0.0,0.0,21.0,1.0
Nigeria,2022-W22,11.0,1.0,32.0,2.0
Nigeria,2022-W23,4.0,0.0,36.0,2.0
Nigeria,2022-W24,5.0,0.0,41.0,2.0
Nigeria,2022-W25,22.0,0.0,63.0,2.0
Nigeria,2022-W26,21.0,1.0,84.0,3.0
Nigeria,2022-W27,17.0,0.0,101.0,3.0
Nigeria,2022-W28,17.0,0.0,118.0,3.0
Nigeria,2022-W29,15.0,0.0,133.0,3.0
Nigeria,2022-W30,24.0,0.0,157.0,3.0
Nigeria,2022-W31,15.0,1.0,172.0,4.0
Nigeria,2022-W32,48.0,0.0,220.0,4.0
Nigeria,2022-W33,21.0,2.0,241.0,6.0
Nigeria,2022-W34,36.0,0.0,277.0,6.0
Nigeria,2022-W35,41.0,1.0,318.0,7.0
Nigeria,2022-W36,31.0,0.0,349.0,7.0
Nigeria,2022-W37,51.0,0.0,400.0,7.0
Nigeria,2022-W38,56.0,0.0,456.0,7.0
Nigeria,2022-W39,25.0,0.0,481.0,7.0
Nigeria,2022-W40,49.0,0.0,530.0,7.0
Nigeria,2022-W41,22.0,0.0,552.0,7.0
Nigeria,2022-W42,31.0,0.0,583.0,7.0
Nigeria,2022-W43,21.0,0.0,604.0,7.0
Nigeria,2022-W44,20.0,0.0,624.0,7.0
Nigeria,2022-W45,14.0,0.0,638.0,7.0
Nigeria,2022-W46,21.0,0.0,659.0,7.0
Nigeria,2022-W47,21.0,0.0,680.0,7.0
Nigeria,2022-W48,40.0,0.0,720.0,7.0
Nigeria,2022-W49,24.0,0.0,744.0,7.0
Nigeria,2022-W50,9.0,0.0,753.0,7.0
Nigeria,2022-W51,3.0,0.0,756.0,7.0
Nigeria,2022-W52,7.0,0.0,763.0,7.0
Nigeria,2023-W01,3.0,0.0,766.0,7.0
Nigeria,2023-W02,10.0,1.0,776.0,8.0
Nigeria,2023-W03,11.0,0.0,787.0,8.0
Nigeria,2023-W04,3.0,0.0,790.0,8.0
Nigeria,2023-W05,7.0,0.0,797.0,8.0
Nigeria,2023-W06,4.0,0.0,801.0,8.0
Nigeria,2023-W07,5.0,0.0,806.0,8.0
Nigeria,2023-W08,5.0,1.0,811.0,9.0
Nigeria,2023-W09,2.0,0.0,813.0,9.0
Nigeria,2023-W10,7.0,0.0,820.0,9.0
Nigeria,2023-W11,2.0,0.0,822.0,9.0
Nigeria,2023-W12,7.0,0.0,829.0,9.0
Nigeria,2023-W13,4.0,0.0,833.0,9.0
Nigeria,2023-W14,0.0,0.0,833.0,9.0
Nigeria,2023-W15,1.0,0.0,834.0,9.0
Nigeria,2023-W16,1.0,0.0,835.0,9.0
Nigeria,2023-W17,0.0,0.0,835.0,9.0
Nigeria,2023-W18,2.0,0.0,837.0,9.0
Nigeria,2023-W19,4.0,0.0,841.0,9.0
Nigeria,2023-W20,1.0,0.0,842.0,9.0
Nigeria,2023-W21,0.0,0.0,842.0,9.0
Nigeria,2023-W22,0.0,0.0,842.0,9.0
Nigeria,2023-W23,1.0,0.0,843.0,9.0
Nigeria,2023-W24,0.0,0.0,843.0,9.0
Nigeria,2023-W25,0.0,0.0,843.0,9.0
Nigeria,2023-W26,0.0,0.0,843.0,9.0
Nigeria,2023-W27,0.0,0.0,843.0,9.0
Nigeria,2023-W28,1.0,0.0,844.0,9.0
Nigeria,2023-W29,0.0,0.0,844.0,9.0
Nigeria,2023-W30,2.0,0.0,846.0,9.0
Nigeria,2023-W31,0.0,0.0,846.0,9.0
Nigeria,2023-W32,0.0,0.0,846.0,9.0
Nigeria,2023-W33,0.0,0.0,846.0,9.0
Nigeria,2023-W34,0.0,0.0,846.0,9.0
Nigeria,2023-W35,0.0,0.0,846.0,9.0
Nigeria,2023-W36,0.0,0.0,846.0,9.0
Nigeria,2023-W37,0.0,0.0,846.0,9.0
Nigeria,2023-W38,0.0,0.0,846.0,9.0
Nigeria,2023-W39,0.0,0.0,846.0,9.0
Nigeria,2023-W40,0.0,0.0,846.0,9.0
Nigeria,2023-W41,0.0,0.0,846.0,9.0
Nigeria,2023-W42,0.0,0.0,846.0,9.0
Nigeria,2023-W43,0.0,0.0,846.0,9.0
Nigeria,2023-W44,0.0,0.0,846.0,9.0
Nigeria,2023-W45,1.0,0.0,847.0,9.0
Nigeria,2023-W46,0.0,0.0,847.0,9.0
Nigeria,2023-W47,8.0,0.0,855.0,9.0
Nigeria,2023-W48,4.0,0.0,859.0,9.0
Nigeria,2023-W49,0.0,0.0,859.0,9.0
Nigeria,2023-W50,1.0,0.0,860.0,9.0
Nigeria,2023-W51,1.0,0.0,861.0,9.0
Nigeria,2023-W52,0.0,0.0,861.0,9.0
Nigeria,2024-W01,0.0,0.0,861.0,9.0
Nigeria,2024-W02,0.0,0.0,861.0,9.0
Nigeria,2024-W03,0.0,0.0,861.0,9.0
Nigeria,2024-W04,2.0,0.0,863.0,9.0
Nigeria,2024-W05,0.0,0.0,863.0,9.0
Nigeria,2024-W06,2.0,0.0,865.0,9.0
Nigeria,2024-W07,2.0,0.0,867.0,9.0
Nigeria,2024-W08,0.0,0.0,867.0,9.0
Nigeria,2024-W09,0.0,0.0,867.0,9.0
Nigeria,2024-W10,4.0,0.0,871.0,9.0
Nigeria,2024-W11,2.0,0.0,873.0,9.0
Nigeria,2024-W12,0.0,0.0,873.0,9.0
Nigeria,2024-W13,6.0,0.0,879.0,9.0
Nigeria,2024-W14,1.0,0.0,880.0,9.0
Nigeria,2024-W15,1.0,0.0,881.0,9.0
Nigeria,2024-W16,0.0,0.0,881.0,9.0
Nigeria,2024-W17,2.0,0.0,883.0,9.0
Nigeria,2024-W18,2.0,0.0,885.0,9.0
Nigeria,2024-W19,0.0,0.0,885.0,9.0
Nigeria,2024-W20,0.0,0.0,885.0,9.0
Nigeria,2024-W21,2.0,0.0,887.0,9.0
Nigeria,2024-W22,1.0,0.0,888.0,9.0
Nigeria,2024-W23,1.0,0.0,889.0,9.0
Nigeria,2024-W24,2.0,0.0,891.0,9.0
Nigeria,2024-W25,1.0,0.0,892.0,9.0
Nigeria,2024-W26,3.0,0.0,895.0,9.0
Nigeria,2024-W27,3.0,0.0,898.0,9.0
Nigeria,2024-W28,0.0,0.0,898.0,9.0
Nigeria,2024-W29,1.0,0.0,899.0,9.0
Nigeria,2024-W30,0.0,0.0,899.0,9.0
Nigeria,2024-W31,0.0,0.0,899.0,9.0
Nigeria,2024-W32,2.0,0.0,901.0,9.0
Nigeria,2024-W33,3.0,0.0,904.0,9.0
Nigeria,2024-W34,10.0,0.0,914.0,9.0
Nigeria,2024-W35,8.0,0.0,922.0,9.0
Nigeria,2024-W36,9.0,0.0,931.0,9.0
Nigeria,2024-W37,6.0,0.0,937.0,9.0
Nigeria,2024-W38,5.0,0.0,942.0,9.0
Nigeria,2024-W39,10.0,0.0,952.0,9.0
Nigeria,2024-W40,7.0,0.0,959.0,9.0
Nigeria,2024-W41,9.0,0.0,968.0,9.0
Nigeria,2024-W42,8.0,0.0,976.0,9.0
Nigeria,2024-W43,10.0,0.0,986.0,9.0
Nigeria,2024-W44,6.0,0.0,992.0,9.0
Nigeria,2024-W45,13.0,0.0,1005.0,9.0
Nigeria,2024-W46,6.0,0.0,1011.0,9.0
Nigeria,2024-W47,3.0,0.0,1014.0,9.0
Nigeria,2024-W48,7.0,0.0,1021.0,9.0
Nigeria,2024-W49,15.0,0.0,1036.0,9.0
Nigeria,2024-W50,6.0,0.0,1042.0,9.0
Nigeria,2024-W51,4.0,0.0,1046.0,9.0
Nigeria,2024-W52,4.0,0.0,1050.0,9.0
Nigeria,2025-W01,2.0,0.0,1052.0,9.0
Nigeria,2025-W02,4.0,0.0,1056.0,9.0
Nigeria,2025-W03,7.0,0.0,1063.0,9.0
Nigeria,2025-W04,5.0,0.0,1068.0,9.0
Nigeria,2025-W05,11.0,0.0,1079.0,9.0
Nigeria,2025-W06,24.0,1.0,1103.0,10.0
Nigeria,2025-W07,7.0,1.0,1110.0,11.0
Nigeria,2025-W08,8.0,0.0,1118.0,11.0
Nigeria,2025-W09,15.0,0.0,1133.0,11.0
Nigeria,2025-W10,9.0,0.0,1142.0,11.0
Nigeria,2025-W11,12.0,0.0,1154.0,11.0
Nigeria,2025-W12,7.0,0.0,1161.0,11.0
Nigeria,2025-W13,3.0,0.0,1164.0,11.0
Nigeria,2025-W14,17.0,1.0,1181.0,12.0
Nigeria,2025-W15,6.0,0.0,1187.0,12.0
Nigeria,2025-W16,4.0,0.0,1191.0,12.0
Nigeria,2025-W17,6.0,0.0,1197.0,12.0
Nigeria,2025-W18,4.0,0.0,1201.0,12.0
Nigeria,2025-W19,4.0,0.0,1205.0,12.0
Nigeria,2025-W20,11.0,0.0,1216.0,12.0
Nigeria,2025-W21,2.0,0.0,1218.0,12.0
Nigeria,2025-W22,5.0,0.0,1223.0,12.0
Nigeria,2025-W23,10.0,0.0,1233.0,12.0
Nigeria,2025-W24,11.0,0.0,1244.0,12.0
Nigeria,2025-W25,13.0,0.0,1257.0,12.0
Nigeria,2025-W26,13.0,0.0,1270.0,12.0
Nigeria,2025-W27,13.0,0.0,1283.0,12.0
Nigeria,2025-W28,9.0,1.0,1292.0,13.0
Nigeria,2025-W29,5.0,0.0,1297.0,13.0
Nigeria,2025-W30,4.0,0.0,1301.0,13.0
Nigeria,2025-W31,10.0,0.0,1311.0,13.0
Nigeria,2025-W32,13.0,0.0,1324.0,13.0
Nigeria,2025-W33,9.0,0.0,1333.0,13.0
Nigeria,2025-W34,30.0,0.0,1363.0,13.0
Nigeria,2025-W35,8.0,0.0,1371.0,13.0
Nigeria,2025-W36,10.0,0.0,1381.0,13.0
Nigeria,2025-W37,9.0,0.0,1390.0,13.0
Nigeria,2025-W38,9.0,0.0,1399.0,13.0
Nigeria,2025-W39,10.0,0.0,1409.0,13.0
Nigeria,2025-W40,2.0,0.0,1411.0,13.0
Nigeria,2025-W41,7.0,0.0,1418.0,13.0
Nigeria,2025-W42,3.0,1.0,1421.0,14.0
Nigeria,2025-W43,10.0,0.0,1431.0,14.0
Nigeria,2025-W44,6.0,0.0,1437.0,14.0
Nigeria,2025-W45,18.0,1.0,1455.0,15.0
Nigeria,2025-W46,1.0,0.0,1456.0,15.0
Nigeria,2025-W47,8.0,0.0,1464.0,15.0
Nigeria,2025-W48,9.0,0.0,1473.0,15.0
North America,2022-W17,0.0,0.0,3.0,0.0
North America,2022-W18,12.0,0.0,15.0,0.0
North America,2022-W19,22.0,0.0,37.0,0.0
North America,2022-W20,47.0,0.0,84.0,0.0
North America,2022-W21,63.0,0.0,147.0,0.0
North America,2022-W22,122.0,0.0,269.0,0.0
North America,2022-W23,171.0,0.0,440.0,0.0
North America,2022-W24,271.0,0.0,711.0,0.0
North America,2022-W25,459.0,0.0,1170.0,0.0
North America,2022-W26,873.0,0.0,2043.0,0.0
North America,2022-W27,1427.0,1.0,3470.0,1.0
North America,2022-W28,2164.0,2.0,5634.0,3.0
North America,2022-W29,2573.0,0.0,8207.0,3.0
North America,2022-W30,3130.0,5.0,11337.0,8.0
North America,2022-W31,3503.0,4.0,14840.0,12.0
North America,2022-W32,3220.0,6.0,18060.0,18.0
North America,2022-W33,2950.0,7.0,21010.0,25.0
North America,2022-W34,2479.0,7.0,23489.0,32.0
North America,2022-W35,2162.0,6.0,25651.0,38.0
North America,2022-W36,1855.0,4.0,27506.0,42.0
North America,2022-W37,1547.0,4.0,29053.0,46.0
North America,2022-W38,1211.0,5.0,30264.0,51.0
North America,2022-W39,1002.0,5.0,31266.0,56.0
North America,2022-W40,820.0,1.0,32086.0,57.0
North America,2022-W41,727.0,5.0,32813.0,62.0
North America,2022-W42,561.0,1.0,33374.0,63.0
North America,2022-W43,480.0,1.0,33854.0,64.0
North America,2022-W44,439.0,3.0,34293.0,67.0
North America,2022-W45,354.0,1.0,34647.0,68.0
North America,2022-W46,305.0,4.0,34952.0,72.0
North America,2022-W47,249.0,1.0,35201.0,73.0
North America,2022-W48,215.0,1.0,35416.0,74.0
North America,2022-W49,190.0,0.0,35606.0,74.0
North America,2022-W50,171.0,2.0,35777.0,76.0
North America,2022-W51,141.0,0.0,35918.0,76.0
North America,2022-W52,119.0,0.0,36037.0,76.0
North America,2023-W01,145.0,3.0,36182.0,79.0
North America,2023-W02,141.0,2.0,36323.0,81.0
North America,2023-W03,106.0,0.0,36429.0,81.0
North America,2023-W04,101.0,0.0,36530.0,81.0
North America,2023-W05,94.0,1.0,36624.0,82.0
North America,2023-W06,72.0,1.0,36696.0,83.0
North America,2023-W07,77.0,1.0,36773.0,84.0
North America,2023-W08,48.0,1.0,36821.0,85.0
North America,2023-W09,55.0,1.0,36876.0,86.0
North America,2023-W10,46.0,3.0,36922.0,89.0
North America,2023-W11,41.0,0.0,36963.0,89.0
North America,2023-W12,34.0,1.0,36997.0,90.0
North America,2023-W13,28.0,0.0,37025.0,90.0
North America,2023-W14,15.0,1.0,37040.0,91.0
North America,2023-W15,16.0,0.0,37056.0,91.0
North America,2023-W16,29.0,0.0,37085.0,91.0
North America,2023-W17,19.0,1.0,37104.0,92.0
North America,2023-W18,29.0,0.0,37133.0,92.0
North America,2023-W19,23.0,1.0,37156.0,93.0
North America,2023-W20,26.0,0.0,37182.0,93.0
North America,2023-W21,27.0,0.0,37209.0,93.0
North America,2023-W22,29.0,0.0,37238.0,93.0
North America,2023-W23,30.0,0.0,37268.0,93.0
North America,2023-W24,30.0,0.0,37298.0,93.0
North America,2023-W25,29.0,0.0,37327.0,93.0
North America,2023-W26,38.0,1.0,37365.0,94.0
North America,2023-W27,37.0,0.0,37402.0,94.0
North America,2023-W28,40.0,0.0,37442.0,94.0
North America,2023-W29,27.0,1.0,37469.0,95.0
North America,2023-W30,26.0,0.0,37495.0,95.0
North America,2023-W31,32.0,0.0,37527.0,95.0
North America,2023-W32,32.0,0.0,37559.0,95.0
North America,2023-W33,26.0,0.0,37585.0,95.0
North America,2023-W34,22.0,0.0,37607.0,95.0
North America,2023-W35,15.0,0.0,37622.0,95.0
North America,2023-W36,27.0,0.0,37649.0,95.0
North America,2023-W37,39.0,0.0,37688.0,95.0
North America,2023-W38,41.0,0.0,37729.0,95.0
North America,2023-W39,36.0,0.0,37765.0,95.0
North America,2023-W40,54.0,0.0,37819.0,95.0
North America,2023-W41,67.0,0.0,37886.0,95.0
North America,2023-W42,68.0,0.0,37954.0,95.0
North America,2023-W43,62.0,1.0,38016.0,96.0
North America,2023-W44,60.0,0.0,38076.0,96.0
North America,2023-W45,75.0,0.0,38151.0,96.0
North America,2023-W46,76.0,0.0,38227.0,96.0
North America,2023-W47,61.0,0.0,38288.0,96.0
North America,2023-W48,69.0,2.0,38357.0,98.0
North America,2023-W49,72.0,1.0,38429.0,99.0
North America,2023-W50,54.0,0.0,38483.0,99.0
North America,2023-W51,62.0,0.0,38545.0,99.0
North America,2023-W52,58.0,0.0,38603.0,99.0
North America,2024-W01,50.0,0.0,38653.0,99.0
North America,2024-W02,59.0,0.0,38712.0,99.0
North America,2024-W03,72.0,1.0,38784.0,100.0
North America,2024-W04,51.0,0.0,38835.0,100.0
North America,2024-W05,88.0,0.0,38923.0,100.0
North America,2024-W06,69.0,0.0,38992.0,100.0
North America,2024-W07,69.0,0.0,39061.0,100.0
North America,2024-W08,70.0,0.0,39131.0,100.0
North America,2024-W09,75.0,0.0,39206.0,100.0
North America,2024-W10,77.0,0.0,39283.0,100.0
North America,2024-W11,80.0,0.0,39363.0,100.0
North America,2024-W12,58.0,0.0,39421.0,100.0
North America,2024-W13,69.0,0.0,39490.0,100.0
North America,2024-W14,53.0,0.0,39543.0,100.0
North America,2024-W15,75.0,0.0,39618.0,100.0
North America,2024-W16,83.0,0.0,39701.0,100.0
North America,2024-W17,80.0,0.0,39781.0,100.0
North America,2024-W18,59.0,0.0,39840.0,100.0
North America,2024-W19,60.0,0.0,39900.0,100.0
North America,2024-W20,63.0,0.0,39963.0,100.0
North America,2024-W21,66.0,1.0,40029.0,101.0
North America,2024-W22,65.0,0.0,40094.0,101.0
North America,2024-W23,74.0,0.0,40168.0,101.0
North America,2024-W24,83.0,0.0,40251.0,101.0
North America,2024-W25,54.0,0.0,40305.0,101.0
North America,2024-W26,63.0,0.0,40368.0,101.0
North America,2024-W27,69.0,0.0,40437.0,101.0
North America,2024-W28,73.0,1.0,40510.0,102.0
North America,2024-W29,79.0,0.0,40589.0,102.0
North America,2024-W30,65.0,0.0,40654.0,102.0
North America,2024-W31,79.0,0.0,40733.0,102.0
North America,2024-W32,78.0,0.0,40811.0,102.0
North America,2024-W33,87.0,0.0,40898.0,102.0
North America,2024-W34,81.0,0.0,40979.0,102.0
North America,2024-W35,91.0,0.0,41070.0,102.0
North America,2024-W36,99.0,0.0,41169.0,102.0
North America,2024-W37,83.0,1.0,41252.0,103.0
North America,2024-W38,66.0,0.0,41318.0,103.0
North America,2024-W39,87.0,0.0,41405.0,103.0
North America,2024-W40,70.0,0.0,41475.0,103.0
North America,2024-W41,53.0,0.0,41528.0,103.0
North America,2024-W42,43.0,0.0,41571.0,103.0
North America,2024-W43,58.0,1.0,41629.0,104.0
North America,2024-W44,52.0,0.0,41681.0,104.0
North America,2024-W45,50.0,0.0,41731.0,104.0
North America,2024-W46,52.0,0.0,41783.0,104.0
North America,2024-W47,45.0,0.0,41828.0,104.0
North America,2024-W48,34.0,0.0,41862.0,104.0
North America,2024-W49,34.0,0.0,41896.0,104.0
North America,2024-W50,37.0,0.0,41933.0,104.0
North America,2024-W51,35.0,0.0,41968.0,104.0
North America,2024-W52,33.0,0.0,42001.0,104.0
North America,2025-W01,30.0,0.0,42031.0,104.0
North America,2025-W02,31.0,0.0,42062.0,104.0
North America,2025-W03,23.0,0.0,42085.0,104.0
North America,2025-W04,27.0,0.0,42112.0,104.0
North America,2025-W05,29.0,0.0,42141.0,104.0
North America,2025-W06,33.0,0.0,42174.0,104.0
North America,2025-W07,27.0,0.0,42201.0,104.0
North America,2025-W08,31.0,0.0,42232.0,104.0
North America,2025-W09,35.0,0.0,42267.0,104.0
North America,2025-W10,33.0,0.0,42300.0,104.0
North America,2025-W11,34.0,0.0,42334.0,104.0
North America,2025-W12,38.0,0.0,42372.0,104.0
North America,2025-W13,32.0,0.0,42404.0,104.0
North America,2025-W14,29.0,0.0,42433.0,104.0
North America,2025-W15,50.0,0.0,42483.0,104.0
North America,2025-W16,59.0,0.0,42542.0,104.0
North America,2025-W17,49.0,0.0,42591.0,104.0
North America,2025-W18,69.0,0.0,42660.0,104.0
North America,2025-W19,71.0,1.0,42731.0,105.0
North America,2025-W20,71.0,0.0,42802.0,105.0
North America,2025-W21,56.0,0.0,42858.0,105.0
North America,2025-W22,77.0,0.0,42935.0,105.0
North America,2025-W23,57.0,0.0,42992.0,105.0
North America,2025-W24,55.0,1.0,43047.0,106.0
North America,2025-W25,72.0,0.0,43119.0,106.0
North America,2025-W26,43.0,0.0,43162.0,106.0
North America,2025-W27,84.0,0.0,43246.0,106.0
North America,2025-W28,98.0,1.0,43344.0,107.0
North America,2025-W29,97.0,0.0,43441.0,107.0
North America,2025-W30,90.0,0.0,43531.0,107.0
North America,2025-W31,86.0,0.0,43617.0,107.0
North America,2025-W32,96.0,0.0,43713.0,107.0
North America,2025-W33,131.0,0.0,43844.0,107.0
North America,2025-W34,99.0,0.0,43943.0,107.0
North America,2025-W35,104.0,1.0,44047.0,108.0
North America,2025-W36,122.0,0.0,44169.0,108.0
North America,2025-W37,122.0,0.0,44291.0,108.0
North America,2025-W38,138.0,0.0,44429.0,108.0
North America,2025-W39,120.0,0.0,44549.0,108.0
North America,2025-W40,133.0,0.0,44682.0,108.0
North America,2025-W41,115.0,0.0,44797.0,108.0
North America,2025-W42,114.0,1.0,44911.0,109.0
North America,2025-W43,109.0,0.0,45020.0,109.0
North America,2025-W44,94.0,0.0,45114.0,109.0
North America,2025-W45,81.0,0.0,45195.0,109.0
North America,2025-W46,69.0,0.0,45264.0,109.0
North America,2025-W47,61.0,0.0,45325.0,109.0
North America,2025-W48,51.0,0.0,45376.0,109.0
North America,2025-W49,40.0,0.0,45416.0,109.0
North America,2025-W50,50.0,0.0,45466.0,109.0
North America,2025-W51,24.0,0.0,45490.0,109.0
North America,2025-W52,5.0,0.0,45495.0,109.0
North America,2026-W01,5.0,0.0,45500.0,109.0
North Macedonia,2025-W20,2.0,0.0,2.0,0.0
North Macedonia,2025-W21,0.0,0.0,2.0,0.0
North Macedonia,2025-W22,0.0,0.0,2.0,0.0
North Macedonia,2025-W23,0.0,0.0,2.0,0.0
North Macedonia,2025-W24,0.0,0.0,2.0,0.0
North Macedonia,2025-W25,0.0,0.0,2.0,0.0
North Macedonia,2025-W26,0.0,0.0,2.0,0.0
North Macedonia,2025-W27,0.0,0.0,2.0,0.0
North Macedonia,2025-W28,0.0,0.0,2.0,0.0
North Macedonia,2025-W29,0.0,0.0,2.0,0.0
North Macedonia,2025-W30,0.0,0.0,2.0,0.0
North Macedonia,2025-W31,0.0,0.0,2.0,0.0
North Macedonia,2025-W32,0.0,0.0,2.0,0.0
North Macedonia,2025-W33,0.0,0.0,2.0,0.0
North Macedonia,2025-W34,0.0,0.0,2.0,0.0
North Macedonia,2025-W35,0.0,0.0,2.0,0.0
North Macedonia,2025-W36,0.0,0.0,2.0,0.0
North Macedonia,2025-W37,0.0,0.0,2.0,0.0
North Macedonia,2025-W38,0.0,0.0,2.0,0.0
North Macedonia,2025-W39,0.0,0.0,2.0,0.0
North Macedonia,2025-W40,0.0,0.0,2.0,0.0
North Macedonia,2025-W41,0.0,0.0,2.0,0.0
North Macedonia,2025-W42,0.0,0.0,2.0,0.0
North Macedonia,2025-W43,0.0,0.0,2.0,0.0
North Macedonia,2025-W44,0.0,0.0,2.0,0.0
North Macedonia,2025-W45,0.0,0.0,2.0,0.0
North Macedonia,2025-W46,0.0,0.0,2.0,0.0
North Macedonia,2025-W47,0.0,0.0,2.0,0.0
North Macedonia,2025-W48,0.0,0.0,2.0,0.0
North Macedonia,2025-W49,0.0,0.0,2.0,0.0
North Macedonia,2025-W50,0.0,0.0,2.0,0.0
North Macedonia,2025-W51,0.0,0.0,2.0,0.0
North Macedonia,2025-W52,0.0,0.0,2.0,0.0
Norway,2022-W22,2.0,0.0,2.0,0.0
Norway,2022-W23,0.0,0.0,2.0,0.0
Norway,2022-W24,2.0,0.0,4.0,0.0
Norway,2022-W25,0.0,0.0,4.0,0.0
Norway,2022-W26,11.0,0.0,15.0,0.0
Norway,2022-W27,4.0,0.0,19.0,0.0
Norway,2022-W28,16.0,0.0,35.0,0.0
Norway,2022-W29,11.0,0.0,46.0,0.0
Norway,2022-W30,5.0,0.0,51.0,0.0
Norway,2022-W31,13.0,0.0,64.0,0.0
Norway,2022-W32,6.0,0.0,70.0,0.0
Norway,2022-W33,6.0,0.0,76.0,0.0
Norway,2022-W34,3.0,0.0,79.0,0.0
Norway,2022-W35,3.0,0.0,82.0,0.0
Norway,2022-W36,3.0,0.0,85.0,0.0
Norway,2022-W37,4.0,0.0,89.0,0.0
Norway,2022-W38,2.0,0.0,91.0,0.0
Norway,2022-W39,1.0,0.0,92.0,0.0
Norway,2022-W40,0.0,0.0,92.0,0.0
Norway,2022-W41,0.0,0.0,92.0,0.0
Norway,2022-W42,0.0,0.0,92.0,0.0
Norway,2022-W43,1.0,0.0,93.0,0.0
Norway,2022-W44,0.0,0.0,93.0,0.0
Norway,2022-W45,0.0,0.0,93.0,0.0
Norway,2022-W46,0.0,0.0,93.0,0.0
Norway,2022-W47,0.0,0.0,93.0,0.0
Norway,2022-W48,0.0,0.0,93.0,0.0
Norway,2022-W49,0.0,0.0,93.0,0.0
Norway,2022-W50,0.0,0.0,93.0,0.0
Norway,2022-W51,0.0,0.0,93.0,0.0
Norway,2022-W52,0.0,0.0,93.0,0.0
Norway,2023-W01,1.0,0.0,94.0,0.0
Norway,2023-W02,0.0,0.0,94.0,0.0
Norway,2023-W03,0.0,0.0,94.0,0.0
Norway,2023-W04,0.0,0.0,94.0,0.0
Norway,2023-W05,1.0,0.0,95.0,0.0
Norway,2023-W06,0.0,0.0,95.0,0.0
Norway,2023-W07,0.0,0.0,95.0,0.0
Norway,2023-W08,0.0,0.0,95.0,0.0
Norway,2023-W09,0.0,0.0,95.0,0.0
Norway,2023-W10,0.0,0.0,95.0,0.0
Norway,2023-W11,0.0,0.0,95.0,0.0
Norway,2023-W12,0.0,0.0,95.0,0.0
Norway,2023-W13,0.0,0.0,95.0,0.0
Norway,2023-W14,0.0,0.0,95.0,0.0
Norway,2023-W15,0.0,0.0,95.0,0.0
Norway,2023-W16,0.0,0.0,95.0,0.0
Norway,2023-W17,0.0,0.0,95.0,0.0
Norway,2023-W18,0.0,0.0,95.0,0.0
Norway,2023-W19,0.0,0.0,95.0,0.0
Norway,2023-W20,0.0,0.0,95.0,0.0
Norway,2023-W21,0.0,0.0,95.0,0.0
Norway,2023-W22,0.0,0.0,95.0,0.0
Norway,2023-W23,0.0,0.0,95.0,0.0
Norway,2023-W24,0.0,0.0,95.0,0.0
Norway,2023-W25,0.0,0.0,95.0,0.0
Norway,2023-W26,0.0,0.0,95.0,0.0
Norway,2023-W27,1.0,0.0,96.0,0.0
Norway,2023-W28,0.0,0.0,96.0,0.0
Norway,2023-W29,0.0,0.0,96.0,0.0
Norway,2023-W30,0.0,0.0,96.0,0.0
Norway,2023-W31,0.0,0.0,96.0,0.0
Norway,2023-W32,0.0,0.0,96.0,0.0
Norway,2023-W33,0.0,0.0,96.0,0.0
Norway,2023-W34,0.0,0.0,96.0,0.0
Norway,2023-W35,0.0,0.0,96.0,0.0
Norway,2023-W36,0.0,0.0,96.0,0.0
Norway,2023-W37,0.0,0.0,96.0,0.0
Norway,2023-W38,4.0,0.0,100.0,0.0
Norway,2023-W39,1.0,0.0,101.0,0.0
Norway,2023-W40,0.0,0.0,101.0,0.0
Norway,2023-W41,0.0,0.0,101.0,0.0
Norway,2023-W42,0.0,0.0,101.0,0.0
Norway,2023-W43,0.0,0.0,101.0,0.0
Norway,2023-W44,1.0,0.0,102.0,0.0
Norway,2023-W45,0.0,0.0,102.0,0.0
Norway,2023-W46,0.0,0.0,102.0,0.0
Norway,2023-W47,0.0,0.0,102.0,0.0
Norway,2023-W48,2.0,0.0,104.0,0.0
Norway,2023-W49,0.0,0.0,104.0,0.0
Norway,2023-W50,0.0,0.0,104.0,0.0
Norway,2023-W51,0.0,0.0,104.0,0.0
Norway,2023-W52,0.0,0.0,104.0,0.0
Norway,2024-W01,0.0,0.0,104.0,0.0
Norway,2024-W02,0.0,0.0,104.0,0.0
Norway,2024-W03,0.0,0.0,104.0,0.0
Norway,2024-W04,0.0,0.0,104.0,0.0
Norway,2024-W05,1.0,0.0,105.0,0.0
Norway,2024-W06,0.0,0.0,105.0,0.0
Norway,2024-W07,0.0,0.0,105.0,0.0
Norway,2024-W08,0.0,0.0,105.0,0.0
Norway,2024-W09,0.0,0.0,105.0,0.0
Norway,2024-W10,0.0,0.0,105.0,0.0
Norway,2024-W11,0.0,0.0,105.0,0.0
Norway,2024-W12,0.0,0.0,105.0,0.0
Norway,2024-W13,0.0,0.0,105.0,0.0
Norway,2024-W14,0.0,0.0,105.0,0.0
Norway,2024-W15,0.0,0.0,105.0,0.0
Norway,2024-W16,0.0,0.0,105.0,0.0
Norway,2024-W17,0.0,0.0,105.0,0.0
Norway,2024-W18,1.0,0.0,106.0,0.0
Norway,2024-W19,0.0,0.0,106.0,0.0
Norway,2024-W20,0.0,0.0,106.0,0.0
Norway,2024-W21,0.0,0.0,106.0,0.0
Norway,2024-W22,0.0,0.0,106.0,0.0
Norway,2024-W23,0.0,0.0,106.0,0.0
Norway,2024-W24,0.0,0.0,106.0,0.0
Norway,2024-W25,0.0,0.0,106.0,0.0
Norway,2024-W26,0.0,0.0,106.0,0.0
Norway,2024-W27,0.0,0.0,106.0,0.0
Norway,2024-W28,0.0,0.0,106.0,0.0
Norway,2024-W29,0.0,0.0,106.0,0.0
Norway,2024-W30,0.0,0.0,106.0,0.0
Norway,2024-W31,1.0,0.0,107.0,0.0
Norway,2024-W32,0.0,0.0,107.0,0.0
Norway,2024-W33,0.0,0.0,107.0,0.0
Norway,2024-W34,0.0,0.0,107.0,0.0
Norway,2024-W35,2.0,0.0,109.0,0.0
Norway,2024-W36,0.0,0.0,109.0,0.0
Norway,2024-W37,0.0,0.0,109.0,0.0
Norway,2024-W38,0.0,0.0,109.0,0.0
Norway,2024-W39,0.0,0.0,109.0,0.0
Norway,2024-W40,0.0,0.0,109.0,0.0
Norway,2024-W41,0.0,0.0,109.0,0.0
Norway,2024-W42,0.0,0.0,109.0,0.0
Norway,2024-W43,0.0,0.0,109.0,0.0
Norway,2024-W44,7.0,0.0,116.0,0.0
Norway,2024-W45,0.0,0.0,116.0,0.0
Norway,2024-W46,0.0,0.0,116.0,0.0
Norway,2024-W47,0.0,0.0,116.0,0.0
Norway,2024-W48,3.0,0.0,119.0,0.0
Norway,2024-W49,0.0,0.0,119.0,0.0
Norway,2024-W50,0.0,0.0,119.0,0.0
Norway,2024-W51,0.0,0.0,119.0,0.0
Norway,2024-W52,0.0,0.0,119.0,0.0
Norway,2025-W01,0.0,0.0,119.0,0.0
Norway,2025-W02,2.0,0.0,121.0,0.0
Norway,2025-W03,0.0,0.0,121.0,0.0
Norway,2025-W04,0.0,0.0,121.0,0.0
Norway,2025-W05,0.0,0.0,121.0,0.0
Norway,2025-W06,0.0,0.0,121.0,0.0
Norway,2025-W07,0.0,0.0,121.0,0.0
Norway,2025-W08,0.0,0.0,121.0,0.0
Norway,2025-W09,0.0,0.0,121.0,0.0
Norway,2025-W10,0.0,0.0,121.0,0.0
Norway,2025-W11,0.0,0.0,121.0,0.0
Norway,2025-W12,0.0,0.0,121.0,0.0
Norway,2025-W13,0.0,0.0,121.0,0.0
Norway,2025-W14,0.0,0.0,121.0,0.0
Norway,2025-W15,0.0,0.0,121.0,0.0
Norway,2025-W16,0.0,0.0,121.0,0.0
Norway,2025-W17,0.0,0.0,121.0,0.0
Norway,2025-W18,2.0,0.0,123.0,0.0
Norway,2025-W19,0.0,0.0,123.0,0.0
Norway,2025-W20,3.0,0.0,126.0,0.0
Norway,2025-W21,0.0,0.0,126.0,0.0
Norway,2025-W22,0.0,0.0,126.0,0.0
Norway,2025-W23,0.0,0.0,126.0,0.0
Norway,2025-W24,1.0,0.0,127.0,0.0
Norway,2025-W25,0.0,0.0,127.0,0.0
Norway,2025-W26,0.0,0.0,127.0,0.0
Norway,2025-W27,0.0,0.0,127.0,0.0
Norway,2025-W28,0.0,0.0,127.0,0.0
Norway,2025-W29,0.0,0.0,127.0,0.0
Norway,2025-W30,0.0,0.0,127.0,0.0
Norway,2025-W31,0.0,0.0,127.0,0.0
Norway,2025-W32,0.0,0.0,127.0,0.0
Norway,2025-W33,2.0,0.0,129.0,0.0
Norway,2025-W34,0.0,0.0,129.0,0.0
Norway,2025-W35,0.0,0.0,129.0,0.0
Norway,2025-W36,0.0,0.0,129.0,0.0
Norway,2025-W37,1.0,0.0,130.0,0.0
Norway,2025-W38,0.0,0.0,130.0,0.0
Norway,2025-W39,0.0,0.0,130.0,0.0
Norway,2025-W40,0.0,0.0,130.0,0.0
Norway,2025-W41,1.0,0.0,131.0,0.0
Norway,2025-W42,0.0,0.0,131.0,0.0
Norway,2025-W43,0.0,0.0,131.0,0.0
Norway,2025-W44,0.0,0.0,131.0,0.0
Norway,2025-W45,0.0,0.0,131.0,0.0
Norway,2025-W46,1.0,0.0,132.0,0.0
Norway,2025-W47,0.0,0.0,132.0,0.0
Norway,2025-W48,0.0,0.0,132.0,0.0
Norway,2025-W49,0.0,0.0,132.0,0.0
Norway,2025-W50,0.0,0.0,132.0,0.0
Norway,2025-W51,0.0,0.0,132.0,0.0
Norway,2025-W52,0.0,0.0,132.0,0.0
Oceania,2022-W20,2.0,0.0,2.0,0.0
Oceania,2022-W21,0.0,0.0,2.0,0.0
Oceania,2022-W22,3.0,0.0,5.0,0.0
Oceania,2022-W23,2.0,0.0,7.0,0.0
Oceania,2022-W24,1.0,0.0,8.0,0.0
Oceania,2022-W25,1.0,0.0,9.0,0.0
Oceania,2022-W26,3.0,0.0,12.0,0.0
Oceania,2022-W27,11.0,0.0,23.0,0.0
Oceania,2022-W28,13.0,0.0,36.0,0.0
Oceania,2022-W29,11.0,0.0,47.0,0.0
Oceania,2022-W30,1.0,0.0,48.0,0.0
Oceania,2022-W31,14.0,0.0,62.0,0.0
Oceania,2022-W32,13.0,0.0,75.0,0.0
Oceania,2022-W33,19.0,0.0,94.0,0.0
Oceania,2022-W34,17.0,0.0,111.0,0.0
Oceania,2022-W35,19.0,0.0,130.0,0.0
Oceania,2022-W36,5.0,0.0,135.0,0.0
Oceania,2022-W37,4.0,0.0,139.0,0.0
Oceania,2022-W38,7.0,0.0,146.0,0.0
Oceania,2022-W39,1.0,0.0,147.0,0.0
Oceania,2022-W40,4.0,0.0,151.0,0.0
Oceania,2022-W41,12.0,0.0,163.0,0.0
Oceania,2022-W42,6.0,0.0,169.0,0.0
Oceania,2022-W43,1.0,0.0,170.0,0.0
Oceania,2022-W44,6.0,0.0,176.0,0.0
Oceania,2022-W45,0.0,0.0,176.0,0.0
Oceania,2022-W46,2.0,0.0,178.0,0.0
Oceania,2022-W47,3.0,0.0,181.0,0.0
Oceania,2022-W48,3.0,0.0,184.0,0.0
Oceania,2022-W49,2.0,0.0,186.0,0.0
Oceania,2022-W50,0.0,0.0,186.0,0.0
Oceania,2022-W51,0.0,0.0,186.0,0.0
Oceania,2022-W52,0.0,0.0,186.0,0.0
Oceania,2023-W01,0.0,0.0,186.0,0.0
Oceania,2023-W02,1.0,0.0,187.0,0.0
Oceania,2023-W03,0.0,0.0,187.0,0.0
Oceania,2023-W04,0.0,0.0,187.0,0.0
Oceania,2023-W05,1.0,0.0,188.0,0.0
Oceania,2023-W06,0.0,0.0,188.0,0.0
Oceania,2023-W07,0.0,0.0,188.0,0.0
Oceania,2023-W08,0.0,0.0,188.0,0.0
Oceania,2023-W09,1.0,0.0,189.0,0.0
Oceania,2023-W10,0.0,0.0,189.0,0.0
Oceania,2023-W11,0.0,0.0,189.0,0.0
Oceania,2023-W12,0.0,0.0,189.0,0.0
Oceania,2023-W13,0.0,0.0,189.0,0.0
Oceania,2023-W14,0.0,0.0,189.0,0.0
Oceania,2023-W15,0.0,0.0,189.0,0.0
Oceania,2023-W16,0.0,0.0,189.0,0.0
Oceania,2023-W17,0.0,0.0,189.0,0.0
Oceania,2023-W18,0.0,0.0,189.0,0.0
Oceania,2023-W19,0.0,0.0,189.0,0.0
Oceania,2023-W20,0.0,0.0,189.0,0.0
Oceania,2023-W21,0.0,0.0,189.0,0.0
Oceania,2023-W22,2.0,0.0,191.0,0.0
Oceania,2023-W23,0.0,0.0,191.0,0.0
Oceania,2023-W24,0.0,0.0,191.0,0.0
Oceania,2023-W25,0.0,0.0,191.0,0.0
Oceania,2023-W26,0.0,0.0,191.0,0.0
Oceania,2023-W27,0.0,0.0,191.0,0.0
Oceania,2023-W28,0.0,0.0,191.0,0.0
Oceania,2023-W29,0.0,0.0,191.0,0.0
Oceania,2023-W30,0.0,0.0,191.0,0.0
Oceania,2023-W31,0.0,0.0,191.0,0.0
Oceania,2023-W32,0.0,0.0,191.0,0.0
Oceania,2023-W33,0.0,0.0,191.0,0.0
Oceania,2023-W34,8.0,0.0,199.0,0.0
Oceania,2023-W35,1.0,0.0,200.0,0.0
Oceania,2023-W36,0.0,0.0,200.0,0.0
Oceania,2023-W37,0.0,0.0,200.0,0.0
Oceania,2023-W38,0.0,0.0,200.0,0.0
Oceania,2023-W39,8.0,0.0,208.0,0.0
Oceania,2023-W40,0.0,0.0,208.0,0.0
Oceania,2023-W41,0.0,0.0,208.0,0.0
Oceania,2023-W42,0.0,0.0,208.0,0.0
Oceania,2023-W43,0.0,0.0,208.0,0.0
Oceania,2023-W44,2.0,0.0,210.0,0.0
Oceania,2023-W45,0.0,0.0,210.0,0.0
Oceania,2023-W46,0.0,0.0,210.0,0.0
Oceania,2023-W47,0.0,0.0,210.0,0.0
Oceania,2023-W48,2.0,0.0,212.0,0.0
Oceania,2023-W49,0.0,0.0,212.0,0.0
Oceania,2023-W50,0.0,0.0,212.0,0.0
Oceania,2023-W51,2.0,0.0,214.0,0.0
Oceania,2023-W52,0.0,0.0,214.0,0.0
Oceania,2024-W01,0.0,0.0,214.0,0.0
Oceania,2024-W02,0.0,0.0,214.0,0.0
Oceania,2024-W03,8.0,0.0,222.0,0.0
Oceania,2024-W04,0.0,0.0,222.0,0.0
Oceania,2024-W05,6.0,0.0,228.0,0.0
Oceania,2024-W06,0.0,0.0,228.0,0.0
Oceania,2024-W07,0.0,0.0,228.0,0.0
Oceania,2024-W08,0.0,0.0,228.0,0.0
Oceania,2024-W09,0.0,0.0,228.0,0.0
Oceania,2024-W10,0.0,0.0,228.0,0.0
Oceania,2024-W11,0.0,0.0,228.0,0.0
Oceania,2024-W12,0.0,0.0,228.0,0.0
Oceania,2024-W13,0.0,0.0,228.0,0.0
Oceania,2024-W14,0.0,0.0,228.0,0.0
Oceania,2024-W15,0.0,0.0,228.0,0.0
Oceania,2024-W16,0.0,0.0,228.0,0.0
Oceania,2024-W17,0.0,0.0,228.0,0.0
Oceania,2024-W18,5.0,0.0,233.0,0.0
Oceania,2024-W19,1.0,0.0,234.0,0.0
Oceania,2024-W20,0.0,0.0,234.0,0.0
Oceania,2024-W21,0.0,0.0,234.0,0.0
Oceania,2024-W22,33.0,0.0,267.0,0.0
Oceania,2024-W23,0.0,0.0,267.0,0.0
Oceania,2024-W24,0.0,0.0,267.0,0.0
Oceania,2024-W25,0.0,0.0,267.0,0.0
Oceania,2024-W26,64.0,0.0,331.0,0.0
Oceania,2024-W27,2.0,0.0,333.0,0.0
Oceania,2024-W28,0.0,0.0,333.0,0.0
Oceania,2024-W29,14.0,0.0,347.0,0.0
Oceania,2024-W30,42.0,0.0,389.0,0.0
Oceania,2024-W31,45.0,0.0,434.0,0.0
Oceania,2024-W32,0.0,0.0,434.0,0.0
Oceania,2024-W33,0.0,0.0,434.0,0.0
Oceania,2024-W34,74.0,0.0,508.0,0.0
Oceania,2024-W35,171.0,0.0,679.0,0.0
Oceania,2024-W36,35.0,0.0,714.0,0.0
Oceania,2024-W37,84.0,0.0,798.0,0.0
Oceania,2024-W38,92.0,0.0,890.0,0.0
Oceania,2024-W39,91.0,0.0,981.0,0.0
Oceania,2024-W40,72.0,0.0,1053.0,0.0
Oceania,2024-W41,77.0,0.0,1130.0,0.0
Oceania,2024-W42,91.0,0.0,1221.0,0.0
Oceania,2024-W43,68.0,0.0,1289.0,0.0
Oceania,2024-W44,79.0,0.0,1368.0,0.0
Oceania,2024-W45,58.0,0.0,1426.0,0.0
Oceania,2024-W46,49.0,0.0,1475.0,0.0
Oceania,2024-W47,29.0,0.0,1504.0,0.0
Oceania,2024-W48,34.0,0.0,1538.0,0.0
Oceania,2024-W49,3.0,0.0,1541.0,0.0
Oceania,2024-W50,52.0,0.0,1593.0,0.0
Oceania,2024-W51,19.0,0.0,1612.0,0.0
Oceania,2024-W52,13.0,0.0,1625.0,0.0
Oceania,2025-W01,47.0,0.0,1672.0,0.0
Oceania,2025-W02,7.0,0.0,1679.0,0.0
Oceania,2025-W03,17.0,0.0,1696.0,0.0
Oceania,2025-W04,19.0,0.0,1715.0,0.0
Oceania,2025-W05,9.0,0.0,1724.0,0.0
Oceania,2025-W06,16.0,0.0,1740.0,0.0
Oceania,2025-W07,14.0,0.0,1754.0,0.0
Oceania,2025-W08,3.0,0.0,1757.0,0.0
Oceania,2025-W09,6.0,0.0,1763.0,0.0
Oceania,2025-W10,8.0,0.0,1771.0,0.0
Oceania,2025-W11,0.0,0.0,1771.0,0.0
Oceania,2025-W12,0.0,0.0,1771.0,0.0
Oceania,2025-W13,3.0,0.0,1774.0,0.0
Oceania,2025-W14,3.0,0.0,1777.0,0.0
Oceania,2025-W15,5.0,0.0,1782.0,0.0
Oceania,2025-W16,2.0,0.0,1784.0,0.0
Oceania,2025-W17,2.0,0.0,1786.0,0.0
Oceania,2025-W18,3.0,0.0,1789.0,0.0
Oceania,2025-W19,5.0,0.0,1794.0,0.0
Oceania,2025-W20,3.0,0.0,1797.0,0.0
Oceania,2025-W21,3.0,0.0,1800.0,0.0
Oceania,2025-W22,4.0,0.0,1804.0,0.0
Oceania,2025-W23,1.0,0.0,1805.0,0.0
Oceania,2025-W24,0.0,0.0,1805.0,0.0
Oceania,2025-W25,0.0,0.0,1805.0,0.0
Oceania,2025-W26,0.0,0.0,1805.0,0.0
Oceania,2025-W27,4.0,0.0,1809.0,0.0
Oceania,2025-W28,0.0,0.0,1809.0,0.0
Oceania,2025-W29,0.0,0.0,1809.0,0.0
Oceania,2025-W30,0.0,0.0,1809.0,0.0
Oceania,2025-W31,28.0,0.0,1837.0,0.0
Oceania,2025-W32,0.0,0.0,1837.0,0.0
Oceania,2025-W33,0.0,0.0,1837.0,0.0
Oceania,2025-W34,0.0,0.0,1837.0,0.0
Oceania,2025-W35,26.0,0.0,1863.0,0.0
Oceania,2025-W36,0.0,0.0,1863.0,0.0
Oceania,2025-W37,0.0,0.0,1863.0,0.0
Oceania,2025-W38,0.0,0.0,1863.0,0.0
Oceania,2025-W39,0.0,0.0,1863.0,0.0
Oceania,2025-W40,14.0,0.0,1877.0,0.0
Oceania,2025-W41,0.0,0.0,1877.0,0.0
Oceania,2025-W42,0.0,0.0,1877.0,0.0
Oceania,2025-W43,0.0,0.0,1877.0,0.0
Oceania,2025-W44,19.0,0.0,1896.0,0.0
Oceania,2025-W45,0.0,0.0,1896.0,0.0
Oceania,2025-W46,0.0,0.0,1896.0,0.0
Oceania,2025-W47,0.0,0.0,1896.0,0.0
Oceania,2025-W48,12.0,0.0,1908.0,0.0
Oman,2023-W41,2.0,0.0,2.0,0.0
Oman,2023-W42,0.0,0.0,2.0,0.0
Oman,2023-W43,0.0,0.0,2.0,0.0
Oman,2023-W44,1.0,0.0,3.0,0.0
Oman,2023-W45,0.0,0.0,3.0,0.0
Oman,2023-W46,0.0,0.0,3.0,0.0
Oman,2023-W47,0.0,0.0,3.0,0.0
Oman,2023-W48,0.0,0.0,3.0,0.0
Oman,2023-W49,0.0,0.0,3.0,0.0
Oman,2023-W50,0.0,0.0,3.0,0.0
Oman,2023-W51,0.0,0.0,3.0,0.0
Oman,2023-W52,0.0,0.0,3.0,0.0
Oman,2024-W01,0.0,0.0,3.0,0.0
Oman,2024-W02,0.0,0.0,3.0,0.0
Oman,2024-W03,0.0,0.0,3.0,0.0
Oman,2024-W04,0.0,0.0,3.0,0.0
Oman,2024-W05,0.0,0.0,3.0,0.0
Oman,2024-W06,0.0,0.0,3.0,0.0
Oman,2024-W07,0.0,0.0,3.0,0.0
Oman,2024-W08,0.0,0.0,3.0,0.0
Oman,2024-W09,0.0,0.0,3.0,0.0
Oman,2024-W10,0.0,0.0,3.0,0.0
Oman,2024-W11,0.0,0.0,3.0,0.0
Oman,2024-W12,0.0,0.0,3.0,0.0
Oman,2024-W13,0.0,0.0,3.0,0.0
Oman,2024-W14,0.0,0.0,3.0,0.0
Oman,2024-W15,0.0,0.0,3.0,0.0
Oman,2024-W16,0.0,0.0,3.0,0.0
Oman,2024-W17,0.0,0.0,3.0,0.0
Oman,2024-W18,0.0,0.0,3.0,0.0
Oman,2024-W19,0.0,0.0,3.0,0.0
Oman,2024-W20,0.0,0.0,3.0,0.0
Oman,2024-W21,0.0,0.0,3.0,0.0
Oman,2024-W22,0.0,0.0,3.0,0.0
Oman,2024-W23,0.0,0.0,3.0,0.0
Oman,2024-W24,0.0,0.0,3.0,0.0
Oman,2024-W25,0.0,0.0,3.0,0.0
Oman,2024-W26,0.0,0.0,3.0,0.0
Oman,2024-W27,0.0,0.0,3.0,0.0
Oman,2024-W28,0.0,0.0,3.0,0.0
Oman,2024-W29,0.0,0.0,3.0,0.0
Oman,2024-W30,0.0,0.0,3.0,0.0
Oman,2024-W31,0.0,0.0,3.0,0.0
Oman,2024-W32,0.0,0.0,3.0,0.0
Oman,2024-W33,0.0,0.0,3.0,0.0
Oman,2024-W34,0.0,0.0,3.0,0.0
Oman,2024-W35,0.0,0.0,3.0,0.0
Oman,2024-W36,0.0,0.0,3.0,0.0
Oman,2024-W37,0.0,0.0,3.0,0.0
Oman,2024-W38,0.0,0.0,3.0,0.0
Oman,2024-W39,0.0,0.0,3.0,0.0
Oman,2024-W40,1.0,0.0,4.0,0.0
Oman,2024-W41,0.0,0.0,4.0,0.0
Oman,2024-W42,0.0,0.0,4.0,0.0
Oman,2024-W43,0.0,0.0,4.0,0.0
Oman,2024-W44,0.0,0.0,4.0,0.0
Oman,2024-W45,0.0,0.0,4.0,0.0
Oman,2024-W46,0.0,0.0,4.0,0.0
Oman,2024-W47,0.0,0.0,4.0,0.0
Oman,2024-W48,0.0,0.0,4.0,0.0
Oman,2024-W49,0.0,0.0,4.0,0.0
Oman,2024-W50,1.0,0.0,5.0,0.0
Oman,2024-W51,0.0,0.0,5.0,0.0
Oman,2024-W52,0.0,0.0,5.0,0.0
Oman,2025-W01,0.0,0.0,5.0,0.0
Oman,2025-W02,0.0,0.0,5.0,0.0
Oman,2025-W03,0.0,0.0,5.0,0.0
Oman,2025-W04,0.0,0.0,5.0,0.0
Oman,2025-W05,0.0,0.0,5.0,0.0
Oman,2025-W06,0.0,0.0,5.0,0.0
Oman,2025-W07,1.0,0.0,6.0,0.0
Oman,2025-W08,0.0,0.0,6.0,0.0
Oman,2025-W09,0.0,0.0,6.0,0.0
Oman,2025-W10,0.0,0.0,6.0,0.0
Oman,2025-W11,0.0,0.0,6.0,0.0
Oman,2025-W12,0.0,0.0,6.0,0.0
Oman,2025-W13,0.0,0.0,6.0,0.0
Oman,2025-W14,0.0,0.0,6.0,0.0
Oman,2025-W15,0.0,0.0,6.0,0.0
Oman,2025-W16,0.0,0.0,6.0,0.0
Oman,2025-W17,0.0,0.0,6.0,0.0
Oman,2025-W18,1.0,0.0,7.0,0.0
Pakistan,2023-W16,2.0,0.0,2.0,0.0
Pakistan,2023-W17,0.0,0.0,2.0,0.0
Pakistan,2023-W18,2.0,0.0,4.0,0.0
Pakistan,2023-W19,0.0,0.0,4.0,0.0
Pakistan,2023-W20,2.0,0.0,6.0,0.0
Pakistan,2023-W21,0.0,0.0,6.0,0.0
Pakistan,2023-W22,0.0,0.0,6.0,0.0
Pakistan,2023-W23,0.0,0.0,6.0,0.0
Pakistan,2023-W24,0.0,0.0,6.0,0.0
Pakistan,2023-W25,0.0,0.0,6.0,0.0
Pakistan,2023-W26,0.0,0.0,6.0,0.0
Pakistan,2023-W27,0.0,0.0,6.0,0.0
Pakistan,2023-W28,0.0,0.0,6.0,0.0
Pakistan,2023-W29,0.0,0.0,6.0,0.0
Pakistan,2023-W30,0.0,0.0,6.0,0.0
Pakistan,2023-W31,0.0,0.0,6.0,0.0
Pakistan,2023-W32,0.0,0.0,6.0,0.0
Pakistan,2023-W33,1.0,0.0,7.0,0.0
Pakistan,2023-W34,0.0,0.0,7.0,0.0
Pakistan,2023-W35,1.0,0.0,8.0,0.0
Pakistan,2023-W36,0.0,0.0,8.0,0.0
Pakistan,2023-W37,0.0,0.0,8.0,0.0
Pakistan,2023-W38,0.0,0.0,8.0,0.0
Pakistan,2023-W39,0.0,0.0,8.0,0.0
Pakistan,2023-W40,0.0,0.0,8.0,0.0
Pakistan,2023-W41,0.0,0.0,8.0,0.0
Pakistan,2023-W42,0.0,0.0,8.0,0.0
Pakistan,2023-W43,0.0,0.0,8.0,0.0
Pakistan,2023-W44,0.0,0.0,8.0,0.0
Pakistan,2023-W45,0.0,0.0,8.0,0.0
Pakistan,2023-W46,0.0,0.0,8.0,0.0
Pakistan,2023-W47,0.0,0.0,8.0,0.0
Pakistan,2023-W48,0.0,0.0,8.0,0.0
Pakistan,2023-W49,1.0,1.0,9.0,1.0
Pakistan,2023-W50,0.0,0.0,9.0,1.0
Pakistan,2023-W51,0.0,0.0,9.0,1.0
Pakistan,2023-W52,0.0,0.0,9.0,1.0
Pakistan,2024-W01,0.0,0.0,9.0,1.0
Pakistan,2024-W02,0.0,0.0,9.0,1.0
Pakistan,2024-W03,1.0,0.0,10.0,1.0
Pakistan,2024-W04,0.0,0.0,10.0,1.0
Pakistan,2024-W05,0.0,0.0,10.0,1.0
Pakistan,2024-W06,0.0,0.0,10.0,1.0
Pakistan,2024-W07,0.0,0.0,10.0,1.0
Pakistan,2024-W08,0.0,0.0,10.0,1.0
Pakistan,2024-W09,0.0,0.0,10.0,1.0
Pakistan,2024-W10,0.0,0.0,10.0,1.0
Pakistan,2024-W11,0.0,0.0,10.0,1.0
Pakistan,2024-W12,0.0,0.0,10.0,1.0
Pakistan,2024-W13,0.0,0.0,10.0,1.0
Pakistan,2024-W14,0.0,0.0,10.0,1.0
Pakistan,2024-W15,0.0,0.0,10.0,1.0
Pakistan,2024-W16,0.0,0.0,10.0,1.0
Pakistan,2024-W17,0.0,0.0,10.0,1.0
Pakistan,2024-W18,0.0,0.0,10.0,1.0
Pakistan,2024-W19,0.0,0.0,10.0,1.0
Pakistan,2024-W20,0.0,0.0,10.0,1.0
Pakistan,2024-W21,0.0,0.0,10.0,1.0
Pakistan,2024-W22,0.0,0.0,10.0,1.0
Pakistan,2024-W23,0.0,0.0,10.0,1.0
Pakistan,2024-W24,0.0,0.0,10.0,1.0
Pakistan,2024-W25,0.0,0.0,10.0,1.0
Pakistan,2024-W26,0.0,0.0,10.0,1.0
Pakistan,2024-W27,0.0,0.0,10.0,1.0
Pakistan,2024-W28,0.0,0.0,10.0,1.0
Pakistan,2024-W29,0.0,0.0,10.0,1.0
Pakistan,2024-W30,0.0,0.0,10.0,1.0
Pakistan,2024-W31,0.0,0.0,10.0,1.0
Pakistan,2024-W32,0.0,0.0,10.0,1.0
Pakistan,2024-W33,1.0,0.0,11.0,1.0
Pakistan,2024-W34,1.0,0.0,12.0,1.0
Pakistan,2024-W35,2.0,0.0,14.0,1.0
Pakistan,2024-W36,0.0,0.0,14.0,1.0
Pakistan,2024-W37,2.0,0.0,16.0,1.0
Pakistan,2024-W38,0.0,0.0,16.0,1.0
Pakistan,2024-W39,0.0,0.0,16.0,1.0
Pakistan,2024-W40,0.0,0.0,16.0,1.0
Pakistan,2024-W41,0.0,0.0,16.0,1.0
Pakistan,2024-W42,0.0,0.0,16.0,1.0
Pakistan,2024-W43,0.0,0.0,16.0,1.0
Pakistan,2024-W44,0.0,0.0,16.0,1.0
Pakistan,2024-W45,0.0,0.0,16.0,1.0
Pakistan,2024-W46,0.0,0.0,16.0,1.0
Pakistan,2024-W47,0.0,0.0,16.0,1.0
Pakistan,2024-W48,1.0,0.0,17.0,1.0
Pakistan,2024-W49,0.0,0.0,17.0,1.0
Pakistan,2024-W50,0.0,0.0,17.0,1.0
Pakistan,2024-W51,1.0,0.0,18.0,1.0
Pakistan,2024-W52,0.0,0.0,18.0,1.0
Pakistan,2025-W01,0.0,0.0,18.0,1.0
Pakistan,2025-W02,0.0,0.0,18.0,1.0
Pakistan,2025-W03,0.0,0.0,18.0,1.0
Pakistan,2025-W04,1.0,0.0,19.0,1.0
Pakistan,2025-W05,1.0,0.0,20.0,1.0
Pakistan,2025-W06,1.0,0.0,21.0,1.0
Pakistan,2025-W07,0.0,0.0,21.0,1.0
Pakistan,2025-W08,2.0,0.0,23.0,1.0
Pakistan,2025-W09,1.0,0.0,24.0,1.0
Pakistan,2025-W10,2.0,0.0,26.0,1.0
Pakistan,2025-W11,2.0,0.0,28.0,1.0
Pakistan,2025-W12,0.0,0.0,28.0,1.0
Pakistan,2025-W13,0.0,0.0,28.0,1.0
Pakistan,2025-W14,0.0,0.0,28.0,1.0
Pakistan,2025-W15,0.0,0.0,28.0,1.0
Pakistan,2025-W16,0.0,0.0,28.0,1.0
Pakistan,2025-W17,0.0,0.0,28.0,1.0
Pakistan,2025-W18,0.0,0.0,28.0,1.0
Pakistan,2025-W19,0.0,0.0,28.0,1.0
Pakistan,2025-W20,0.0,0.0,28.0,1.0
Pakistan,2025-W21,0.0,0.0,28.0,1.0
Pakistan,2025-W22,0.0,0.0,28.0,1.0
Pakistan,2025-W23,0.0,0.0,28.0,1.0
Pakistan,2025-W24,0.0,0.0,28.0,1.0
Pakistan,2025-W25,0.0,0.0,28.0,1.0
Pakistan,2025-W26,0.0,0.0,28.0,1.0
Pakistan,2025-W27,0.0,0.0,28.0,1.0
Pakistan,2025-W28,0.0,0.0,28.0,1.0
Pakistan,2025-W29,0.0,0.0,28.0,1.0
Pakistan,2025-W30,0.0,0.0,28.0,1.0
Pakistan,2025-W31,0.0,0.0,28.0,1.0
Pakistan,2025-W32,0.0,0.0,28.0,1.0
Pakistan,2025-W33,0.0,0.0,28.0,1.0
Pakistan,2025-W34,1.0,0.0,29.0,1.0
Panama,2022-W26,1.0,0.0,1.0,0.0
Panama,2022-W27,0.0,0.0,1.0,0.0
Panama,2022-W28,0.0,0.0,1.0,0.0
Panama,2022-W29,0.0,0.0,1.0,0.0
Panama,2022-W30,0.0,0.0,1.0,0.0
Panama,2022-W31,1.0,0.0,2.0,0.0
Panama,2022-W32,3.0,0.0,5.0,0.0
Panama,2022-W33,4.0,0.0,9.0,0.0
Panama,2022-W34,3.0,0.0,12.0,0.0
Panama,2022-W35,0.0,0.0,12.0,0.0
Panama,2022-W36,1.0,0.0,13.0,0.0
Panama,2022-W37,0.0,0.0,13.0,0.0
Panama,2022-W38,2.0,0.0,15.0,0.0
Panama,2022-W39,1.0,0.0,16.0,0.0
Panama,2022-W40,0.0,0.0,16.0,0.0
Panama,2022-W41,1.0,0.0,17.0,0.0
Panama,2022-W42,0.0,0.0,17.0,0.0
Panama,2022-W43,3.0,0.0,20.0,0.0
Panama,2022-W44,10.0,0.0,30.0,0.0
Panama,2022-W45,14.0,0.0,44.0,0.0
Panama,2022-W46,8.0,0.0,52.0,0.0
Panama,2022-W47,8.0,0.0,60.0,0.0
Panama,2022-W48,6.0,0.0,66.0,0.0
Panama,2022-W49,5.0,0.0,71.0,0.0
Panama,2022-W50,6.0,0.0,77.0,0.0
Panama,2022-W51,4.0,0.0,81.0,0.0
Panama,2022-W52,8.0,0.0,89.0,0.0
Panama,2023-W01,10.0,0.0,99.0,0.0
Panama,2023-W02,8.0,0.0,107.0,0.0
Panama,2023-W03,9.0,0.0,116.0,0.0
Panama,2023-W04,16.0,0.0,132.0,0.0
Panama,2023-W05,9.0,0.0,141.0,0.0
Panama,2023-W06,11.0,0.0,152.0,0.0
Panama,2023-W07,15.0,0.0,167.0,0.0
Panama,2023-W08,10.0,0.0,177.0,0.0
Panama,2023-W09,12.0,0.0,189.0,0.0
Panama,2023-W10,12.0,0.0,201.0,0.0
Panama,2023-W11,8.0,0.0,209.0,0.0
Panama,2023-W12,9.0,0.0,218.0,0.0
Panama,2023-W13,5.0,0.0,223.0,0.0
Panama,2023-W14,0.0,1.0,223.0,1.0
Panama,2023-W15,2.0,0.0,225.0,1.0
Panama,2023-W16,3.0,0.0,228.0,1.0
Panama,2023-W17,1.0,0.0,229.0,1.0
Panama,2023-W18,2.0,0.0,231.0,1.0
Panama,2023-W19,3.0,0.0,234.0,1.0
Panama,2023-W20,1.0,0.0,235.0,1.0
Panama,2023-W21,1.0,0.0,236.0,1.0
Panama,2023-W22,0.0,0.0,236.0,1.0
Panama,2023-W23,1.0,0.0,237.0,1.0
Panama,2023-W24,0.0,0.0,237.0,1.0
Panama,2023-W25,0.0,0.0,237.0,1.0
Panama,2023-W26,0.0,0.0,237.0,1.0
Panama,2023-W27,0.0,0.0,237.0,1.0
Panama,2023-W28,0.0,0.0,237.0,1.0
Panama,2023-W29,0.0,0.0,237.0,1.0
Panama,2023-W30,0.0,0.0,237.0,1.0
Panama,2023-W31,0.0,0.0,237.0,1.0
Panama,2023-W32,0.0,0.0,237.0,1.0
Panama,2023-W33,0.0,0.0,237.0,1.0
Panama,2023-W34,0.0,0.0,237.0,1.0
Panama,2023-W35,0.0,0.0,237.0,1.0
Panama,2023-W36,0.0,0.0,237.0,1.0
Panama,2023-W37,0.0,0.0,237.0,1.0
Panama,2023-W38,0.0,0.0,237.0,1.0
Panama,2023-W39,0.0,0.0,237.0,1.0
Panama,2023-W40,0.0,0.0,237.0,1.0
Panama,2023-W41,0.0,0.0,237.0,1.0
Panama,2023-W42,0.0,0.0,237.0,1.0
Panama,2023-W43,0.0,0.0,237.0,1.0
Panama,2023-W44,0.0,0.0,237.0,1.0
Panama,2023-W45,0.0,0.0,237.0,1.0
Panama,2023-W46,0.0,0.0,237.0,1.0
Panama,2023-W47,0.0,0.0,237.0,1.0
Panama,2023-W48,0.0,0.0,237.0,1.0
Panama,2023-W49,0.0,0.0,237.0,1.0
Panama,2023-W50,0.0,0.0,237.0,1.0
Panama,2023-W51,0.0,0.0,237.0,1.0
Panama,2023-W52,0.0,0.0,237.0,1.0
Panama,2024-W01,0.0,0.0,237.0,1.0
Panama,2024-W02,0.0,0.0,237.0,1.0
Panama,2024-W03,1.0,0.0,238.0,1.0
Panama,2024-W04,0.0,0.0,238.0,1.0
Panama,2024-W05,0.0,0.0,238.0,1.0
Panama,2024-W06,1.0,0.0,239.0,1.0
Panama,2024-W07,0.0,0.0,239.0,1.0
Panama,2024-W08,0.0,0.0,239.0,1.0
Panama,2024-W09,0.0,0.0,239.0,1.0
Panama,2024-W10,0.0,0.0,239.0,1.0
Panama,2024-W11,0.0,0.0,239.0,1.0
Panama,2024-W12,0.0,0.0,239.0,1.0
Panama,2024-W13,0.0,0.0,239.0,1.0
Panama,2024-W14,0.0,0.0,239.0,1.0
Panama,2024-W15,0.0,0.0,239.0,1.0
Panama,2024-W16,0.0,0.0,239.0,1.0
Panama,2024-W17,0.0,0.0,239.0,1.0
Panama,2024-W18,0.0,0.0,239.0,1.0
Panama,2024-W19,0.0,0.0,239.0,1.0
Panama,2024-W20,0.0,0.0,239.0,1.0
Panama,2024-W21,0.0,0.0,239.0,1.0
Panama,2024-W22,0.0,0.0,239.0,1.0
Panama,2024-W23,0.0,0.0,239.0,1.0
Panama,2024-W24,0.0,0.0,239.0,1.0
Panama,2024-W25,0.0,0.0,239.0,1.0
Panama,2024-W26,1.0,0.0,240.0,1.0
Panama,2024-W27,0.0,0.0,240.0,1.0
Panama,2024-W28,0.0,0.0,240.0,1.0
Panama,2024-W29,0.0,0.0,240.0,1.0
Panama,2024-W30,0.0,0.0,240.0,1.0
Panama,2024-W31,1.0,0.0,241.0,1.0
Panama,2024-W32,0.0,0.0,241.0,1.0
Panama,2024-W33,0.0,0.0,241.0,1.0
Panama,2024-W34,0.0,0.0,241.0,1.0
Panama,2024-W35,0.0,0.0,241.0,1.0
Panama,2024-W36,0.0,0.0,241.0,1.0
Panama,2024-W37,0.0,0.0,241.0,1.0
Panama,2024-W38,1.0,0.0,242.0,1.0
Panama,2024-W39,0.0,0.0,242.0,1.0
Panama,2024-W40,0.0,0.0,242.0,1.0
Panama,2024-W41,0.0,0.0,242.0,1.0
Panama,2024-W42,0.0,0.0,242.0,1.0
Panama,2024-W43,0.0,0.0,242.0,1.0
Panama,2024-W44,0.0,0.0,242.0,1.0
Panama,2024-W45,0.0,0.0,242.0,1.0
Panama,2024-W46,0.0,0.0,242.0,1.0
Panama,2024-W47,0.0,0.0,242.0,1.0
Panama,2024-W48,0.0,0.0,242.0,1.0
Panama,2024-W49,0.0,0.0,242.0,1.0
Panama,2024-W50,1.0,0.0,243.0,1.0
Panama,2024-W51,0.0,0.0,243.0,1.0
Panama,2024-W52,0.0,0.0,243.0,1.0
Panama,2025-W01,0.0,0.0,243.0,1.0
Panama,2025-W02,0.0,0.0,243.0,1.0
Panama,2025-W03,0.0,0.0,243.0,1.0
Panama,2025-W04,0.0,0.0,243.0,1.0
Panama,2025-W05,0.0,0.0,243.0,1.0
Panama,2025-W06,0.0,0.0,243.0,1.0
Panama,2025-W07,0.0,0.0,243.0,1.0
Panama,2025-W08,0.0,0.0,243.0,1.0
Panama,2025-W09,0.0,0.0,243.0,1.0
Panama,2025-W10,0.0,0.0,243.0,1.0
Panama,2025-W11,0.0,0.0,243.0,1.0
Panama,2025-W12,0.0,0.0,243.0,1.0
Panama,2025-W13,0.0,0.0,243.0,1.0
Panama,2025-W14,0.0,0.0,243.0,1.0
Panama,2025-W15,0.0,0.0,243.0,1.0
Panama,2025-W16,0.0,0.0,243.0,1.0
Panama,2025-W17,0.0,0.0,243.0,1.0
Panama,2025-W18,0.0,0.0,243.0,1.0
Panama,2025-W19,0.0,0.0,243.0,1.0
Panama,2025-W20,0.0,0.0,243.0,1.0
Panama,2025-W21,0.0,0.0,243.0,1.0
Panama,2025-W22,0.0,0.0,243.0,1.0
Panama,2025-W23,0.0,0.0,243.0,1.0
Panama,2025-W24,0.0,0.0,243.0,1.0
Panama,2025-W25,0.0,0.0,243.0,1.0
Panama,2025-W26,0.0,0.0,243.0,1.0
Panama,2025-W27,0.0,0.0,243.0,1.0
Panama,2025-W28,2.0,0.0,245.0,1.0
Panama,2025-W29,1.0,0.0,246.0,1.0
Panama,2025-W30,2.0,0.0,248.0,1.0
Panama,2025-W31,3.0,0.0,251.0,1.0
Panama,2025-W32,1.0,0.0,252.0,1.0
Panama,2025-W33,0.0,0.0,252.0,1.0
Panama,2025-W34,0.0,0.0,252.0,1.0
Panama,2025-W35,3.0,0.0,255.0,1.0
Panama,2025-W36,0.0,0.0,255.0,1.0
Panama,2025-W37,1.0,0.0,256.0,1.0
Panama,2025-W38,0.0,0.0,256.0,1.0
Panama,2025-W39,0.0,0.0,256.0,1.0
Panama,2025-W40,0.0,0.0,256.0,1.0
Panama,2025-W41,1.0,0.0,257.0,1.0
Panama,2025-W42,0.0,0.0,257.0,1.0
Panama,2025-W43,1.0,0.0,258.0,1.0
Panama,2025-W44,0.0,0.0,258.0,1.0
Panama,2025-W45,0.0,0.0,258.0,1.0
Panama,2025-W46,0.0,0.0,258.0,1.0
Panama,2025-W47,0.0,0.0,258.0,1.0
Panama,2025-W48,0.0,0.0,258.0,1.0
Panama,2025-W49,0.0,0.0,258.0,1.0
Panama,2025-W50,0.0,0.0,258.0,1.0
Panama,2025-W51,0.0,0.0,258.0,1.0
Panama,2025-W52,0.0,0.0,258.0,1.0
Panama,2026-W01,0.0,0.0,258.0,1.0
Paraguay,2022-W34,1.0,0.0,1.0,0.0
Paraguay,2022-W35,0.0,0.0,1.0,0.0
Paraguay,2022-W36,0.0,0.0,1.0,0.0
Paraguay,2022-W37,0.0,0.0,1.0,0.0
Paraguay,2022-W38,0.0,0.0,1.0,0.0
Paraguay,2022-W39,1.0,0.0,2.0,0.0
Paraguay,2022-W40,0.0,0.0,2.0,0.0
Paraguay,2022-W41,1.0,0.0,3.0,0.0
Paraguay,2022-W42,0.0,0.0,3.0,0.0
Paraguay,2022-W43,2.0,0.0,5.0,0.0
Paraguay,2022-W44,2.0,0.0,7.0,0.0
Paraguay,2022-W45,5.0,0.0,12.0,0.0
Paraguay,2022-W46,5.0,0.0,17.0,0.0
Paraguay,2022-W47,7.0,0.0,24.0,0.0
Paraguay,2022-W48,8.0,0.0,32.0,0.0
Paraguay,2022-W49,5.0,0.0,37.0,0.0
Paraguay,2022-W50,2.0,0.0,39.0,0.0
Paraguay,2022-W51,4.0,0.0,43.0,0.0
Paraguay,2022-W52,10.0,0.0,53.0,0.0
Paraguay,2023-W01,8.0,0.0,61.0,0.0
Paraguay,2023-W02,7.0,0.0,68.0,0.0
Paraguay,2023-W03,11.0,0.0,79.0,0.0
Paraguay,2023-W04,10.0,0.0,89.0,0.0
Paraguay,2023-W05,9.0,0.0,98.0,0.0
Paraguay,2023-W06,3.0,0.0,101.0,0.0
Paraguay,2023-W07,6.0,0.0,107.0,0.0
Paraguay,2023-W08,4.0,0.0,111.0,0.0
Paraguay,2023-W09,6.0,0.0,117.0,0.0
Paraguay,2023-W10,4.0,0.0,121.0,0.0
Paraguay,2023-W11,0.0,0.0,121.0,0.0
Paraguay,2023-W12,2.0,0.0,123.0,0.0
Paraguay,2023-W13,1.0,0.0,124.0,0.0
Paraguay,2023-W14,1.0,0.0,125.0,0.0
Paraguay,2023-W15,0.0,0.0,125.0,0.0
Paraguay,2023-W16,0.0,0.0,125.0,0.0
Paraguay,2023-W17,0.0,0.0,125.0,0.0
Paraguay,2023-W18,0.0,0.0,125.0,0.0
Paraguay,2023-W19,0.0,0.0,125.0,0.0
Paraguay,2023-W20,0.0,0.0,125.0,0.0
Paraguay,2023-W21,1.0,0.0,126.0,0.0
Paraguay,2023-W22,0.0,0.0,126.0,0.0
Paraguay,2023-W23,0.0,0.0,126.0,0.0
Paraguay,2023-W24,0.0,0.0,126.0,0.0
Paraguay,2023-W25,0.0,0.0,126.0,0.0
Paraguay,2023-W26,0.0,0.0,126.0,0.0
Paraguay,2023-W27,0.0,0.0,126.0,0.0
Paraguay,2023-W28,0.0,0.0,126.0,0.0
Paraguay,2023-W29,0.0,0.0,126.0,0.0
Paraguay,2023-W30,0.0,0.0,126.0,0.0
Paraguay,2023-W31,0.0,0.0,126.0,0.0
Paraguay,2023-W32,0.0,0.0,126.0,0.0
Paraguay,2023-W33,0.0,0.0,126.0,0.0
Paraguay,2023-W34,0.0,0.0,126.0,0.0
Paraguay,2023-W35,0.0,0.0,126.0,0.0
Paraguay,2023-W36,0.0,0.0,126.0,0.0
Paraguay,2023-W37,0.0,0.0,126.0,0.0
Paraguay,2023-W38,0.0,0.0,126.0,0.0
Paraguay,2023-W39,0.0,0.0,126.0,0.0
Paraguay,2023-W40,0.0,0.0,126.0,0.0
Paraguay,2023-W41,0.0,0.0,126.0,0.0
Paraguay,2023-W42,0.0,0.0,126.0,0.0
Paraguay,2023-W43,0.0,0.0,126.0,0.0
Paraguay,2023-W44,0.0,0.0,126.0,0.0
Paraguay,2023-W45,0.0,0.0,126.0,0.0
Paraguay,2023-W46,0.0,0.0,126.0,0.0
Paraguay,2023-W47,0.0,0.0,126.0,0.0
Paraguay,2023-W48,0.0,0.0,126.0,0.0
Paraguay,2023-W49,0.0,0.0,126.0,0.0
Paraguay,2023-W50,0.0,0.0,126.0,0.0
Paraguay,2023-W51,0.0,0.0,126.0,0.0
Paraguay,2023-W52,0.0,0.0,126.0,0.0
Paraguay,2024-W01,0.0,0.0,126.0,0.0
Paraguay,2024-W02,0.0,0.0,126.0,0.0
Paraguay,2024-W03,0.0,0.0,126.0,0.0
Paraguay,2024-W04,0.0,0.0,126.0,0.0
Paraguay,2024-W05,0.0,0.0,126.0,0.0
Paraguay,2024-W06,0.0,0.0,126.0,0.0
Paraguay,2024-W07,0.0,0.0,126.0,0.0
Paraguay,2024-W08,0.0,0.0,126.0,0.0
Paraguay,2024-W09,0.0,0.0,126.0,0.0
Paraguay,2024-W10,0.0,0.0,126.0,0.0
Paraguay,2024-W11,0.0,0.0,126.0,0.0
Paraguay,2024-W12,0.0,0.0,126.0,0.0
Paraguay,2024-W13,0.0,0.0,126.0,0.0
Paraguay,2024-W14,0.0,0.0,126.0,0.0
Paraguay,2024-W15,0.0,0.0,126.0,0.0
Paraguay,2024-W16,0.0,0.0,126.0,0.0
Paraguay,2024-W17,0.0,0.0,126.0,0.0
Paraguay,2024-W18,0.0,0.0,126.0,0.0
Paraguay,2024-W19,0.0,0.0,126.0,0.0
Paraguay,2024-W20,0.0,0.0,126.0,0.0
Paraguay,2024-W21,0.0,0.0,126.0,0.0
Paraguay,2024-W22,0.0,0.0,126.0,0.0
Paraguay,2024-W23,0.0,0.0,126.0,0.0
Paraguay,2024-W24,0.0,0.0,126.0,0.0
Paraguay,2024-W25,0.0,0.0,126.0,0.0
Paraguay,2024-W26,0.0,0.0,126.0,0.0
Paraguay,2024-W27,0.0,0.0,126.0,0.0
Paraguay,2024-W28,0.0,0.0,126.0,0.0
Paraguay,2024-W29,0.0,0.0,126.0,0.0
Paraguay,2024-W30,0.0,0.0,126.0,0.0
Paraguay,2024-W31,0.0,0.0,126.0,0.0
Paraguay,2024-W32,0.0,0.0,126.0,0.0
Paraguay,2024-W33,0.0,0.0,126.0,0.0
Paraguay,2024-W34,0.0,0.0,126.0,0.0
Paraguay,2024-W35,0.0,0.0,126.0,0.0
Paraguay,2024-W36,0.0,0.0,126.0,0.0
Paraguay,2024-W37,0.0,0.0,126.0,0.0
Paraguay,2024-W38,0.0,0.0,126.0,0.0
Paraguay,2024-W39,0.0,0.0,126.0,0.0
Paraguay,2024-W40,0.0,0.0,126.0,0.0
Paraguay,2024-W41,0.0,0.0,126.0,0.0
Paraguay,2024-W42,0.0,0.0,126.0,0.0
Paraguay,2024-W43,0.0,0.0,126.0,0.0
Paraguay,2024-W44,0.0,0.0,126.0,0.0
Paraguay,2024-W45,0.0,0.0,126.0,0.0
Paraguay,2024-W46,0.0,0.0,126.0,0.0
Paraguay,2024-W47,0.0,0.0,126.0,0.0
Paraguay,2024-W48,0.0,0.0,126.0,0.0
Paraguay,2024-W49,0.0,0.0,126.0,0.0
Paraguay,2024-W50,0.0,0.0,126.0,0.0
Paraguay,2024-W51,0.0,0.0,126.0,0.0
Paraguay,2024-W52,0.0,0.0,126.0,0.0
Paraguay,2025-W01,0.0,0.0,126.0,0.0
Paraguay,2025-W02,0.0,0.0,126.0,0.0
Paraguay,2025-W03,0.0,0.0,126.0,0.0
Paraguay,2025-W04,0.0,0.0,126.0,0.0
Paraguay,2025-W05,0.0,0.0,126.0,0.0
Paraguay,2025-W06,0.0,0.0,126.0,0.0
Paraguay,2025-W07,0.0,0.0,126.0,0.0
Paraguay,2025-W08,0.0,0.0,126.0,0.0
Paraguay,2025-W09,0.0,0.0,126.0,0.0
Paraguay,2025-W10,0.0,0.0,126.0,0.0
Paraguay,2025-W11,0.0,0.0,126.0,0.0
Paraguay,2025-W12,0.0,0.0,126.0,0.0
Paraguay,2025-W13,0.0,0.0,126.0,0.0
Paraguay,2025-W14,1.0,0.0,127.0,0.0
Paraguay,2025-W15,1.0,0.0,128.0,0.0
Paraguay,2025-W16,0.0,0.0,128.0,0.0
Paraguay,2025-W17,0.0,0.0,128.0,0.0
Paraguay,2025-W18,1.0,0.0,129.0,0.0
Paraguay,2025-W19,0.0,0.0,129.0,0.0
Paraguay,2025-W20,1.0,0.0,130.0,0.0
Paraguay,2025-W21,0.0,0.0,130.0,0.0
Paraguay,2025-W22,0.0,0.0,130.0,0.0
Paraguay,2025-W23,0.0,0.0,130.0,0.0
Paraguay,2025-W24,0.0,0.0,130.0,0.0
Paraguay,2025-W25,0.0,0.0,130.0,0.0
Paraguay,2025-W26,0.0,0.0,130.0,0.0
Paraguay,2025-W27,0.0,0.0,130.0,0.0
Paraguay,2025-W28,0.0,0.0,130.0,0.0
Paraguay,2025-W29,0.0,0.0,130.0,0.0
Paraguay,2025-W30,0.0,0.0,130.0,0.0
Paraguay,2025-W31,0.0,0.0,130.0,0.0
Paraguay,2025-W32,0.0,0.0,130.0,0.0
Paraguay,2025-W33,0.0,0.0,130.0,0.0
Paraguay,2025-W34,0.0,0.0,130.0,0.0
Paraguay,2025-W35,0.0,0.0,130.0,0.0
Paraguay,2025-W36,0.0,0.0,130.0,0.0
Paraguay,2025-W37,0.0,0.0,130.0,0.0
Paraguay,2025-W38,0.0,0.0,130.0,0.0
Paraguay,2025-W39,0.0,0.0,130.0,0.0
Paraguay,2025-W40,0.0,0.0,130.0,0.0
Paraguay,2025-W41,0.0,0.0,130.0,0.0
Paraguay,2025-W42,0.0,0.0,130.0,0.0
Paraguay,2025-W43,0.0,0.0,130.0,0.0
Paraguay,2025-W44,0.0,0.0,130.0,0.0
Paraguay,2025-W45,0.0,0.0,130.0,0.0
Paraguay,2025-W46,1.0,0.0,131.0,0.0
Paraguay,2025-W47,0.0,0.0,131.0,0.0
Paraguay,2025-W48,0.0,0.0,131.0,0.0
Paraguay,2025-W49,0.0,0.0,131.0,0.0
Paraguay,2025-W50,0.0,0.0,131.0,0.0
Paraguay,2025-W51,0.0,0.0,131.0,0.0
Paraguay,2025-W52,0.0,0.0,131.0,0.0
Paraguay,2026-W01,0.0,0.0,131.0,0.0
Peru,2022-W24,4.0,0.0,4.0,0.0
Peru,2022-W25,12.0,0.0,16.0,0.0
Peru,2022-W26,25.0,0.0,41.0,0.0
Peru,2022-W27,67.0,2.0,108.0,2.0
Peru,2022-W28,110.0,2.0,218.0,4.0
Peru,2022-W29,137.0,0.0,355.0,4.0
Peru,2022-W30,234.0,1.0,589.0,5.0
Peru,2022-W31,277.0,1.0,866.0,6.0
Peru,2022-W32,313.0,5.0,1179.0,11.0
Peru,2022-W33,311.0,1.0,1490.0,12.0
Peru,2022-W34,250.0,1.0,1740.0,13.0
Peru,2022-W35,242.0,1.0,1982.0,14.0
Peru,2022-W36,258.0,1.0,2240.0,15.0
Peru,2022-W37,222.0,1.0,2462.0,16.0
Peru,2022-W38,192.0,1.0,2654.0,17.0
Peru,2022-W39,151.0,0.0,2805.0,17.0
Peru,2022-W40,150.0,0.0,2955.0,17.0
Peru,2022-W41,138.0,1.0,3093.0,18.0
Peru,2022-W42,122.0,2.0,3215.0,20.0
Peru,2022-W43,71.0,0.0,3286.0,20.0
Peru,2022-W44,97.0,0.0,3383.0,20.0
Peru,2022-W45,78.0,0.0,3461.0,20.0
Peru,2022-W46,57.0,0.0,3518.0,20.0
Peru,2022-W47,47.0,0.0,3565.0,20.0
Peru,2022-W48,35.0,0.0,3600.0,20.0
Peru,2022-W49,35.0,0.0,3635.0,20.0
Peru,2022-W50,23.0,0.0,3658.0,20.0
Peru,2022-W51,22.0,0.0,3680.0,20.0
Peru,2022-W52,19.0,0.0,3699.0,20.0
Peru,2023-W01,11.0,0.0,3710.0,20.0
Peru,2023-W02,11.0,0.0,3721.0,20.0
Peru,2023-W03,8.0,0.0,3729.0,20.0
Peru,2023-W04,10.0,0.0,3739.0,20.0
Peru,2023-W05,12.0,1.0,3751.0,21.0
Peru,2023-W06,6.0,0.0,3757.0,21.0
Peru,2023-W07,10.0,0.0,3767.0,21.0
Peru,2023-W08,8.0,0.0,3775.0,21.0
Peru,2023-W09,5.0,0.0,3780.0,21.0
Peru,2023-W10,7.0,0.0,3787.0,21.0
Peru,2023-W11,6.0,0.0,3793.0,21.0
Peru,2023-W12,8.0,0.0,3801.0,21.0
Peru,2023-W13,2.0,0.0,3803.0,21.0
Peru,2023-W14,2.0,0.0,3805.0,21.0
Peru,2023-W15,1.0,0.0,3806.0,21.0
Peru,2023-W16,3.0,0.0,3809.0,21.0
Peru,2023-W17,1.0,0.0,3810.0,21.0
Peru,2023-W18,2.0,0.0,3812.0,21.0
Peru,2023-W19,0.0,0.0,3812.0,21.0
Peru,2023-W20,0.0,0.0,3812.0,21.0
Peru,2023-W21,1.0,0.0,3813.0,21.0
Peru,2023-W22,0.0,0.0,3813.0,21.0
Peru,2023-W23,0.0,0.0,3813.0,21.0
Peru,2023-W24,0.0,0.0,3813.0,21.0
Peru,2023-W25,0.0,0.0,3813.0,21.0
Peru,2023-W26,0.0,0.0,3813.0,21.0
Peru,2023-W27,1.0,0.0,3814.0,21.0
Peru,2023-W28,1.0,0.0,3815.0,21.0
Peru,2023-W29,0.0,0.0,3815.0,21.0
Peru,2023-W30,0.0,0.0,3815.0,21.0
Peru,2023-W31,2.0,0.0,3817.0,21.0
Peru,2023-W32,4.0,0.0,3821.0,21.0
Peru,2023-W33,2.0,0.0,3823.0,21.0
Peru,2023-W34,0.0,0.0,3823.0,21.0
Peru,2023-W35,2.0,0.0,3825.0,21.0
Peru,2023-W36,3.0,0.0,3828.0,21.0
Peru,2023-W37,1.0,0.0,3829.0,21.0
Peru,2023-W38,2.0,0.0,3831.0,21.0
Peru,2023-W39,1.0,0.0,3832.0,21.0
Peru,2023-W40,2.0,0.0,3834.0,21.0
Peru,2023-W41,3.0,0.0,3837.0,21.0
Peru,2023-W42,2.0,0.0,3839.0,21.0
Peru,2023-W43,0.0,0.0,3839.0,21.0
Peru,2023-W44,6.0,0.0,3845.0,21.0
Peru,2023-W45,2.0,0.0,3847.0,21.0
Peru,2023-W46,1.0,0.0,3848.0,21.0
Peru,2023-W47,5.0,0.0,3853.0,21.0
Peru,2023-W48,2.0,0.0,3855.0,21.0
Peru,2023-W49,0.0,0.0,3855.0,21.0
Peru,2023-W50,5.0,0.0,3860.0,21.0
Peru,2023-W51,4.0,0.0,3864.0,21.0
Peru,2023-W52,1.0,0.0,3865.0,21.0
Peru,2024-W01,2.0,0.0,3867.0,21.0
Peru,2024-W02,1.0,0.0,3868.0,21.0
Peru,2024-W03,2.0,1.0,3870.0,22.0
Peru,2024-W04,0.0,0.0,3870.0,22.0
Peru,2024-W05,3.0,0.0,3873.0,22.0
Peru,2024-W06,1.0,0.0,3874.0,22.0
Peru,2024-W07,2.0,0.0,3876.0,22.0
Peru,2024-W08,2.0,0.0,3878.0,22.0
Peru,2024-W09,5.0,0.0,3883.0,22.0
Peru,2024-W10,2.0,0.0,3885.0,22.0
Peru,2024-W11,2.0,0.0,3887.0,22.0
Peru,2024-W12,5.0,0.0,3892.0,22.0
Peru,2024-W13,5.0,1.0,3897.0,23.0
Peru,2024-W14,0.0,0.0,3897.0,23.0
Peru,2024-W15,1.0,0.0,3898.0,23.0
Peru,2024-W16,6.0,0.0,3904.0,23.0
Peru,2024-W17,3.0,0.0,3907.0,23.0
Peru,2024-W18,4.0,0.0,3911.0,23.0
Peru,2024-W19,3.0,0.0,3914.0,23.0
Peru,2024-W20,2.0,0.0,3916.0,23.0
Peru,2024-W21,1.0,0.0,3917.0,23.0
Peru,2024-W22,5.0,0.0,3922.0,23.0
Peru,2024-W23,2.0,0.0,3924.0,23.0
Peru,2024-W24,4.0,0.0,3928.0,23.0
Peru,2024-W25,2.0,0.0,3930.0,23.0
Peru,2024-W26,1.0,0.0,3931.0,23.0
Peru,2024-W27,6.0,0.0,3937.0,23.0
Peru,2024-W28,4.0,0.0,3941.0,23.0
Peru,2024-W29,3.0,0.0,3944.0,23.0
Peru,2024-W30,2.0,0.0,3946.0,23.0
Peru,2024-W31,2.0,0.0,3948.0,23.0
Peru,2024-W32,0.0,0.0,3948.0,23.0
Peru,2024-W33,1.0,0.0,3949.0,23.0
Peru,2024-W34,1.0,0.0,3950.0,23.0
Peru,2024-W35,0.0,0.0,3950.0,23.0
Peru,2024-W36,0.0,0.0,3950.0,23.0
Peru,2024-W37,1.0,0.0,3951.0,23.0
Peru,2024-W38,2.0,0.0,3953.0,23.0
Peru,2024-W39,0.0,0.0,3953.0,23.0
Peru,2024-W40,1.0,0.0,3954.0,23.0
Peru,2024-W41,0.0,0.0,3954.0,23.0
Peru,2024-W42,0.0,0.0,3954.0,23.0
Peru,2024-W43,0.0,0.0,3954.0,23.0
Peru,2024-W44,0.0,0.0,3954.0,23.0
Peru,2024-W45,0.0,0.0,3954.0,23.0
Peru,2024-W46,0.0,0.0,3954.0,23.0
Peru,2024-W47,0.0,0.0,3954.0,23.0
Peru,2024-W48,0.0,0.0,3954.0,23.0
Peru,2024-W49,0.0,0.0,3954.0,23.0
Peru,2024-W50,0.0,0.0,3954.0,23.0
Peru,2024-W51,0.0,0.0,3954.0,23.0
Peru,2024-W52,0.0,0.0,3954.0,23.0
Peru,2025-W01,0.0,0.0,3954.0,23.0
Peru,2025-W02,0.0,0.0,3954.0,23.0
Peru,2025-W03,0.0,0.0,3954.0,23.0
Peru,2025-W04,0.0,0.0,3954.0,23.0
Peru,2025-W05,0.0,0.0,3954.0,23.0
Peru,2025-W06,0.0,0.0,3954.0,23.0
Peru,2025-W07,0.0,0.0,3954.0,23.0
Peru,2025-W08,0.0,0.0,3954.0,23.0
Peru,2025-W09,0.0,0.0,3954.0,23.0
Peru,2025-W10,0.0,0.0,3954.0,23.0
Peru,2025-W11,0.0,0.0,3954.0,23.0
Peru,2025-W12,0.0,0.0,3954.0,23.0
Peru,2025-W13,0.0,0.0,3954.0,23.0
Peru,2025-W14,0.0,0.0,3954.0,23.0
Peru,2025-W15,0.0,0.0,3954.0,23.0
Peru,2025-W16,0.0,0.0,3954.0,23.0
Peru,2025-W17,0.0,0.0,3954.0,23.0
Peru,2025-W18,0.0,0.0,3954.0,23.0
Peru,2025-W19,0.0,0.0,3954.0,23.0
Peru,2025-W20,0.0,0.0,3954.0,23.0
Peru,2025-W21,0.0,0.0,3954.0,23.0
Peru,2025-W22,0.0,0.0,3954.0,23.0
Peru,2025-W23,1.0,0.0,3955.0,23.0
Peru,2025-W24,0.0,0.0,3955.0,23.0
Peru,2025-W25,0.0,0.0,3955.0,23.0
Peru,2025-W26,0.0,0.0,3955.0,23.0
Peru,2025-W27,0.0,0.0,3955.0,23.0
Peru,2025-W28,0.0,0.0,3955.0,23.0
Peru,2025-W29,0.0,0.0,3955.0,23.0
Peru,2025-W30,0.0,0.0,3955.0,23.0
Peru,2025-W31,0.0,0.0,3955.0,23.0
Peru,2025-W32,1.0,0.0,3956.0,23.0
Peru,2025-W33,3.0,0.0,3959.0,23.0
Peru,2025-W34,0.0,0.0,3959.0,23.0
Peru,2025-W35,0.0,0.0,3959.0,23.0
Peru,2025-W36,0.0,0.0,3959.0,23.0
Peru,2025-W37,0.0,0.0,3959.0,23.0
Peru,2025-W38,0.0,0.0,3959.0,23.0
Peru,2025-W39,0.0,0.0,3959.0,23.0
Peru,2025-W40,0.0,0.0,3959.0,23.0
Peru,2025-W41,0.0,0.0,3959.0,23.0
Peru,2025-W42,0.0,0.0,3959.0,23.0
Peru,2025-W43,1.0,0.0,3960.0,23.0
Peru,2025-W44,0.0,0.0,3960.0,23.0
Peru,2025-W45,0.0,0.0,3960.0,23.0
Peru,2025-W46,0.0,0.0,3960.0,23.0
Peru,2025-W47,0.0,0.0,3960.0,23.0
Peru,2025-W48,0.0,0.0,3960.0,23.0
Peru,2025-W49,0.0,0.0,3960.0,23.0
Peru,2025-W50,0.0,0.0,3960.0,23.0
Peru,2025-W51,0.0,0.0,3960.0,23.0
Peru,2025-W52,0.0,0.0,3960.0,23.0
Peru,2026-W01,0.0,0.0,3960.0,23.0
Philippines,2022-W30,1.0,0.0,1.0,0.0
Philippines,2022-W31,0.0,0.0,1.0,0.0
Philippines,2022-W32,0.0,0.0,1.0,0.0
Philippines,2022-W33,2.0,0.0,3.0,0.0
Philippines,2022-W34,1.0,0.0,4.0,0.0
Philippines,2022-W35,0.0,0.0,4.0,0.0
Philippines,2022-W36,0.0,0.0,4.0,0.0
Philippines,2022-W37,0.0,0.0,4.0,0.0
Philippines,2022-W38,0.0,0.0,4.0,0.0
Philippines,2022-W39,0.0,0.0,4.0,0.0
Philippines,2022-W40,0.0,0.0,4.0,0.0
Philippines,2022-W41,0.0,0.0,4.0,0.0
Philippines,2022-W42,0.0,0.0,4.0,0.0
Philippines,2022-W43,0.0,0.0,4.0,0.0
Philippines,2022-W44,0.0,0.0,4.0,0.0
Philippines,2022-W45,0.0,0.0,4.0,0.0
Philippines,2022-W46,0.0,0.0,4.0,0.0
Philippines,2022-W47,0.0,0.0,4.0,0.0
Philippines,2022-W48,0.0,0.0,4.0,0.0
Philippines,2022-W49,0.0,0.0,4.0,0.0
Philippines,2022-W50,0.0,0.0,4.0,0.0
Philippines,2022-W51,0.0,0.0,4.0,0.0
Philippines,2022-W52,0.0,0.0,4.0,0.0
Philippines,2023-W01,0.0,0.0,4.0,0.0
Philippines,2023-W02,0.0,0.0,4.0,0.0
Philippines,2023-W03,0.0,0.0,4.0,0.0
Philippines,2023-W04,0.0,0.0,4.0,0.0
Philippines,2023-W05,0.0,0.0,4.0,0.0
Philippines,2023-W06,0.0,0.0,4.0,0.0
Philippines,2023-W07,0.0,0.0,4.0,0.0
Philippines,2023-W08,0.0,0.0,4.0,0.0
Philippines,2023-W09,0.0,0.0,4.0,0.0
Philippines,2023-W10,0.0,0.0,4.0,0.0
Philippines,2023-W11,0.0,0.0,4.0,0.0
Philippines,2023-W12,0.0,0.0,4.0,0.0
Philippines,2023-W13,0.0,0.0,4.0,0.0
Philippines,2023-W14,0.0,0.0,4.0,0.0
Philippines,2023-W15,0.0,0.0,4.0,0.0
Philippines,2023-W16,0.0,0.0,4.0,0.0
Philippines,2023-W17,0.0,0.0,4.0,0.0
Philippines,2023-W18,0.0,0.0,4.0,0.0
Philippines,2023-W19,1.0,0.0,5.0,0.0
Philippines,2023-W20,0.0,0.0,5.0,0.0
Philippines,2023-W21,0.0,0.0,5.0,0.0
Philippines,2023-W22,0.0,0.0,5.0,0.0
Philippines,2023-W23,0.0,0.0,5.0,0.0
Philippines,2023-W24,0.0,0.0,5.0,0.0
Philippines,2023-W25,0.0,0.0,5.0,0.0
Philippines,2023-W26,0.0,0.0,5.0,0.0
Philippines,2023-W27,0.0,0.0,5.0,0.0
Philippines,2023-W28,0.0,0.0,5.0,0.0
Philippines,2023-W29,0.0,0.0,5.0,0.0
Philippines,2023-W30,0.0,0.0,5.0,0.0
Philippines,2023-W31,0.0,0.0,5.0,0.0
Philippines,2023-W32,0.0,0.0,5.0,0.0
Philippines,2023-W33,0.0,0.0,5.0,0.0
Philippines,2023-W34,0.0,0.0,5.0,0.0
Philippines,2023-W35,0.0,0.0,5.0,0.0
Philippines,2023-W36,0.0,0.0,5.0,0.0
Philippines,2023-W37,0.0,0.0,5.0,0.0
Philippines,2023-W38,0.0,0.0,5.0,0.0
Philippines,2023-W39,0.0,0.0,5.0,0.0
Philippines,2023-W40,0.0,0.0,5.0,0.0
Philippines,2023-W41,0.0,0.0,5.0,0.0
Philippines,2023-W42,0.0,0.0,5.0,0.0
Philippines,2023-W43,0.0,0.0,5.0,0.0
Philippines,2023-W44,0.0,0.0,5.0,0.0
Philippines,2023-W45,0.0,0.0,5.0,0.0
Philippines,2023-W46,0.0,0.0,5.0,0.0
Philippines,2023-W47,0.0,0.0,5.0,0.0
Philippines,2023-W48,0.0,0.0,5.0,0.0
Philippines,2023-W49,0.0,0.0,5.0,0.0
Philippines,2023-W50,4.0,0.0,9.0,0.0
Philippines,2023-W51,0.0,0.0,9.0,0.0
Philippines,2023-W52,0.0,0.0,9.0,0.0
Philippines,2024-W01,0.0,0.0,9.0,0.0
Philippines,2024-W02,0.0,0.0,9.0,0.0
Philippines,2024-W03,0.0,0.0,9.0,0.0
Philippines,2024-W04,0.0,0.0,9.0,0.0
Philippines,2024-W05,0.0,0.0,9.0,0.0
Philippines,2024-W06,0.0,0.0,9.0,0.0
Philippines,2024-W07,0.0,0.0,9.0,0.0
Philippines,2024-W08,0.0,0.0,9.0,0.0
Philippines,2024-W09,0.0,0.0,9.0,0.0
Philippines,2024-W10,0.0,0.0,9.0,0.0
Philippines,2024-W11,0.0,0.0,9.0,0.0
Philippines,2024-W12,0.0,0.0,9.0,0.0
Philippines,2024-W13,0.0,0.0,9.0,0.0
Philippines,2024-W14,0.0,0.0,9.0,0.0
Philippines,2024-W15,0.0,0.0,9.0,0.0
Philippines,2024-W16,0.0,0.0,9.0,0.0
Philippines,2024-W17,0.0,0.0,9.0,0.0
Philippines,2024-W18,0.0,0.0,9.0,0.0
Philippines,2024-W19,0.0,0.0,9.0,0.0
Philippines,2024-W20,0.0,0.0,9.0,0.0
Philippines,2024-W21,0.0,0.0,9.0,0.0
Philippines,2024-W22,0.0,0.0,9.0,0.0
Philippines,2024-W23,0.0,0.0,9.0,0.0
Philippines,2024-W24,0.0,0.0,9.0,0.0
Philippines,2024-W25,0.0,0.0,9.0,0.0
Philippines,2024-W26,0.0,0.0,9.0,0.0
Philippines,2024-W27,0.0,0.0,9.0,0.0
Philippines,2024-W28,0.0,0.0,9.0,0.0
Philippines,2024-W29,0.0,0.0,9.0,0.0
Philippines,2024-W30,0.0,0.0,9.0,0.0
Philippines,2024-W31,0.0,0.0,9.0,0.0
Philippines,2024-W32,0.0,0.0,9.0,0.0
Philippines,2024-W33,0.0,0.0,9.0,0.0
Philippines,2024-W34,1.0,0.0,10.0,0.0
Philippines,2024-W35,7.0,0.0,17.0,0.0
Philippines,2024-W36,0.0,0.0,17.0,0.0
Philippines,2024-W37,0.0,0.0,17.0,0.0
Philippines,2024-W38,0.0,0.0,17.0,0.0
Philippines,2024-W39,15.0,0.0,32.0,0.0
Philippines,2024-W40,0.0,0.0,32.0,0.0
Philippines,2024-W41,0.0,0.0,32.0,0.0
Philippines,2024-W42,0.0,0.0,32.0,0.0
Philippines,2024-W43,0.0,0.0,32.0,0.0
Philippines,2024-W44,0.0,0.0,32.0,0.0
Philippines,2024-W45,0.0,0.0,32.0,0.0
Philippines,2024-W46,0.0,0.0,32.0,0.0
Philippines,2024-W47,0.0,0.0,32.0,0.0
Philippines,2024-W48,24.0,1.0,56.0,1.0
Philippines,2024-W49,0.0,0.0,56.0,1.0
Philippines,2024-W50,0.0,0.0,56.0,1.0
Philippines,2024-W51,0.0,0.0,56.0,1.0
Philippines,2024-W52,7.0,0.0,63.0,1.0
Philippines,2025-W01,21.0,3.0,84.0,4.0
Philippines,2025-W02,0.0,0.0,84.0,4.0
Philippines,2025-W03,0.0,0.0,84.0,4.0
Philippines,2025-W04,2.0,0.0,86.0,4.0
Philippines,2025-W05,0.0,0.0,86.0,4.0
Philippines,2025-W06,0.0,0.0,86.0,4.0
Philippines,2025-W07,0.0,0.0,86.0,4.0
Philippines,2025-W08,22.0,1.0,108.0,5.0
Philippines,2025-W09,0.0,0.0,108.0,5.0
Philippines,2025-W10,0.0,0.0,108.0,5.0
Philippines,2025-W11,0.0,0.0,108.0,5.0
Philippines,2025-W12,0.0,0.0,108.0,5.0
Philippines,2025-W13,0.0,0.0,108.0,5.0
Philippines,2025-W14,28.0,0.0,136.0,5.0
Philippines,2025-W15,0.0,0.0,136.0,5.0
Philippines,2025-W16,0.0,0.0,136.0,5.0
Philippines,2025-W17,0.0,0.0,136.0,5.0
Philippines,2025-W18,20.0,1.0,156.0,6.0
Philippines,2025-W19,0.0,0.0,156.0,6.0
Philippines,2025-W20,0.0,0.0,156.0,6.0
Philippines,2025-W21,0.0,0.0,156.0,6.0
Philippines,2025-W22,0.0,0.0,156.0,6.0
Philippines,2025-W23,0.0,0.0,156.0,6.0
Philippines,2025-W24,0.0,0.0,156.0,6.0
Philippines,2025-W25,0.0,0.0,156.0,6.0
Philippines,2025-W26,0.0,0.0,156.0,6.0
Philippines,2025-W27,126.0,2.0,282.0,8.0
Philippines,2025-W28,0.0,0.0,282.0,8.0
Philippines,2025-W29,0.0,0.0,282.0,8.0
Philippines,2025-W30,0.0,0.0,282.0,8.0
Philippines,2025-W31,32.0,0.0,314.0,8.0
Philippines,2025-W32,0.0,0.0,314.0,8.0
Philippines,2025-W33,0.0,0.0,314.0,8.0
Philippines,2025-W34,0.0,0.0,314.0,8.0
Philippines,2025-W35,20.0,0.0,334.0,8.0
Philippines,2025-W36,0.0,0.0,334.0,8.0
Philippines,2025-W37,0.0,0.0,334.0,8.0
Philippines,2025-W38,0.0,0.0,334.0,8.0
Philippines,2025-W39,0.0,0.0,334.0,8.0
Philippines,2025-W40,16.0,1.0,350.0,9.0
Philippines,2025-W41,0.0,0.0,350.0,9.0
Philippines,2025-W42,0.0,0.0,350.0,9.0
Philippines,2025-W43,0.0,0.0,350.0,9.0
Philippines,2025-W44,10.0,0.0,360.0,9.0
Philippines,2025-W45,0.0,0.0,360.0,9.0
Philippines,2025-W46,0.0,0.0,360.0,9.0
Philippines,2025-W47,0.0,0.0,360.0,9.0
Philippines,2025-W48,0.0,0.0,360.0,9.0
Philippines,2025-W49,0.0,0.0,360.0,9.0
Philippines,2025-W50,0.0,0.0,360.0,9.0
Philippines,2025-W51,0.0,0.0,360.0,9.0
Philippines,2025-W52,0.0,0.0,360.0,9.0
Philippines,2026-W01,10.0,1.0,370.0,10.0
Poland,2022-W24,1.0,0.0,1.0,0.0
Poland,2022-W25,6.0,0.0,7.0,0.0
Poland,2022-W26,3.0,0.0,10.0,0.0
Poland,2022-W27,9.0,0.0,19.0,0.0
Poland,2022-W28,3.0,0.0,22.0,0.0
Poland,2022-W29,18.0,0.0,40.0,0.0
Poland,2022-W30,13.0,0.0,53.0,0.0
Poland,2022-W31,10.0,0.0,63.0,0.0
Poland,2022-W32,32.0,0.0,95.0,0.0
Poland,2022-W33,9.0,0.0,104.0,0.0
Poland,2022-W34,24.0,0.0,128.0,0.0
Poland,2022-W35,13.0,0.0,141.0,0.0
Poland,2022-W36,15.0,0.0,156.0,0.0
Poland,2022-W37,11.0,0.0,167.0,0.0
Poland,2022-W38,6.0,0.0,173.0,0.0
Poland,2022-W39,15.0,0.0,188.0,0.0
Poland,2022-W40,7.0,0.0,195.0,0.0
Poland,2022-W41,1.0,0.0,196.0,0.0
Poland,2022-W42,5.0,0.0,201.0,0.0
Poland,2022-W43,5.0,0.0,206.0,0.0
Poland,2022-W44,4.0,0.0,210.0,0.0
Poland,2022-W45,2.0,0.0,212.0,0.0
Poland,2022-W46,0.0,0.0,212.0,0.0
Poland,2022-W47,1.0,0.0,213.0,0.0
Poland,2022-W48,1.0,0.0,214.0,0.0
Poland,2022-W49,0.0,0.0,214.0,0.0
Poland,2022-W50,0.0,0.0,214.0,0.0
Poland,2022-W51,0.0,0.0,214.0,0.0
Poland,2022-W52,0.0,0.0,214.0,0.0
Poland,2023-W01,0.0,0.0,214.0,0.0
Poland,2023-W02,0.0,0.0,214.0,0.0
Poland,2023-W03,1.0,0.0,215.0,0.0
Poland,2023-W04,0.0,0.0,215.0,0.0
Poland,2023-W05,0.0,0.0,215.0,0.0
Poland,2023-W06,0.0,0.0,215.0,0.0
Poland,2023-W07,0.0,0.0,215.0,0.0
Poland,2023-W08,0.0,0.0,215.0,0.0
Poland,2023-W09,0.0,0.0,215.0,0.0
Poland,2023-W10,0.0,0.0,215.0,0.0
Poland,2023-W11,0.0,0.0,215.0,0.0
Poland,2023-W12,0.0,0.0,215.0,0.0
Poland,2023-W13,0.0,0.0,215.0,0.0
Poland,2023-W14,0.0,0.0,215.0,0.0
Poland,2023-W15,2.0,0.0,217.0,0.0
Poland,2023-W16,0.0,0.0,217.0,0.0
Poland,2023-W17,0.0,0.0,217.0,0.0
Poland,2023-W18,0.0,0.0,217.0,0.0
Poland,2023-W19,0.0,0.0,217.0,0.0
Poland,2023-W20,0.0,0.0,217.0,0.0
Poland,2023-W21,0.0,0.0,217.0,0.0
Poland,2023-W22,0.0,0.0,217.0,0.0
Poland,2023-W23,0.0,0.0,217.0,0.0
Poland,2023-W24,0.0,0.0,217.0,0.0
Poland,2023-W25,0.0,0.0,217.0,0.0
Poland,2023-W26,0.0,0.0,217.0,0.0
Poland,2023-W27,0.0,0.0,217.0,0.0
Poland,2023-W28,0.0,0.0,217.0,0.0
Poland,2023-W29,0.0,0.0,217.0,0.0
Poland,2023-W30,0.0,0.0,217.0,0.0
Poland,2023-W31,0.0,0.0,217.0,0.0
Poland,2023-W32,0.0,0.0,217.0,0.0
Poland,2023-W33,0.0,0.0,217.0,0.0
Poland,2023-W34,0.0,0.0,217.0,0.0
Poland,2023-W35,0.0,0.0,217.0,0.0
Poland,2023-W36,0.0,0.0,217.0,0.0
Poland,2023-W37,0.0,0.0,217.0,0.0
Poland,2023-W38,0.0,0.0,217.0,0.0
Poland,2023-W39,0.0,0.0,217.0,0.0
Poland,2023-W40,0.0,0.0,217.0,0.0
Poland,2023-W41,0.0,0.0,217.0,0.0
Poland,2023-W42,0.0,0.0,217.0,0.0
Poland,2023-W43,0.0,0.0,217.0,0.0
Poland,2023-W44,0.0,0.0,217.0,0.0
Poland,2023-W45,0.0,0.0,217.0,0.0
Poland,2023-W46,0.0,0.0,217.0,0.0
Poland,2023-W47,0.0,0.0,217.0,0.0
Poland,2023-W48,0.0,0.0,217.0,0.0
Poland,2023-W49,0.0,0.0,217.0,0.0
Poland,2023-W50,0.0,0.0,217.0,0.0
Poland,2023-W51,0.0,0.0,217.0,0.0
Poland,2023-W52,0.0,0.0,217.0,0.0
Poland,2024-W01,0.0,0.0,217.0,0.0
Poland,2024-W02,0.0,0.0,217.0,0.0
Poland,2024-W03,0.0,0.0,217.0,0.0
Poland,2024-W04,0.0,0.0,217.0,0.0
Poland,2024-W05,3.0,0.0,220.0,0.0
Poland,2024-W06,0.0,0.0,220.0,0.0
Poland,2024-W07,0.0,0.0,220.0,0.0
Poland,2024-W08,0.0,0.0,220.0,0.0
Poland,2024-W09,0.0,0.0,220.0,0.0
Poland,2024-W10,0.0,0.0,220.0,0.0
Poland,2024-W11,0.0,0.0,220.0,0.0
Poland,2024-W12,0.0,0.0,220.0,0.0
Poland,2024-W13,1.0,0.0,221.0,0.0
Poland,2024-W14,0.0,0.0,221.0,0.0
Poland,2024-W15,0.0,0.0,221.0,0.0
Poland,2024-W16,0.0,0.0,221.0,0.0
Poland,2024-W17,0.0,0.0,221.0,0.0
Poland,2024-W18,0.0,0.0,221.0,0.0
Poland,2024-W19,0.0,0.0,221.0,0.0
Poland,2024-W20,0.0,0.0,221.0,0.0
Poland,2024-W21,0.0,0.0,221.0,0.0
Poland,2024-W22,2.0,0.0,223.0,0.0
Poland,2024-W23,0.0,0.0,223.0,0.0
Poland,2024-W24,0.0,0.0,223.0,0.0
Poland,2024-W25,0.0,0.0,223.0,0.0
Poland,2024-W26,0.0,0.0,223.0,0.0
Poland,2024-W27,0.0,0.0,223.0,0.0
Poland,2024-W28,0.0,0.0,223.0,0.0
Poland,2024-W29,0.0,0.0,223.0,0.0
Poland,2024-W30,0.0,0.0,223.0,0.0
Poland,2024-W31,0.0,0.0,223.0,0.0
Poland,2024-W32,0.0,0.0,223.0,0.0
Poland,2024-W33,0.0,0.0,223.0,0.0
Poland,2024-W34,0.0,0.0,223.0,0.0
Poland,2024-W35,2.0,0.0,225.0,0.0
Poland,2024-W36,0.0,0.0,225.0,0.0
Poland,2024-W37,0.0,0.0,225.0,0.0
Poland,2024-W38,0.0,0.0,225.0,0.0
Poland,2024-W39,0.0,0.0,225.0,0.0
Poland,2024-W40,0.0,0.0,225.0,0.0
Poland,2024-W41,0.0,0.0,225.0,0.0
Poland,2024-W42,0.0,0.0,225.0,0.0
Poland,2024-W43,0.0,0.0,225.0,0.0
Poland,2024-W44,0.0,0.0,225.0,0.0
Poland,2024-W45,0.0,0.0,225.0,0.0
Poland,2024-W46,0.0,0.0,225.0,0.0
Poland,2024-W47,0.0,0.0,225.0,0.0
Poland,2024-W48,0.0,0.0,225.0,0.0
Poland,2024-W49,0.0,0.0,225.0,0.0
Poland,2024-W50,0.0,0.0,225.0,0.0
Poland,2024-W51,0.0,0.0,225.0,0.0
Poland,2024-W52,0.0,0.0,225.0,0.0
Poland,2025-W01,2.0,0.0,227.0,0.0
Poland,2025-W02,6.0,0.0,233.0,0.0
Poland,2025-W03,0.0,0.0,233.0,0.0
Poland,2025-W04,0.0,0.0,233.0,0.0
Poland,2025-W05,0.0,0.0,233.0,0.0
Poland,2025-W06,0.0,0.0,233.0,0.0
Poland,2025-W07,0.0,0.0,233.0,0.0
Poland,2025-W08,0.0,0.0,233.0,0.0
Poland,2025-W09,5.0,0.0,238.0,0.0
Poland,2025-W10,0.0,0.0,238.0,0.0
Poland,2025-W11,0.0,0.0,238.0,0.0
Poland,2025-W12,0.0,0.0,238.0,0.0
Poland,2025-W13,0.0,0.0,238.0,0.0
Poland,2025-W14,3.0,0.0,241.0,0.0
Poland,2025-W15,0.0,0.0,241.0,0.0
Poland,2025-W16,0.0,0.0,241.0,0.0
Poland,2025-W17,0.0,0.0,241.0,0.0
Poland,2025-W18,1.0,0.0,242.0,0.0
Poland,2025-W19,0.0,0.0,242.0,0.0
Poland,2025-W20,3.0,0.0,245.0,0.0
Poland,2025-W21,0.0,0.0,245.0,0.0
Poland,2025-W22,0.0,0.0,245.0,0.0
Poland,2025-W23,0.0,0.0,245.0,0.0
Poland,2025-W24,3.0,0.0,248.0,0.0
Poland,2025-W25,0.0,0.0,248.0,0.0
Poland,2025-W26,0.0,0.0,248.0,0.0
Poland,2025-W27,0.0,0.0,248.0,0.0
Poland,2025-W28,0.0,0.0,248.0,0.0
Poland,2025-W29,0.0,0.0,248.0,0.0
Poland,2025-W30,0.0,0.0,248.0,0.0
Poland,2025-W31,0.0,0.0,248.0,0.0
Poland,2025-W32,0.0,0.0,248.0,0.0
Poland,2025-W33,0.0,0.0,248.0,0.0
Poland,2025-W34,0.0,0.0,248.0,0.0
Poland,2025-W35,0.0,0.0,248.0,0.0
Poland,2025-W36,0.0,0.0,248.0,0.0
Poland,2025-W37,0.0,0.0,248.0,0.0
Poland,2025-W38,0.0,0.0,248.0,0.0
Poland,2025-W39,0.0,0.0,248.0,0.0
Poland,2025-W40,0.0,0.0,248.0,0.0
Poland,2025-W41,0.0,0.0,248.0,0.0
Poland,2025-W42,0.0,0.0,248.0,0.0
Poland,2025-W43,0.0,0.0,248.0,0.0
Poland,2025-W44,0.0,0.0,248.0,0.0
Poland,2025-W45,0.0,0.0,248.0,0.0
Poland,2025-W46,5.0,0.0,253.0,0.0
Poland,2025-W47,0.0,0.0,253.0,0.0
Poland,2025-W48,0.0,0.0,253.0,0.0
Poland,2025-W49,0.0,0.0,253.0,0.0
Poland,2025-W50,0.0,0.0,253.0,0.0
Poland,2025-W51,0.0,0.0,253.0,0.0
Poland,2025-W52,3.0,0.0,256.0,0.0
Portugal,2022-W20,37.0,0.0,37.0,0.0
Portugal,2022-W21,37.0,0.0,74.0,0.0
Portugal,2022-W22,69.0,0.0,143.0,0.0
Portugal,2022-W23,66.0,0.0,209.0,0.0
Portugal,2022-W24,67.0,0.0,276.0,0.0
Portugal,2022-W25,72.0,0.0,348.0,0.0
Portugal,2022-W26,67.0,0.0,415.0,0.0
Portugal,2022-W27,58.0,0.0,473.0,0.0
Portugal,2022-W28,42.0,0.0,515.0,0.0
Portugal,2022-W29,73.0,0.0,588.0,0.0
Portugal,2022-W30,45.0,0.0,633.0,0.0
Portugal,2022-W31,77.0,0.0,710.0,0.0
Portugal,2022-W32,60.0,0.0,770.0,0.0
Portugal,2022-W33,40.0,0.0,810.0,0.0
Portugal,2022-W34,36.0,0.0,846.0,0.0
Portugal,2022-W35,25.0,0.0,871.0,0.0
Portugal,2022-W36,27.0,0.0,898.0,0.0
Portugal,2022-W37,10.0,0.0,908.0,0.0
Portugal,2022-W38,9.0,0.0,917.0,0.0
Portugal,2022-W39,9.0,0.0,926.0,0.0
Portugal,2022-W40,4.0,0.0,930.0,0.0
Portugal,2022-W41,10.0,0.0,940.0,0.0
Portugal,2022-W42,4.0,0.0,944.0,0.0
Portugal,2022-W43,0.0,0.0,944.0,0.0
Portugal,2022-W44,0.0,0.0,944.0,0.0
Portugal,2022-W45,4.0,0.0,948.0,0.0
Portugal,2022-W46,0.0,0.0,948.0,0.0
Portugal,2022-W47,0.0,0.0,948.0,0.0
Portugal,2022-W48,0.0,0.0,948.0,0.0
Portugal,2022-W49,0.0,0.0,948.0,0.0
Portugal,2022-W50,0.0,0.0,948.0,0.0
Portugal,2022-W51,0.0,0.0,948.0,0.0
Portugal,2022-W52,0.0,0.0,948.0,0.0
Portugal,2023-W01,2.0,0.0,950.0,0.0
Portugal,2023-W02,0.0,0.0,950.0,0.0
Portugal,2023-W03,0.0,0.0,950.0,0.0
Portugal,2023-W04,0.0,0.0,950.0,0.0
Portugal,2023-W05,1.0,0.0,951.0,0.0
Portugal,2023-W06,0.0,0.0,951.0,0.0
Portugal,2023-W07,0.0,0.0,951.0,0.0
Portugal,2023-W08,0.0,0.0,951.0,0.0
Portugal,2023-W09,0.0,0.0,951.0,0.0
Portugal,2023-W10,0.0,0.0,951.0,0.0
Portugal,2023-W11,0.0,0.0,951.0,0.0
Portugal,2023-W12,0.0,0.0,951.0,0.0
Portugal,2023-W13,0.0,0.0,951.0,0.0
Portugal,2023-W14,2.0,0.0,953.0,0.0
Portugal,2023-W15,0.0,0.0,953.0,0.0
Portugal,2023-W16,0.0,0.0,953.0,0.0
Portugal,2023-W17,0.0,0.0,953.0,0.0
Portugal,2023-W18,0.0,0.0,953.0,0.0
Portugal,2023-W19,0.0,0.0,953.0,0.0
Portugal,2023-W20,0.0,0.0,953.0,0.0
Portugal,2023-W21,0.0,1.0,953.0,1.0
Portugal,2023-W22,0.0,0.0,953.0,1.0
Portugal,2023-W23,0.0,0.0,953.0,1.0
Portugal,2023-W24,0.0,0.0,953.0,1.0
Portugal,2023-W25,0.0,0.0,953.0,1.0
Portugal,2023-W26,2.0,0.0,955.0,1.0
Portugal,2023-W27,10.0,0.0,965.0,1.0
Portugal,2023-W28,0.0,0.0,965.0,1.0
Portugal,2023-W29,0.0,0.0,965.0,1.0
Portugal,2023-W30,25.0,0.0,990.0,1.0
Portugal,2023-W31,12.0,0.0,1002.0,1.0
Portugal,2023-W32,3.0,0.0,1005.0,1.0
Portugal,2023-W33,0.0,0.0,1005.0,1.0
Portugal,2023-W34,0.0,0.0,1005.0,1.0
Portugal,2023-W35,0.0,0.0,1005.0,1.0
Portugal,2023-W36,45.0,0.0,1050.0,1.0
Portugal,2023-W37,0.0,0.0,1050.0,1.0
Portugal,2023-W38,0.0,0.0,1050.0,1.0
Portugal,2023-W39,41.0,0.0,1091.0,1.0
Portugal,2023-W40,0.0,0.0,1091.0,1.0
Portugal,2023-W41,0.0,0.0,1091.0,1.0
Portugal,2023-W42,0.0,0.0,1091.0,1.0
Portugal,2023-W43,0.0,0.0,1091.0,1.0
Portugal,2023-W44,43.0,0.0,1134.0,1.0
Portugal,2023-W45,0.0,0.0,1134.0,1.0
Portugal,2023-W46,0.0,0.0,1134.0,1.0
Portugal,2023-W47,0.0,0.0,1134.0,1.0
Portugal,2023-W48,28.0,0.0,1162.0,1.0
Portugal,2023-W49,0.0,0.0,1162.0,1.0
Portugal,2023-W50,0.0,0.0,1162.0,1.0
Portugal,2023-W51,0.0,0.0,1162.0,1.0
Portugal,2023-W52,0.0,0.0,1162.0,1.0
Portugal,2024-W01,0.0,0.0,1162.0,1.0
Portugal,2024-W02,0.0,0.0,1162.0,1.0
Portugal,2024-W03,0.0,0.0,1162.0,1.0
Portugal,2024-W04,0.0,0.0,1162.0,1.0
Portugal,2024-W05,24.0,1.0,1186.0,2.0
Portugal,2024-W06,0.0,0.0,1186.0,2.0
Portugal,2024-W07,0.0,0.0,1186.0,2.0
Portugal,2024-W08,0.0,0.0,1186.0,2.0
Portugal,2024-W09,4.0,0.0,1190.0,2.0
Portugal,2024-W10,0.0,0.0,1190.0,2.0
Portugal,2024-W11,0.0,0.0,1190.0,2.0
Portugal,2024-W12,0.0,0.0,1190.0,2.0
Portugal,2024-W13,3.0,0.0,1193.0,2.0
Portugal,2024-W14,0.0,0.0,1193.0,2.0
Portugal,2024-W15,0.0,0.0,1193.0,2.0
Portugal,2024-W16,0.0,0.0,1193.0,2.0
Portugal,2024-W17,0.0,0.0,1193.0,2.0
Portugal,2024-W18,0.0,0.0,1193.0,2.0
Portugal,2024-W19,0.0,0.0,1193.0,2.0
Portugal,2024-W20,0.0,0.0,1193.0,2.0
Portugal,2024-W21,0.0,0.0,1193.0,2.0
Portugal,2024-W22,0.0,0.0,1193.0,2.0
Portugal,2024-W23,0.0,0.0,1193.0,2.0
Portugal,2024-W24,0.0,0.0,1193.0,2.0
Portugal,2024-W25,0.0,0.0,1193.0,2.0
Portugal,2024-W26,0.0,0.0,1193.0,2.0
Portugal,2024-W27,0.0,0.0,1193.0,2.0
Portugal,2024-W28,0.0,0.0,1193.0,2.0
Portugal,2024-W29,0.0,0.0,1193.0,2.0
Portugal,2024-W30,0.0,0.0,1193.0,2.0
Portugal,2024-W31,3.0,0.0,1196.0,2.0
Portugal,2024-W32,0.0,0.0,1196.0,2.0
Portugal,2024-W33,0.0,0.0,1196.0,2.0
Portugal,2024-W34,0.0,0.0,1196.0,2.0
Portugal,2024-W35,10.0,0.0,1206.0,2.0
Portugal,2024-W36,0.0,0.0,1206.0,2.0
Portugal,2024-W37,0.0,0.0,1206.0,2.0
Portugal,2024-W38,0.0,0.0,1206.0,2.0
Portugal,2024-W39,0.0,0.0,1206.0,2.0
Portugal,2024-W40,1.0,0.0,1207.0,2.0
Portugal,2024-W41,0.0,0.0,1207.0,2.0
Portugal,2024-W42,0.0,0.0,1207.0,2.0
Portugal,2024-W43,0.0,0.0,1207.0,2.0
Portugal,2024-W44,1.0,0.0,1208.0,2.0
Portugal,2024-W45,0.0,0.0,1208.0,2.0
Portugal,2024-W46,0.0,0.0,1208.0,2.0
Portugal,2024-W47,0.0,0.0,1208.0,2.0
Portugal,2024-W48,0.0,0.0,1208.0,2.0
Portugal,2024-W49,0.0,0.0,1208.0,2.0
Portugal,2024-W50,0.0,0.0,1208.0,2.0
Portugal,2024-W51,0.0,0.0,1208.0,2.0
Portugal,2024-W52,0.0,0.0,1208.0,2.0
Portugal,2025-W01,2.0,0.0,1210.0,2.0
Portugal,2025-W02,2.0,0.0,1212.0,2.0
Portugal,2025-W03,0.0,0.0,1212.0,2.0
Portugal,2025-W04,0.0,0.0,1212.0,2.0
Portugal,2025-W05,0.0,0.0,1212.0,2.0
Portugal,2025-W06,0.0,0.0,1212.0,2.0
Portugal,2025-W07,0.0,0.0,1212.0,2.0
Portugal,2025-W08,0.0,0.0,1212.0,2.0
Portugal,2025-W09,2.0,0.0,1214.0,2.0
Portugal,2025-W10,0.0,0.0,1214.0,2.0
Portugal,2025-W11,0.0,0.0,1214.0,2.0
Portugal,2025-W12,0.0,0.0,1214.0,2.0
Portugal,2025-W13,0.0,0.0,1214.0,2.0
Portugal,2025-W14,7.0,0.0,1221.0,2.0
Portugal,2025-W15,0.0,0.0,1221.0,2.0
Portugal,2025-W16,0.0,0.0,1221.0,2.0
Portugal,2025-W17,0.0,0.0,1221.0,2.0
Portugal,2025-W18,4.0,0.0,1225.0,2.0
Portugal,2025-W19,0.0,0.0,1225.0,2.0
Portugal,2025-W20,7.0,0.0,1232.0,2.0
Portugal,2025-W21,0.0,0.0,1232.0,2.0
Portugal,2025-W22,0.0,0.0,1232.0,2.0
Portugal,2025-W23,0.0,0.0,1232.0,2.0
Portugal,2025-W24,5.0,0.0,1237.0,2.0
Portugal,2025-W25,0.0,0.0,1237.0,2.0
Portugal,2025-W26,0.0,0.0,1237.0,2.0
Portugal,2025-W27,0.0,0.0,1237.0,2.0
Portugal,2025-W28,0.0,0.0,1237.0,2.0
Portugal,2025-W29,0.0,0.0,1237.0,2.0
Portugal,2025-W30,0.0,0.0,1237.0,2.0
Portugal,2025-W31,0.0,0.0,1237.0,2.0
Portugal,2025-W32,0.0,0.0,1237.0,2.0
Portugal,2025-W33,15.0,0.0,1252.0,2.0
Portugal,2025-W34,0.0,0.0,1252.0,2.0
Portugal,2025-W35,0.0,0.0,1252.0,2.0
Portugal,2025-W36,0.0,0.0,1252.0,2.0
Portugal,2025-W37,3.0,0.0,1255.0,2.0
Portugal,2025-W38,0.0,0.0,1255.0,2.0
Portugal,2025-W39,0.0,0.0,1255.0,2.0
Portugal,2025-W40,0.0,0.0,1255.0,2.0
Portugal,2025-W41,22.0,0.0,1277.0,2.0
Portugal,2025-W42,0.0,0.0,1277.0,2.0
Portugal,2025-W43,0.0,0.0,1277.0,2.0
Portugal,2025-W44,0.0,0.0,1277.0,2.0
Portugal,2025-W45,0.0,0.0,1277.0,2.0
Portugal,2025-W46,18.0,0.0,1295.0,2.0
Portugal,2025-W47,0.0,0.0,1295.0,2.0
Portugal,2025-W48,0.0,0.0,1295.0,2.0
Portugal,2025-W49,0.0,0.0,1295.0,2.0
Portugal,2025-W50,0.0,0.0,1295.0,2.0
Portugal,2025-W51,0.0,0.0,1295.0,2.0
Portugal,2025-W52,13.0,0.0,1308.0,2.0
Qatar,2022-W29,2.0,0.0,2.0,0.0
Qatar,2022-W30,0.0,0.0,2.0,0.0
Qatar,2022-W31,0.0,0.0,2.0,0.0
Qatar,2022-W32,1.0,0.0,3.0,0.0
Qatar,2022-W33,0.0,0.0,3.0,0.0
Qatar,2022-W34,0.0,0.0,3.0,0.0
Qatar,2022-W35,0.0,0.0,3.0,0.0
Qatar,2022-W36,0.0,0.0,3.0,0.0
Qatar,2022-W37,1.0,0.0,4.0,0.0
Qatar,2022-W38,1.0,0.0,5.0,0.0
Qatar,2022-W39,0.0,0.0,5.0,0.0
Qatar,2022-W40,0.0,0.0,5.0,0.0
Qatar,2022-W41,0.0,0.0,5.0,0.0
Qatar,2022-W42,0.0,0.0,5.0,0.0
Qatar,2022-W43,0.0,0.0,5.0,0.0
Qatar,2022-W44,0.0,0.0,5.0,0.0
Qatar,2022-W45,0.0,0.0,5.0,0.0
Qatar,2022-W46,0.0,0.0,5.0,0.0
Qatar,2022-W47,0.0,0.0,5.0,0.0
Qatar,2022-W48,0.0,0.0,5.0,0.0
Qatar,2022-W49,0.0,0.0,5.0,0.0
Qatar,2022-W50,0.0,0.0,5.0,0.0
Qatar,2022-W51,0.0,0.0,5.0,0.0
Qatar,2022-W52,0.0,0.0,5.0,0.0
Qatar,2023-W01,0.0,0.0,5.0,0.0
Qatar,2023-W02,0.0,0.0,5.0,0.0
Qatar,2023-W03,0.0,0.0,5.0,0.0
Qatar,2023-W04,0.0,0.0,5.0,0.0
Qatar,2023-W05,0.0,0.0,5.0,0.0
Qatar,2023-W06,0.0,0.0,5.0,0.0
Qatar,2023-W07,0.0,0.0,5.0,0.0
Qatar,2023-W08,0.0,0.0,5.0,0.0
Qatar,2023-W09,0.0,0.0,5.0,0.0
Qatar,2023-W10,0.0,0.0,5.0,0.0
Qatar,2023-W11,0.0,0.0,5.0,0.0
Qatar,2023-W12,0.0,0.0,5.0,0.0
Qatar,2023-W13,0.0,0.0,5.0,0.0
Qatar,2023-W14,0.0,0.0,5.0,0.0
Qatar,2023-W15,0.0,0.0,5.0,0.0
Qatar,2023-W16,0.0,0.0,5.0,0.0
Qatar,2023-W17,0.0,0.0,5.0,0.0
Qatar,2023-W18,0.0,0.0,5.0,0.0
Qatar,2023-W19,0.0,0.0,5.0,0.0
Qatar,2023-W20,0.0,0.0,5.0,0.0
Qatar,2023-W21,0.0,0.0,5.0,0.0
Qatar,2023-W22,0.0,0.0,5.0,0.0
Qatar,2023-W23,0.0,0.0,5.0,0.0
Qatar,2023-W24,0.0,0.0,5.0,0.0
Qatar,2023-W25,0.0,0.0,5.0,0.0
Qatar,2023-W26,0.0,0.0,5.0,0.0
Qatar,2023-W27,0.0,0.0,5.0,0.0
Qatar,2023-W28,0.0,0.0,5.0,0.0
Qatar,2023-W29,0.0,0.0,5.0,0.0
Qatar,2023-W30,0.0,0.0,5.0,0.0
Qatar,2023-W31,0.0,0.0,5.0,0.0
Qatar,2023-W32,0.0,0.0,5.0,0.0
Qatar,2023-W33,0.0,0.0,5.0,0.0
Qatar,2023-W34,0.0,0.0,5.0,0.0
Qatar,2023-W35,0.0,0.0,5.0,0.0
Qatar,2023-W36,0.0,0.0,5.0,0.0
Qatar,2023-W37,0.0,0.0,5.0,0.0
Qatar,2023-W38,0.0,0.0,5.0,0.0
Qatar,2023-W39,0.0,0.0,5.0,0.0
Qatar,2023-W40,0.0,0.0,5.0,0.0
Qatar,2023-W41,0.0,0.0,5.0,0.0
Qatar,2023-W42,0.0,0.0,5.0,0.0
Qatar,2023-W43,0.0,0.0,5.0,0.0
Qatar,2023-W44,0.0,0.0,5.0,0.0
Qatar,2023-W45,0.0,0.0,5.0,0.0
Qatar,2023-W46,0.0,0.0,5.0,0.0
Qatar,2023-W47,0.0,0.0,5.0,0.0
Qatar,2023-W48,0.0,0.0,5.0,0.0
Qatar,2023-W49,0.0,0.0,5.0,0.0
Qatar,2023-W50,0.0,0.0,5.0,0.0
Qatar,2023-W51,0.0,0.0,5.0,0.0
Qatar,2023-W52,0.0,0.0,5.0,0.0
Qatar,2024-W01,0.0,0.0,5.0,0.0
Qatar,2024-W02,0.0,0.0,5.0,0.0
Qatar,2024-W03,0.0,0.0,5.0,0.0
Qatar,2024-W04,0.0,0.0,5.0,0.0
Qatar,2024-W05,0.0,0.0,5.0,0.0
Qatar,2024-W06,0.0,0.0,5.0,0.0
Qatar,2024-W07,0.0,0.0,5.0,0.0
Qatar,2024-W08,0.0,0.0,5.0,0.0
Qatar,2024-W09,0.0,0.0,5.0,0.0
Qatar,2024-W10,0.0,0.0,5.0,0.0
Qatar,2024-W11,0.0,0.0,5.0,0.0
Qatar,2024-W12,0.0,0.0,5.0,0.0
Qatar,2024-W13,0.0,0.0,5.0,0.0
Qatar,2024-W14,0.0,0.0,5.0,0.0
Qatar,2024-W15,0.0,0.0,5.0,0.0
Qatar,2024-W16,0.0,0.0,5.0,0.0
Qatar,2024-W17,0.0,0.0,5.0,0.0
Qatar,2024-W18,0.0,0.0,5.0,0.0
Qatar,2024-W19,0.0,0.0,5.0,0.0
Qatar,2024-W20,0.0,0.0,5.0,0.0
Qatar,2024-W21,0.0,0.0,5.0,0.0
Qatar,2024-W22,0.0,0.0,5.0,0.0
Qatar,2024-W23,0.0,0.0,5.0,0.0
Qatar,2024-W24,0.0,0.0,5.0,0.0
Qatar,2024-W25,0.0,0.0,5.0,0.0
Qatar,2024-W26,0.0,0.0,5.0,0.0
Qatar,2024-W27,0.0,0.0,5.0,0.0
Qatar,2024-W28,0.0,0.0,5.0,0.0
Qatar,2024-W29,0.0,0.0,5.0,0.0
Qatar,2024-W30,0.0,0.0,5.0,0.0
Qatar,2024-W31,0.0,0.0,5.0,0.0
Qatar,2024-W32,0.0,0.0,5.0,0.0
Qatar,2024-W33,0.0,0.0,5.0,0.0
Qatar,2024-W34,0.0,0.0,5.0,0.0
Qatar,2024-W35,0.0,0.0,5.0,0.0
Qatar,2024-W36,0.0,0.0,5.0,0.0
Qatar,2024-W37,0.0,0.0,5.0,0.0
Qatar,2024-W38,0.0,0.0,5.0,0.0
Qatar,2024-W39,0.0,0.0,5.0,0.0
Qatar,2024-W40,0.0,0.0,5.0,0.0
Qatar,2024-W41,0.0,0.0,5.0,0.0
Qatar,2024-W42,0.0,0.0,5.0,0.0
Qatar,2024-W43,0.0,0.0,5.0,0.0
Qatar,2024-W44,0.0,0.0,5.0,0.0
Qatar,2024-W45,0.0,0.0,5.0,0.0
Qatar,2024-W46,0.0,0.0,5.0,0.0
Qatar,2024-W47,0.0,0.0,5.0,0.0
Qatar,2024-W48,0.0,0.0,5.0,0.0
Qatar,2024-W49,0.0,0.0,5.0,0.0
Qatar,2024-W50,0.0,0.0,5.0,0.0
Qatar,2024-W51,0.0,0.0,5.0,0.0
Qatar,2024-W52,0.0,0.0,5.0,0.0
Qatar,2025-W01,0.0,0.0,5.0,0.0
Qatar,2025-W02,0.0,0.0,5.0,0.0
Qatar,2025-W03,0.0,0.0,5.0,0.0
Qatar,2025-W04,0.0,0.0,5.0,0.0
Qatar,2025-W05,0.0,0.0,5.0,0.0
Qatar,2025-W06,2.0,0.0,7.0,0.0
Qatar,2025-W07,0.0,0.0,7.0,0.0
Qatar,2025-W08,2.0,0.0,9.0,0.0
Qatar,2025-W09,0.0,0.0,9.0,0.0
Qatar,2025-W10,1.0,0.0,10.0,0.0
Qatar,2025-W11,1.0,0.0,11.0,0.0
Qatar,2025-W12,0.0,0.0,11.0,0.0
Qatar,2025-W13,0.0,0.0,11.0,0.0
Qatar,2025-W14,0.0,0.0,11.0,0.0
Qatar,2025-W15,0.0,0.0,11.0,0.0
Qatar,2025-W16,0.0,0.0,11.0,0.0
Qatar,2025-W17,0.0,0.0,11.0,0.0
Qatar,2025-W18,0.0,0.0,11.0,0.0
Qatar,2025-W19,2.0,0.0,13.0,0.0
Qatar,2025-W20,0.0,0.0,13.0,0.0
Qatar,2025-W21,0.0,0.0,13.0,0.0
Qatar,2025-W22,0.0,0.0,13.0,0.0
Qatar,2025-W23,0.0,0.0,13.0,0.0
Qatar,2025-W24,0.0,0.0,13.0,0.0
Qatar,2025-W25,0.0,0.0,13.0,0.0
Qatar,2025-W26,0.0,0.0,13.0,0.0
Qatar,2025-W27,0.0,0.0,13.0,0.0
Qatar,2025-W28,0.0,0.0,13.0,0.0
Qatar,2025-W29,0.0,0.0,13.0,0.0
Qatar,2025-W30,0.0,0.0,13.0,0.0
Qatar,2025-W31,0.0,0.0,13.0,0.0
Qatar,2025-W32,1.0,0.0,14.0,0.0
Qatar,2025-W33,1.0,0.0,15.0,0.0
Qatar,2025-W34,0.0,0.0,15.0,0.0
Qatar,2025-W35,0.0,0.0,15.0,0.0
Qatar,2025-W36,0.0,0.0,15.0,0.0
Qatar,2025-W37,0.0,0.0,15.0,0.0
Qatar,2025-W38,2.0,0.0,17.0,0.0
Qatar,2025-W39,0.0,0.0,17.0,0.0
Qatar,2025-W40,0.0,0.0,17.0,0.0
Qatar,2025-W41,0.0,0.0,17.0,0.0
Qatar,2025-W42,0.0,0.0,17.0,0.0
Qatar,2025-W43,0.0,0.0,17.0,0.0
Qatar,2025-W44,0.0,0.0,17.0,0.0
Qatar,2025-W45,0.0,0.0,17.0,0.0
Qatar,2025-W46,0.0,0.0,17.0,0.0
Qatar,2025-W47,0.0,0.0,17.0,0.0
Qatar,2025-W48,0.0,0.0,17.0,0.0
Qatar,2025-W49,1.0,0.0,18.0,0.0
Qatar,2025-W50,0.0,0.0,18.0,0.0
Qatar,2025-W51,0.0,0.0,18.0,0.0
Qatar,2025-W52,0.0,0.0,18.0,0.0
Qatar,2026-W01,0.0,0.0,18.0,0.0
Romania,2022-W24,4.0,0.0,4.0,0.0
Romania,2022-W25,2.0,0.0,6.0,0.0
Romania,2022-W26,5.0,0.0,11.0,0.0
Romania,2022-W27,3.0,0.0,14.0,0.0
Romania,2022-W28,2.0,0.0,16.0,0.0
Romania,2022-W29,3.0,0.0,19.0,0.0
Romania,2022-W30,1.0,0.0,20.0,0.0
Romania,2022-W31,2.0,0.0,22.0,0.0
Romania,2022-W32,10.0,0.0,32.0,0.0
Romania,2022-W33,1.0,0.0,33.0,0.0
Romania,2022-W34,3.0,0.0,36.0,0.0
Romania,2022-W35,0.0,0.0,36.0,0.0
Romania,2022-W36,1.0,0.0,37.0,0.0
Romania,2022-W37,0.0,0.0,37.0,0.0
Romania,2022-W38,2.0,0.0,39.0,0.0
Romania,2022-W39,1.0,0.0,40.0,0.0
Romania,2022-W40,0.0,0.0,40.0,0.0
Romania,2022-W41,1.0,0.0,41.0,0.0
Romania,2022-W42,0.0,0.0,41.0,0.0
Romania,2022-W43,1.0,0.0,42.0,0.0
Romania,2022-W44,1.0,0.0,43.0,0.0
Romania,2022-W45,2.0,0.0,45.0,0.0
Romania,2022-W46,0.0,0.0,45.0,0.0
Romania,2022-W47,0.0,0.0,45.0,0.0
Romania,2022-W48,0.0,0.0,45.0,0.0
Romania,2022-W49,1.0,0.0,46.0,0.0
Romania,2022-W50,0.0,0.0,46.0,0.0
Romania,2022-W51,0.0,0.0,46.0,0.0
Romania,2022-W52,0.0,0.0,46.0,0.0
Romania,2023-W01,0.0,0.0,46.0,0.0
Romania,2023-W02,0.0,0.0,46.0,0.0
Romania,2023-W03,1.0,0.0,47.0,0.0
Romania,2023-W04,0.0,0.0,47.0,0.0
Romania,2023-W05,0.0,0.0,47.0,0.0
Romania,2023-W06,0.0,0.0,47.0,0.0
Romania,2023-W07,0.0,0.0,47.0,0.0
Romania,2023-W08,0.0,0.0,47.0,0.0
Romania,2023-W09,0.0,0.0,47.0,0.0
Romania,2023-W10,0.0,0.0,47.0,0.0
Romania,2023-W11,0.0,0.0,47.0,0.0
Romania,2023-W12,0.0,0.0,47.0,0.0
Romania,2023-W13,0.0,0.0,47.0,0.0
Romania,2023-W14,0.0,0.0,47.0,0.0
Romania,2023-W15,0.0,0.0,47.0,0.0
Romania,2023-W16,0.0,0.0,47.0,0.0
Romania,2023-W17,0.0,0.0,47.0,0.0
Romania,2023-W18,0.0,0.0,47.0,0.0
Romania,2023-W19,0.0,0.0,47.0,0.0
Romania,2023-W20,0.0,0.0,47.0,0.0
Romania,2023-W21,0.0,0.0,47.0,0.0
Romania,2023-W22,0.0,0.0,47.0,0.0
Romania,2023-W23,0.0,0.0,47.0,0.0
Romania,2023-W24,0.0,0.0,47.0,0.0
Romania,2023-W25,0.0,0.0,47.0,0.0
Romania,2023-W26,0.0,0.0,47.0,0.0
Romania,2023-W27,0.0,0.0,47.0,0.0
Romania,2023-W28,0.0,0.0,47.0,0.0
Romania,2023-W29,0.0,0.0,47.0,0.0
Romania,2023-W30,0.0,0.0,47.0,0.0
Romania,2023-W31,0.0,0.0,47.0,0.0
Romania,2023-W32,0.0,0.0,47.0,0.0
Romania,2023-W33,0.0,0.0,47.0,0.0
Romania,2023-W34,0.0,0.0,47.0,0.0
Romania,2023-W35,0.0,0.0,47.0,0.0
Romania,2023-W36,0.0,0.0,47.0,0.0
Romania,2023-W37,0.0,0.0,47.0,0.0
Romania,2023-W38,0.0,0.0,47.0,0.0
Romania,2023-W39,0.0,0.0,47.0,0.0
Romania,2023-W40,0.0,0.0,47.0,0.0
Romania,2023-W41,0.0,0.0,47.0,0.0
Romania,2023-W42,0.0,0.0,47.0,0.0
Romania,2023-W43,0.0,0.0,47.0,0.0
Romania,2023-W44,0.0,0.0,47.0,0.0
Romania,2023-W45,0.0,0.0,47.0,0.0
Romania,2023-W46,0.0,0.0,47.0,0.0
Romania,2023-W47,0.0,0.0,47.0,0.0
Romania,2023-W48,0.0,0.0,47.0,0.0
Romania,2023-W49,0.0,0.0,47.0,0.0
Romania,2023-W50,0.0,0.0,47.0,0.0
Romania,2023-W51,0.0,0.0,47.0,0.0
Romania,2023-W52,0.0,0.0,47.0,0.0
Romania,2024-W01,0.0,0.0,47.0,0.0
Romania,2024-W02,0.0,0.0,47.0,0.0
Romania,2024-W03,0.0,0.0,47.0,0.0
Romania,2024-W04,0.0,0.0,47.0,0.0
Romania,2024-W05,0.0,0.0,47.0,0.0
Romania,2024-W06,0.0,0.0,47.0,0.0
Romania,2024-W07,0.0,0.0,47.0,0.0
Romania,2024-W08,0.0,0.0,47.0,0.0
Romania,2024-W09,0.0,0.0,47.0,0.0
Romania,2024-W10,0.0,0.0,47.0,0.0
Romania,2024-W11,0.0,0.0,47.0,0.0
Romania,2024-W12,0.0,0.0,47.0,0.0
Romania,2024-W13,0.0,0.0,47.0,0.0
Romania,2024-W14,0.0,0.0,47.0,0.0
Romania,2024-W15,0.0,0.0,47.0,0.0
Romania,2024-W16,0.0,0.0,47.0,0.0
Romania,2024-W17,0.0,0.0,47.0,0.0
Romania,2024-W18,0.0,0.0,47.0,0.0
Romania,2024-W19,0.0,0.0,47.0,0.0
Romania,2024-W20,0.0,0.0,47.0,0.0
Romania,2024-W21,0.0,0.0,47.0,0.0
Romania,2024-W22,0.0,0.0,47.0,0.0
Romania,2024-W23,0.0,0.0,47.0,0.0
Romania,2024-W24,0.0,0.0,47.0,0.0
Romania,2024-W25,0.0,0.0,47.0,0.0
Romania,2024-W26,0.0,0.0,47.0,0.0
Romania,2024-W27,0.0,0.0,47.0,0.0
Romania,2024-W28,0.0,0.0,47.0,0.0
Romania,2024-W29,0.0,0.0,47.0,0.0
Romania,2024-W30,0.0,0.0,47.0,0.0
Romania,2024-W31,0.0,0.0,47.0,0.0
Romania,2024-W32,0.0,0.0,47.0,0.0
Romania,2024-W33,0.0,0.0,47.0,0.0
Romania,2024-W34,0.0,0.0,47.0,0.0
Romania,2024-W35,1.0,0.0,48.0,0.0
Romania,2024-W36,0.0,0.0,48.0,0.0
Romania,2024-W37,0.0,0.0,48.0,0.0
Romania,2024-W38,0.0,0.0,48.0,0.0
Romania,2024-W39,0.0,0.0,48.0,0.0
Romania,2024-W40,0.0,0.0,48.0,0.0
Romania,2024-W41,0.0,0.0,48.0,0.0
Romania,2024-W42,0.0,0.0,48.0,0.0
Romania,2024-W43,0.0,0.0,48.0,0.0
Romania,2024-W44,0.0,0.0,48.0,0.0
Romania,2024-W45,0.0,0.0,48.0,0.0
Romania,2024-W46,0.0,0.0,48.0,0.0
Romania,2024-W47,0.0,0.0,48.0,0.0
Romania,2024-W48,0.0,0.0,48.0,0.0
Romania,2024-W49,0.0,0.0,48.0,0.0
Romania,2024-W50,0.0,0.0,48.0,0.0
Romania,2024-W51,0.0,0.0,48.0,0.0
Romania,2024-W52,0.0,0.0,48.0,0.0
Romania,2025-W01,0.0,0.0,48.0,0.0
Romania,2025-W02,1.0,0.0,49.0,0.0
Romania,2025-W03,0.0,0.0,49.0,0.0
Romania,2025-W04,0.0,0.0,49.0,0.0
Romania,2025-W05,0.0,0.0,49.0,0.0
Romania,2025-W06,0.0,0.0,49.0,0.0
Romania,2025-W07,0.0,0.0,49.0,0.0
Romania,2025-W08,0.0,0.0,49.0,0.0
Romania,2025-W09,0.0,0.0,49.0,0.0
Romania,2025-W10,0.0,0.0,49.0,0.0
Romania,2025-W11,0.0,0.0,49.0,0.0
Romania,2025-W12,0.0,0.0,49.0,0.0
Romania,2025-W13,0.0,0.0,49.0,0.0
Romania,2025-W14,0.0,0.0,49.0,0.0
Romania,2025-W15,0.0,0.0,49.0,0.0
Romania,2025-W16,0.0,0.0,49.0,0.0
Romania,2025-W17,0.0,0.0,49.0,0.0
Romania,2025-W18,0.0,0.0,49.0,0.0
Romania,2025-W19,0.0,0.0,49.0,0.0
Romania,2025-W20,0.0,0.0,49.0,0.0
Romania,2025-W21,0.0,0.0,49.0,0.0
Romania,2025-W22,0.0,0.0,49.0,0.0
Romania,2025-W23,0.0,0.0,49.0,0.0
Romania,2025-W24,1.0,0.0,50.0,0.0
Romania,2025-W25,0.0,0.0,50.0,0.0
Romania,2025-W26,0.0,0.0,50.0,0.0
Romania,2025-W27,0.0,0.0,50.0,0.0
Romania,2025-W28,0.0,0.0,50.0,0.0
Romania,2025-W29,0.0,0.0,50.0,0.0
Romania,2025-W30,0.0,0.0,50.0,0.0
Romania,2025-W31,0.0,0.0,50.0,0.0
Romania,2025-W32,0.0,0.0,50.0,0.0
Romania,2025-W33,1.0,0.0,51.0,0.0
Romania,2025-W34,0.0,0.0,51.0,0.0
Romania,2025-W35,0.0,0.0,51.0,0.0
Romania,2025-W36,0.0,0.0,51.0,0.0
Romania,2025-W37,0.0,0.0,51.0,0.0
Romania,2025-W38,0.0,0.0,51.0,0.0
Romania,2025-W39,0.0,0.0,51.0,0.0
Romania,2025-W40,0.0,0.0,51.0,0.0
Romania,2025-W41,0.0,0.0,51.0,0.0
Romania,2025-W42,0.0,0.0,51.0,0.0
Romania,2025-W43,0.0,0.0,51.0,0.0
Romania,2025-W44,0.0,0.0,51.0,0.0
Romania,2025-W45,0.0,0.0,51.0,0.0
Romania,2025-W46,0.0,0.0,51.0,0.0
Romania,2025-W47,0.0,0.0,51.0,0.0
Romania,2025-W48,0.0,0.0,51.0,0.0
Romania,2025-W49,0.0,0.0,51.0,0.0
Romania,2025-W50,0.0,0.0,51.0,0.0
Romania,2025-W51,0.0,0.0,51.0,0.0
Romania,2025-W52,0.0,0.0,51.0,0.0
Russia,2022-W28,1.0,0.0,1.0,0.0
Russia,2022-W29,0.0,0.0,1.0,0.0
Russia,2022-W30,0.0,0.0,1.0,0.0
Russia,2022-W31,0.0,0.0,1.0,0.0
Russia,2022-W32,0.0,0.0,1.0,0.0
Russia,2022-W33,0.0,0.0,1.0,0.0
Russia,2022-W34,0.0,0.0,1.0,0.0
Russia,2022-W35,0.0,0.0,1.0,0.0
Russia,2022-W36,1.0,0.0,2.0,0.0
Russia,2022-W37,0.0,0.0,2.0,0.0
Russia,2022-W38,0.0,0.0,2.0,0.0
Russia,2022-W39,0.0,0.0,2.0,0.0
Russia,2022-W40,0.0,0.0,2.0,0.0
Russia,2022-W41,0.0,0.0,2.0,0.0
Russia,2022-W42,0.0,0.0,2.0,0.0
Russia,2022-W43,0.0,0.0,2.0,0.0
Russia,2022-W44,0.0,0.0,2.0,0.0
Russia,2022-W45,0.0,0.0,2.0,0.0
Russia,2022-W46,0.0,0.0,2.0,0.0
Russia,2022-W47,0.0,0.0,2.0,0.0
Russia,2022-W48,0.0,0.0,2.0,0.0
Russia,2022-W49,0.0,0.0,2.0,0.0
Russia,2022-W50,0.0,0.0,2.0,0.0
Russia,2022-W51,0.0,0.0,2.0,0.0
Russia,2022-W52,0.0,0.0,2.0,0.0
Russia,2023-W01,0.0,0.0,2.0,0.0
Russia,2023-W02,0.0,0.0,2.0,0.0
Russia,2023-W03,0.0,0.0,2.0,0.0
Russia,2023-W04,0.0,0.0,2.0,0.0
Russia,2023-W05,0.0,0.0,2.0,0.0
Russia,2023-W06,0.0,0.0,2.0,0.0
Russia,2023-W07,0.0,0.0,2.0,0.0
Russia,2023-W08,0.0,0.0,2.0,0.0
Russia,2023-W09,0.0,0.0,2.0,0.0
Russia,2023-W10,0.0,0.0,2.0,0.0
Russia,2023-W11,0.0,0.0,2.0,0.0
Russia,2023-W12,0.0,0.0,2.0,0.0
Russia,2023-W13,0.0,0.0,2.0,0.0
Russia,2023-W14,0.0,0.0,2.0,0.0
Russia,2023-W15,0.0,0.0,2.0,0.0
Russia,2023-W16,0.0,0.0,2.0,0.0
Russia,2023-W17,0.0,0.0,2.0,0.0
Russia,2023-W18,0.0,0.0,2.0,0.0
Russia,2023-W19,0.0,0.0,2.0,0.0
Russia,2023-W20,0.0,0.0,2.0,0.0
Russia,2023-W21,0.0,0.0,2.0,0.0
Russia,2023-W22,0.0,0.0,2.0,0.0
Russia,2023-W23,0.0,0.0,2.0,0.0
Russia,2023-W24,0.0,0.0,2.0,0.0
Russia,2023-W25,0.0,0.0,2.0,0.0
Russia,2023-W26,0.0,0.0,2.0,0.0
Russia,2023-W27,0.0,0.0,2.0,0.0
Russia,2023-W28,0.0,0.0,2.0,0.0
Russia,2023-W29,0.0,0.0,2.0,0.0
Russia,2023-W30,0.0,0.0,2.0,0.0
Russia,2023-W31,0.0,0.0,2.0,0.0
Russia,2023-W32,0.0,0.0,2.0,0.0
Russia,2023-W33,0.0,0.0,2.0,0.0
Russia,2023-W34,0.0,0.0,2.0,0.0
Russia,2023-W35,0.0,0.0,2.0,0.0
Russia,2023-W36,0.0,0.0,2.0,0.0
Russia,2023-W37,0.0,0.0,2.0,0.0
Russia,2023-W38,0.0,0.0,2.0,0.0
Russia,2023-W39,0.0,0.0,2.0,0.0
Russia,2023-W40,0.0,0.0,2.0,0.0
Russia,2023-W41,0.0,0.0,2.0,0.0
Russia,2023-W42,0.0,0.0,2.0,0.0
Russia,2023-W43,0.0,0.0,2.0,0.0
Russia,2023-W44,0.0,0.0,2.0,0.0
Russia,2023-W45,0.0,0.0,2.0,0.0
Russia,2023-W46,0.0,0.0,2.0,0.0
Russia,2023-W47,0.0,0.0,2.0,0.0
Russia,2023-W48,0.0,0.0,2.0,0.0
Russia,2023-W49,0.0,0.0,2.0,0.0
Russia,2023-W50,0.0,0.0,2.0,0.0
Russia,2023-W51,0.0,0.0,2.0,0.0
Russia,2023-W52,0.0,0.0,2.0,0.0
Russia,2024-W01,0.0,0.0,2.0,0.0
Russia,2024-W02,0.0,0.0,2.0,0.0
Russia,2024-W03,0.0,0.0,2.0,0.0
Russia,2024-W04,0.0,0.0,2.0,0.0
Russia,2024-W05,2.0,0.0,4.0,0.0
Russia,2024-W06,0.0,0.0,4.0,0.0
Russia,2024-W07,0.0,0.0,4.0,0.0
Russia,2024-W08,0.0,0.0,4.0,0.0
Russia,2024-W09,0.0,0.0,4.0,0.0
Russia,2024-W10,0.0,0.0,4.0,0.0
Russia,2024-W11,0.0,0.0,4.0,0.0
Russia,2024-W12,0.0,0.0,4.0,0.0
Russia,2024-W13,0.0,0.0,4.0,0.0
Russia,2024-W14,0.0,0.0,4.0,0.0
Russia,2024-W15,0.0,0.0,4.0,0.0
Russia,2024-W16,0.0,0.0,4.0,0.0
Russia,2024-W17,0.0,0.0,4.0,0.0
Russia,2024-W18,0.0,0.0,4.0,0.0
Russia,2024-W19,0.0,0.0,4.0,0.0
Russia,2024-W20,0.0,0.0,4.0,0.0
Russia,2024-W21,0.0,0.0,4.0,0.0
Russia,2024-W22,0.0,0.0,4.0,0.0
Russia,2024-W23,0.0,0.0,4.0,0.0
Russia,2024-W24,0.0,0.0,4.0,0.0
Russia,2024-W25,0.0,0.0,4.0,0.0
Russia,2024-W26,0.0,0.0,4.0,0.0
Russia,2024-W27,0.0,0.0,4.0,0.0
Russia,2024-W28,0.0,0.0,4.0,0.0
Russia,2024-W29,0.0,0.0,4.0,0.0
Russia,2024-W30,0.0,0.0,4.0,0.0
Russia,2024-W31,0.0,0.0,4.0,0.0
Russia,2024-W32,0.0,0.0,4.0,0.0
Russia,2024-W33,0.0,0.0,4.0,0.0
Russia,2024-W34,0.0,0.0,4.0,0.0
Russia,2024-W35,0.0,0.0,4.0,0.0
Russia,2024-W36,0.0,0.0,4.0,0.0
Russia,2024-W37,0.0,0.0,4.0,0.0
Russia,2024-W38,0.0,0.0,4.0,0.0
Russia,2024-W39,0.0,0.0,4.0,0.0
Russia,2024-W40,0.0,0.0,4.0,0.0
Russia,2024-W41,0.0,0.0,4.0,0.0
Russia,2024-W42,0.0,0.0,4.0,0.0
Russia,2024-W43,0.0,0.0,4.0,0.0
Russia,2024-W44,0.0,0.0,4.0,0.0
Russia,2024-W45,0.0,0.0,4.0,0.0
Russia,2024-W46,0.0,0.0,4.0,0.0
Russia,2024-W47,0.0,0.0,4.0,0.0
Russia,2024-W48,0.0,0.0,4.0,0.0
Russia,2024-W49,0.0,0.0,4.0,0.0
Russia,2024-W50,0.0,0.0,4.0,0.0
Russia,2024-W51,0.0,0.0,4.0,0.0
Russia,2024-W52,0.0,0.0,4.0,0.0
Russia,2025-W01,0.0,0.0,4.0,0.0
Russia,2025-W02,0.0,0.0,4.0,0.0
Russia,2025-W03,0.0,0.0,4.0,0.0
Russia,2025-W04,0.0,0.0,4.0,0.0
Russia,2025-W05,0.0,0.0,4.0,0.0
Russia,2025-W06,0.0,0.0,4.0,0.0
Russia,2025-W07,0.0,0.0,4.0,0.0
Russia,2025-W08,0.0,0.0,4.0,0.0
Russia,2025-W09,0.0,0.0,4.0,0.0
Russia,2025-W10,0.0,0.0,4.0,0.0
Russia,2025-W11,0.0,0.0,4.0,0.0
Russia,2025-W12,0.0,0.0,4.0,0.0
Russia,2025-W13,0.0,0.0,4.0,0.0
Russia,2025-W14,0.0,0.0,4.0,0.0
Russia,2025-W15,0.0,0.0,4.0,0.0
Russia,2025-W16,0.0,0.0,4.0,0.0
Russia,2025-W17,0.0,0.0,4.0,0.0
Russia,2025-W18,0.0,0.0,4.0,0.0
Russia,2025-W19,0.0,0.0,4.0,0.0
Russia,2025-W20,0.0,0.0,4.0,0.0
Russia,2025-W21,0.0,0.0,4.0,0.0
Russia,2025-W22,0.0,0.0,4.0,0.0
Russia,2025-W23,0.0,0.0,4.0,0.0
Russia,2025-W24,0.0,0.0,4.0,0.0
Russia,2025-W25,0.0,0.0,4.0,0.0
Russia,2025-W26,0.0,0.0,4.0,0.0
Russia,2025-W27,0.0,0.0,4.0,0.0
Russia,2025-W28,0.0,0.0,4.0,0.0
Russia,2025-W29,0.0,0.0,4.0,0.0
Russia,2025-W30,0.0,0.0,4.0,0.0
Russia,2025-W31,0.0,0.0,4.0,0.0
Russia,2025-W32,0.0,0.0,4.0,0.0
Russia,2025-W33,0.0,0.0,4.0,0.0
Russia,2025-W34,0.0,0.0,4.0,0.0
Russia,2025-W35,0.0,0.0,4.0,0.0
Russia,2025-W36,0.0,0.0,4.0,0.0
Russia,2025-W37,0.0,0.0,4.0,0.0
Russia,2025-W38,0.0,0.0,4.0,0.0
Russia,2025-W39,0.0,0.0,4.0,0.0
Russia,2025-W40,0.0,0.0,4.0,0.0
Russia,2025-W41,0.0,0.0,4.0,0.0
Russia,2025-W42,0.0,0.0,4.0,0.0
Russia,2025-W43,0.0,0.0,4.0,0.0
Russia,2025-W44,0.0,0.0,4.0,0.0
Russia,2025-W45,0.0,0.0,4.0,0.0
Russia,2025-W46,0.0,0.0,4.0,0.0
Russia,2025-W47,0.0,0.0,4.0,0.0
Russia,2025-W48,0.0,0.0,4.0,0.0
Russia,2025-W49,0.0,0.0,4.0,0.0
Russia,2025-W50,0.0,0.0,4.0,0.0
Russia,2025-W51,0.0,0.0,4.0,0.0
Russia,2025-W52,0.0,0.0,4.0,0.0
Rwanda,2024-W22,0.0,0.0,0.0,0.0
Rwanda,2024-W23,0.0,0.0,0.0,0.0
Rwanda,2024-W24,0.0,0.0,0.0,0.0
Rwanda,2024-W25,0.0,0.0,0.0,0.0
Rwanda,2024-W26,0.0,0.0,0.0,0.0
Rwanda,2024-W27,0.0,0.0,0.0,0.0
Rwanda,2024-W28,0.0,0.0,0.0,0.0
Rwanda,2024-W29,2.0,0.0,2.0,0.0
Rwanda,2024-W30,0.0,0.0,2.0,0.0
Rwanda,2024-W31,0.0,0.0,2.0,0.0
Rwanda,2024-W32,2.0,0.0,4.0,0.0
Rwanda,2024-W33,0.0,0.0,4.0,0.0
Rwanda,2024-W34,0.0,0.0,4.0,0.0
Rwanda,2024-W35,0.0,0.0,4.0,0.0
Rwanda,2024-W36,0.0,0.0,4.0,0.0
Rwanda,2024-W37,2.0,0.0,6.0,0.0
Rwanda,2024-W38,0.0,0.0,6.0,0.0
Rwanda,2024-W39,0.0,0.0,6.0,0.0
Rwanda,2024-W40,4.0,0.0,10.0,0.0
Rwanda,2024-W41,4.0,0.0,14.0,0.0
Rwanda,2024-W42,8.0,0.0,22.0,0.0
Rwanda,2024-W43,4.0,0.0,26.0,0.0
Rwanda,2024-W44,0.0,0.0,26.0,0.0
Rwanda,2024-W45,11.0,0.0,37.0,0.0
Rwanda,2024-W46,15.0,0.0,52.0,0.0
Rwanda,2024-W47,0.0,0.0,52.0,0.0
Rwanda,2024-W48,7.0,0.0,59.0,0.0
Rwanda,2024-W49,10.0,0.0,69.0,0.0
Rwanda,2024-W50,5.0,0.0,74.0,0.0
Rwanda,2024-W51,4.0,0.0,78.0,0.0
Rwanda,2024-W52,4.0,0.0,82.0,0.0
Rwanda,2025-W01,5.0,0.0,87.0,0.0
Rwanda,2025-W02,3.0,0.0,90.0,0.0
Rwanda,2025-W03,4.0,0.0,94.0,0.0
Rwanda,2025-W04,5.0,0.0,99.0,0.0
Rwanda,2025-W05,3.0,0.0,102.0,0.0
Rwanda,2025-W06,0.0,0.0,102.0,0.0
Rwanda,2025-W07,2.0,0.0,104.0,0.0
Rwanda,2025-W08,1.0,0.0,105.0,0.0
Rwanda,2025-W09,3.0,0.0,108.0,0.0
Rwanda,2025-W10,2.0,0.0,110.0,0.0
Rwanda,2025-W11,1.0,0.0,111.0,0.0
Rwanda,2025-W12,2.0,0.0,113.0,0.0
Rwanda,2025-W13,1.0,0.0,114.0,0.0
Rwanda,2025-W14,0.0,0.0,114.0,0.0
Rwanda,2025-W15,1.0,0.0,115.0,0.0
Rwanda,2025-W16,1.0,0.0,116.0,0.0
Rwanda,2025-W17,2.0,0.0,118.0,0.0
Rwanda,2025-W18,1.0,0.0,119.0,0.0
Rwanda,2025-W19,0.0,0.0,119.0,0.0
Rwanda,2025-W20,1.0,0.0,120.0,0.0
Rwanda,2025-W21,0.0,0.0,120.0,0.0
Rwanda,2025-W22,0.0,0.0,120.0,0.0
Rwanda,2025-W23,2.0,0.0,122.0,0.0
Rwanda,2025-W24,0.0,0.0,122.0,0.0
Rwanda,2025-W25,0.0,0.0,122.0,0.0
Rwanda,2025-W26,0.0,0.0,122.0,0.0
Rwanda,2025-W27,0.0,0.0,122.0,0.0
Rwanda,2025-W28,2.0,0.0,124.0,0.0
Rwanda,2025-W29,0.0,0.0,124.0,0.0
Rwanda,2025-W30,0.0,0.0,124.0,0.0
Rwanda,2025-W31,3.0,0.0,127.0,0.0
Rwanda,2025-W32,0.0,0.0,127.0,0.0
Rwanda,2025-W33,0.0,0.0,127.0,0.0
Rwanda,2025-W34,0.0,0.0,127.0,0.0
Rwanda,2025-W35,0.0,0.0,127.0,0.0
Rwanda,2025-W36,0.0,0.0,127.0,0.0
Rwanda,2025-W37,0.0,0.0,127.0,0.0
Rwanda,2025-W38,0.0,0.0,127.0,0.0
Rwanda,2025-W39,0.0,0.0,127.0,0.0
Rwanda,2025-W40,0.0,0.0,127.0,0.0
Rwanda,2025-W41,1.0,0.0,128.0,0.0
Rwanda,2025-W42,0.0,0.0,128.0,0.0
Rwanda,2025-W43,0.0,0.0,128.0,0.0
Rwanda,2025-W44,0.0,0.0,128.0,0.0
Rwanda,2025-W45,0.0,0.0,128.0,0.0
Rwanda,2025-W46,0.0,0.0,128.0,0.0
Rwanda,2025-W47,0.0,0.0,128.0,0.0
Rwanda,2025-W48,0.0,0.0,128.0,0.0
Rwanda,2025-W49,0.0,0.0,128.0,0.0
Rwanda,2025-W50,0.0,0.0,128.0,0.0
Saint Martin (French part),2022-W31,1.0,0.0,1.0,0.0
Saint Martin (French part),2022-W32,0.0,0.0,1.0,0.0
Saint Martin (French part),2022-W33,0.0,0.0,1.0,0.0
Saint Martin (French part),2022-W34,0.0,0.0,1.0,0.0
Saint Martin (French part),2022-W35,0.0,0.0,1.0,0.0
Saint Martin (French part),2022-W36,0.0,0.0,1.0,0.0
Saint Martin (French part),2022-W37,0.0,0.0,1.0,0.0
Saint Martin (French part),2022-W38,0.0,0.0,1.0,0.0
Saint Martin (French part),2022-W39,0.0,0.0,1.0,0.0
Saint Martin (French part),2022-W40,0.0,0.0,1.0,0.0
Saint Martin (French part),2022-W41,0.0,0.0,1.0,0.0
Saint Martin (French part),2022-W42,0.0,0.0,1.0,0.0
Saint Martin (French part),2022-W43,0.0,0.0,1.0,0.0
Saint Martin (French part),2022-W44,0.0,0.0,1.0,0.0
Saint Martin (French part),2022-W45,0.0,0.0,1.0,0.0
Saint Martin (French part),2022-W46,0.0,0.0,1.0,0.0
Saint Martin (French part),2022-W47,0.0,0.0,1.0,0.0
Saint Martin (French part),2022-W48,0.0,0.0,1.0,0.0
Saint Martin (French part),2022-W49,0.0,0.0,1.0,0.0
Saint Martin (French part),2022-W50,0.0,0.0,1.0,0.0
Saint Martin (French part),2022-W51,0.0,0.0,1.0,0.0
Saint Martin (French part),2022-W52,0.0,0.0,1.0,0.0
Saint Martin (French part),2023-W01,0.0,0.0,1.0,0.0
Saint Martin (French part),2023-W02,0.0,0.0,1.0,0.0
Saint Martin (French part),2023-W03,0.0,0.0,1.0,0.0
Saint Martin (French part),2023-W04,0.0,0.0,1.0,0.0
Saint Martin (French part),2023-W05,0.0,0.0,1.0,0.0
Saint Martin (French part),2023-W06,0.0,0.0,1.0,0.0
Saint Martin (French part),2023-W07,0.0,0.0,1.0,0.0
Saint Martin (French part),2023-W08,0.0,0.0,1.0,0.0
Saint Martin (French part),2023-W09,0.0,0.0,1.0,0.0
Saint Martin (French part),2023-W10,0.0,0.0,1.0,0.0
Saint Martin (French part),2023-W11,0.0,0.0,1.0,0.0
Saint Martin (French part),2023-W12,0.0,0.0,1.0,0.0
Saint Martin (French part),2023-W13,0.0,0.0,1.0,0.0
Saint Martin (French part),2023-W14,0.0,0.0,1.0,0.0
Saint Martin (French part),2023-W15,0.0,0.0,1.0,0.0
Saint Martin (French part),2023-W16,0.0,0.0,1.0,0.0
Saint Martin (French part),2023-W17,0.0,0.0,1.0,0.0
Saint Martin (French part),2023-W18,0.0,0.0,1.0,0.0
Saint Martin (French part),2023-W19,0.0,0.0,1.0,0.0
Saint Martin (French part),2023-W20,0.0,0.0,1.0,0.0
Saint Martin (French part),2023-W21,0.0,0.0,1.0,0.0
Saint Martin (French part),2023-W22,0.0,0.0,1.0,0.0
Saint Martin (French part),2023-W23,0.0,0.0,1.0,0.0
Saint Martin (French part),2023-W24,0.0,0.0,1.0,0.0
Saint Martin (French part),2023-W25,0.0,0.0,1.0,0.0
Saint Martin (French part),2023-W26,0.0,0.0,1.0,0.0
Saint Martin (French part),2023-W27,0.0,0.0,1.0,0.0
Saint Martin (French part),2023-W28,0.0,0.0,1.0,0.0
Saint Martin (French part),2023-W29,0.0,0.0,1.0,0.0
Saint Martin (French part),2023-W30,0.0,0.0,1.0,0.0
Saint Martin (French part),2023-W31,0.0,0.0,1.0,0.0
Saint Martin (French part),2023-W32,0.0,0.0,1.0,0.0
Saint Martin (French part),2023-W33,0.0,0.0,1.0,0.0
Saint Martin (French part),2023-W34,0.0,0.0,1.0,0.0
Saint Martin (French part),2023-W35,0.0,0.0,1.0,0.0
Saint Martin (French part),2023-W36,0.0,0.0,1.0,0.0
Saint Martin (French part),2023-W37,0.0,0.0,1.0,0.0
Saint Martin (French part),2023-W38,0.0,0.0,1.0,0.0
Saint Martin (French part),2023-W39,0.0,0.0,1.0,0.0
Saint Martin (French part),2023-W40,0.0,0.0,1.0,0.0
Saint Martin (French part),2023-W41,0.0,0.0,1.0,0.0
Saint Martin (French part),2023-W42,0.0,0.0,1.0,0.0
Saint Martin (French part),2023-W43,0.0,0.0,1.0,0.0
Saint Martin (French part),2023-W44,0.0,0.0,1.0,0.0
Saint Martin (French part),2023-W45,0.0,0.0,1.0,0.0
Saint Martin (French part),2023-W46,0.0,0.0,1.0,0.0
Saint Martin (French part),2023-W47,0.0,0.0,1.0,0.0
Saint Martin (French part),2023-W48,0.0,0.0,1.0,0.0
Saint Martin (French part),2023-W49,0.0,0.0,1.0,0.0
Saint Martin (French part),2023-W50,0.0,0.0,1.0,0.0
Saint Martin (French part),2023-W51,0.0,0.0,1.0,0.0
Saint Martin (French part),2023-W52,0.0,0.0,1.0,0.0
Saint Martin (French part),2024-W01,0.0,0.0,1.0,0.0
Saint Martin (French part),2024-W02,0.0,0.0,1.0,0.0
Saint Martin (French part),2024-W03,0.0,0.0,1.0,0.0
Saint Martin (French part),2024-W04,0.0,0.0,1.0,0.0
Saint Martin (French part),2024-W05,0.0,0.0,1.0,0.0
Saint Martin (French part),2024-W06,0.0,0.0,1.0,0.0
Saint Martin (French part),2024-W07,0.0,0.0,1.0,0.0
Saint Martin (French part),2024-W08,0.0,0.0,1.0,0.0
Saint Martin (French part),2024-W09,0.0,0.0,1.0,0.0
Saint Martin (French part),2024-W10,0.0,0.0,1.0,0.0
Saint Martin (French part),2024-W11,0.0,0.0,1.0,0.0
Saint Martin (French part),2024-W12,0.0,0.0,1.0,0.0
Saint Martin (French part),2024-W13,0.0,0.0,1.0,0.0
Saint Martin (French part),2024-W14,0.0,0.0,1.0,0.0
Saint Martin (French part),2024-W15,0.0,0.0,1.0,0.0
Saint Martin (French part),2024-W16,0.0,0.0,1.0,0.0
Saint Martin (French part),2024-W17,0.0,0.0,1.0,0.0
Saint Martin (French part),2024-W18,0.0,0.0,1.0,0.0
Saint Martin (French part),2024-W19,0.0,0.0,1.0,0.0
Saint Martin (French part),2024-W20,0.0,0.0,1.0,0.0
Saint Martin (French part),2024-W21,0.0,0.0,1.0,0.0
Saint Martin (French part),2024-W22,0.0,0.0,1.0,0.0
Saint Martin (French part),2024-W23,0.0,0.0,1.0,0.0
Saint Martin (French part),2024-W24,0.0,0.0,1.0,0.0
Saint Martin (French part),2024-W25,0.0,0.0,1.0,0.0
Saint Martin (French part),2024-W26,0.0,0.0,1.0,0.0
Saint Martin (French part),2024-W27,0.0,0.0,1.0,0.0
Saint Martin (French part),2024-W28,0.0,0.0,1.0,0.0
Saint Martin (French part),2024-W29,0.0,0.0,1.0,0.0
Saint Martin (French part),2024-W30,0.0,0.0,1.0,0.0
Saint Martin (French part),2024-W31,0.0,0.0,1.0,0.0
Saint Martin (French part),2024-W32,0.0,0.0,1.0,0.0
Saint Martin (French part),2024-W33,0.0,0.0,1.0,0.0
Saint Martin (French part),2024-W34,0.0,0.0,1.0,0.0
Saint Martin (French part),2024-W35,0.0,0.0,1.0,0.0
Saint Martin (French part),2024-W36,0.0,0.0,1.0,0.0
Saint Martin (French part),2024-W37,0.0,0.0,1.0,0.0
Saint Martin (French part),2024-W38,0.0,0.0,1.0,0.0
Saint Martin (French part),2024-W39,0.0,0.0,1.0,0.0
Saint Martin (French part),2024-W40,0.0,0.0,1.0,0.0
Saint Martin (French part),2024-W41,0.0,0.0,1.0,0.0
Saint Martin (French part),2024-W42,0.0,0.0,1.0,0.0
Saint Martin (French part),2024-W43,0.0,0.0,1.0,0.0
Saint Martin (French part),2024-W44,0.0,0.0,1.0,0.0
Saint Martin (French part),2024-W45,0.0,0.0,1.0,0.0
Saint Martin (French part),2024-W46,0.0,0.0,1.0,0.0
Saint Martin (French part),2024-W47,0.0,0.0,1.0,0.0
Saint Martin (French part),2024-W48,0.0,0.0,1.0,0.0
Saint Martin (French part),2024-W49,0.0,0.0,1.0,0.0
Saint Martin (French part),2024-W50,0.0,0.0,1.0,0.0
Saint Martin (French part),2024-W51,0.0,0.0,1.0,0.0
Saint Martin (French part),2024-W52,0.0,0.0,1.0,0.0
Saint Martin (French part),2025-W01,0.0,0.0,1.0,0.0
Saint Martin (French part),2025-W02,0.0,0.0,1.0,0.0
Saint Martin (French part),2025-W03,0.0,0.0,1.0,0.0
Saint Martin (French part),2025-W04,0.0,0.0,1.0,0.0
Saint Martin (French part),2025-W05,0.0,0.0,1.0,0.0
Saint Martin (French part),2025-W06,0.0,0.0,1.0,0.0
Saint Martin (French part),2025-W07,0.0,0.0,1.0,0.0
Saint Martin (French part),2025-W08,0.0,0.0,1.0,0.0
Saint Martin (French part),2025-W09,0.0,0.0,1.0,0.0
Saint Martin (French part),2025-W10,0.0,0.0,1.0,0.0
Saint Martin (French part),2025-W11,0.0,0.0,1.0,0.0
Saint Martin (French part),2025-W12,0.0,0.0,1.0,0.0
Saint Martin (French part),2025-W13,0.0,0.0,1.0,0.0
Saint Martin (French part),2025-W14,0.0,0.0,1.0,0.0
Saint Martin (French part),2025-W15,0.0,0.0,1.0,0.0
Saint Martin (French part),2025-W16,0.0,0.0,1.0,0.0
Saint Martin (French part),2025-W17,0.0,0.0,1.0,0.0
Saint Martin (French part),2025-W18,0.0,0.0,1.0,0.0
Saint Martin (French part),2025-W19,0.0,0.0,1.0,0.0
Saint Martin (French part),2025-W20,0.0,0.0,1.0,0.0
Saint Martin (French part),2025-W21,0.0,0.0,1.0,0.0
Saint Martin (French part),2025-W22,0.0,0.0,1.0,0.0
Saint Martin (French part),2025-W23,0.0,0.0,1.0,0.0
Saint Martin (French part),2025-W24,0.0,0.0,1.0,0.0
Saint Martin (French part),2025-W25,0.0,0.0,1.0,0.0
Saint Martin (French part),2025-W26,0.0,0.0,1.0,0.0
Saint Martin (French part),2025-W27,0.0,0.0,1.0,0.0
Saint Martin (French part),2025-W28,0.0,0.0,1.0,0.0
Saint Martin (French part),2025-W29,0.0,0.0,1.0,0.0
Saint Martin (French part),2025-W30,0.0,0.0,1.0,0.0
Saint Martin (French part),2025-W31,0.0,0.0,1.0,0.0
Saint Martin (French part),2025-W32,0.0,0.0,1.0,0.0
Saint Martin (French part),2025-W33,0.0,0.0,1.0,0.0
Saint Martin (French part),2025-W34,0.0,0.0,1.0,0.0
Saint Martin (French part),2025-W35,0.0,0.0,1.0,0.0
Saint Martin (French part),2025-W36,0.0,0.0,1.0,0.0
Saint Martin (French part),2025-W37,0.0,0.0,1.0,0.0
Saint Martin (French part),2025-W38,0.0,0.0,1.0,0.0
Saint Martin (French part),2025-W39,0.0,0.0,1.0,0.0
Saint Martin (French part),2025-W40,0.0,0.0,1.0,0.0
Saint Martin (French part),2025-W41,0.0,0.0,1.0,0.0
Saint Martin (French part),2025-W42,0.0,0.0,1.0,0.0
Saint Martin (French part),2025-W43,0.0,0.0,1.0,0.0
Saint Martin (French part),2025-W44,0.0,0.0,1.0,0.0
Saint Martin (French part),2025-W45,0.0,0.0,1.0,0.0
Saint Martin (French part),2025-W46,0.0,0.0,1.0,0.0
Saint Martin (French part),2025-W47,0.0,0.0,1.0,0.0
Saint Martin (French part),2025-W48,0.0,0.0,1.0,0.0
Saint Martin (French part),2025-W49,0.0,0.0,1.0,0.0
Saint Martin (French part),2025-W50,0.0,0.0,1.0,0.0
Saint Martin (French part),2025-W51,0.0,0.0,1.0,0.0
Saint Martin (French part),2025-W52,0.0,0.0,1.0,0.0
Saint Martin (French part),2026-W01,0.0,0.0,1.0,0.0
San Marino,2022-W39,0.0,0.0,0.0,0.0
San Marino,2022-W40,0.0,0.0,0.0,0.0
San Marino,2022-W41,1.0,0.0,1.0,0.0
San Marino,2022-W42,0.0,0.0,1.0,0.0
San Marino,2022-W43,0.0,0.0,1.0,0.0
San Marino,2022-W44,0.0,0.0,1.0,0.0
San Marino,2022-W45,0.0,0.0,1.0,0.0
San Marino,2022-W46,0.0,0.0,1.0,0.0
San Marino,2022-W47,0.0,0.0,1.0,0.0
San Marino,2022-W48,0.0,0.0,1.0,0.0
San Marino,2022-W49,0.0,0.0,1.0,0.0
San Marino,2022-W50,0.0,0.0,1.0,0.0
San Marino,2022-W51,0.0,0.0,1.0,0.0
San Marino,2022-W52,0.0,0.0,1.0,0.0
San Marino,2023-W01,0.0,0.0,1.0,0.0
San Marino,2023-W02,0.0,0.0,1.0,0.0
San Marino,2023-W03,0.0,0.0,1.0,0.0
San Marino,2023-W04,0.0,0.0,1.0,0.0
San Marino,2023-W05,0.0,0.0,1.0,0.0
San Marino,2023-W06,0.0,0.0,1.0,0.0
San Marino,2023-W07,0.0,0.0,1.0,0.0
San Marino,2023-W08,0.0,0.0,1.0,0.0
San Marino,2023-W09,0.0,0.0,1.0,0.0
San Marino,2023-W10,0.0,0.0,1.0,0.0
San Marino,2023-W11,0.0,0.0,1.0,0.0
San Marino,2023-W12,0.0,0.0,1.0,0.0
San Marino,2023-W13,0.0,0.0,1.0,0.0
San Marino,2023-W14,0.0,0.0,1.0,0.0
San Marino,2023-W15,0.0,0.0,1.0,0.0
San Marino,2023-W16,0.0,0.0,1.0,0.0
San Marino,2023-W17,0.0,0.0,1.0,0.0
San Marino,2023-W18,0.0,0.0,1.0,0.0
San Marino,2023-W19,0.0,0.0,1.0,0.0
San Marino,2023-W20,0.0,0.0,1.0,0.0
San Marino,2023-W21,0.0,0.0,1.0,0.0
San Marino,2023-W22,0.0,0.0,1.0,0.0
San Marino,2023-W23,0.0,0.0,1.0,0.0
San Marino,2023-W24,0.0,0.0,1.0,0.0
San Marino,2023-W25,0.0,0.0,1.0,0.0
San Marino,2023-W26,0.0,0.0,1.0,0.0
San Marino,2023-W27,0.0,0.0,1.0,0.0
San Marino,2023-W28,0.0,0.0,1.0,0.0
San Marino,2023-W29,0.0,0.0,1.0,0.0
San Marino,2023-W30,0.0,0.0,1.0,0.0
San Marino,2023-W31,0.0,0.0,1.0,0.0
San Marino,2023-W32,0.0,0.0,1.0,0.0
San Marino,2023-W33,0.0,0.0,1.0,0.0
San Marino,2023-W34,0.0,0.0,1.0,0.0
San Marino,2023-W35,0.0,0.0,1.0,0.0
San Marino,2023-W36,0.0,0.0,1.0,0.0
San Marino,2023-W37,0.0,0.0,1.0,0.0
San Marino,2023-W38,0.0,0.0,1.0,0.0
San Marino,2023-W39,0.0,0.0,1.0,0.0
San Marino,2023-W40,0.0,0.0,1.0,0.0
San Marino,2023-W41,0.0,0.0,1.0,0.0
San Marino,2023-W42,0.0,0.0,1.0,0.0
San Marino,2023-W43,0.0,0.0,1.0,0.0
San Marino,2023-W44,0.0,0.0,1.0,0.0
San Marino,2023-W45,0.0,0.0,1.0,0.0
San Marino,2023-W46,0.0,0.0,1.0,0.0
San Marino,2023-W47,0.0,0.0,1.0,0.0
San Marino,2023-W48,0.0,0.0,1.0,0.0
San Marino,2023-W49,0.0,0.0,1.0,0.0
San Marino,2023-W50,0.0,0.0,1.0,0.0
San Marino,2023-W51,0.0,0.0,1.0,0.0
San Marino,2023-W52,0.0,0.0,1.0,0.0
San Marino,2024-W01,0.0,0.0,1.0,0.0
San Marino,2024-W02,0.0,0.0,1.0,0.0
San Marino,2024-W03,0.0,0.0,1.0,0.0
San Marino,2024-W04,0.0,0.0,1.0,0.0
San Marino,2024-W05,0.0,0.0,1.0,0.0
San Marino,2024-W06,0.0,0.0,1.0,0.0
San Marino,2024-W07,0.0,0.0,1.0,0.0
San Marino,2024-W08,0.0,0.0,1.0,0.0
San Marino,2024-W09,0.0,0.0,1.0,0.0
San Marino,2024-W10,0.0,0.0,1.0,0.0
San Marino,2024-W11,0.0,0.0,1.0,0.0
San Marino,2024-W12,0.0,0.0,1.0,0.0
San Marino,2024-W13,0.0,0.0,1.0,0.0
San Marino,2024-W14,0.0,0.0,1.0,0.0
San Marino,2024-W15,0.0,0.0,1.0,0.0
San Marino,2024-W16,0.0,0.0,1.0,0.0
San Marino,2024-W17,0.0,0.0,1.0,0.0
San Marino,2024-W18,0.0,0.0,1.0,0.0
San Marino,2024-W19,0.0,0.0,1.0,0.0
San Marino,2024-W20,0.0,0.0,1.0,0.0
San Marino,2024-W21,0.0,0.0,1.0,0.0
San Marino,2024-W22,0.0,0.0,1.0,0.0
San Marino,2024-W23,0.0,0.0,1.0,0.0
San Marino,2024-W24,0.0,0.0,1.0,0.0
San Marino,2024-W25,0.0,0.0,1.0,0.0
San Marino,2024-W26,0.0,0.0,1.0,0.0
San Marino,2024-W27,0.0,0.0,1.0,0.0
San Marino,2024-W28,0.0,0.0,1.0,0.0
San Marino,2024-W29,0.0,0.0,1.0,0.0
San Marino,2024-W30,0.0,0.0,1.0,0.0
San Marino,2024-W31,0.0,0.0,1.0,0.0
San Marino,2024-W32,0.0,0.0,1.0,0.0
San Marino,2024-W33,0.0,0.0,1.0,0.0
San Marino,2024-W34,0.0,0.0,1.0,0.0
San Marino,2024-W35,0.0,0.0,1.0,0.0
San Marino,2024-W36,0.0,0.0,1.0,0.0
San Marino,2024-W37,0.0,0.0,1.0,0.0
San Marino,2024-W38,0.0,0.0,1.0,0.0
San Marino,2024-W39,0.0,0.0,1.0,0.0
San Marino,2024-W40,0.0,0.0,1.0,0.0
San Marino,2024-W41,0.0,0.0,1.0,0.0
San Marino,2024-W42,0.0,0.0,1.0,0.0
San Marino,2024-W43,0.0,0.0,1.0,0.0
San Marino,2024-W44,0.0,0.0,1.0,0.0
San Marino,2024-W45,0.0,0.0,1.0,0.0
San Marino,2024-W46,0.0,0.0,1.0,0.0
San Marino,2024-W47,0.0,0.0,1.0,0.0
San Marino,2024-W48,0.0,0.0,1.0,0.0
San Marino,2024-W49,0.0,0.0,1.0,0.0
San Marino,2024-W50,0.0,0.0,1.0,0.0
San Marino,2024-W51,0.0,0.0,1.0,0.0
San Marino,2024-W52,0.0,0.0,1.0,0.0
San Marino,2025-W01,0.0,0.0,1.0,0.0
San Marino,2025-W02,0.0,0.0,1.0,0.0
San Marino,2025-W03,0.0,0.0,1.0,0.0
San Marino,2025-W04,0.0,0.0,1.0,0.0
San Marino,2025-W05,0.0,0.0,1.0,0.0
San Marino,2025-W06,0.0,0.0,1.0,0.0
San Marino,2025-W07,0.0,0.0,1.0,0.0
San Marino,2025-W08,0.0,0.0,1.0,0.0
San Marino,2025-W09,0.0,0.0,1.0,0.0
San Marino,2025-W10,0.0,0.0,1.0,0.0
San Marino,2025-W11,0.0,0.0,1.0,0.0
San Marino,2025-W12,0.0,0.0,1.0,0.0
San Marino,2025-W13,0.0,0.0,1.0,0.0
San Marino,2025-W14,0.0,0.0,1.0,0.0
San Marino,2025-W15,0.0,0.0,1.0,0.0
San Marino,2025-W16,0.0,0.0,1.0,0.0
San Marino,2025-W17,0.0,0.0,1.0,0.0
San Marino,2025-W18,0.0,0.0,1.0,0.0
San Marino,2025-W19,0.0,0.0,1.0,0.0
San Marino,2025-W20,0.0,0.0,1.0,0.0
San Marino,2025-W21,0.0,0.0,1.0,0.0
San Marino,2025-W22,0.0,0.0,1.0,0.0
San Marino,2025-W23,0.0,0.0,1.0,0.0
San Marino,2025-W24,0.0,0.0,1.0,0.0
San Marino,2025-W25,0.0,0.0,1.0,0.0
San Marino,2025-W26,0.0,0.0,1.0,0.0
San Marino,2025-W27,0.0,0.0,1.0,0.0
San Marino,2025-W28,0.0,0.0,1.0,0.0
San Marino,2025-W29,0.0,0.0,1.0,0.0
San Marino,2025-W30,0.0,0.0,1.0,0.0
San Marino,2025-W31,0.0,0.0,1.0,0.0
San Marino,2025-W32,0.0,0.0,1.0,0.0
San Marino,2025-W33,0.0,0.0,1.0,0.0
San Marino,2025-W34,0.0,0.0,1.0,0.0
San Marino,2025-W35,0.0,0.0,1.0,0.0
San Marino,2025-W36,0.0,0.0,1.0,0.0
San Marino,2025-W37,0.0,0.0,1.0,0.0
San Marino,2025-W38,0.0,0.0,1.0,0.0
San Marino,2025-W39,0.0,0.0,1.0,0.0
San Marino,2025-W40,0.0,0.0,1.0,0.0
San Marino,2025-W41,0.0,0.0,1.0,0.0
San Marino,2025-W42,0.0,0.0,1.0,0.0
San Marino,2025-W43,0.0,0.0,1.0,0.0
San Marino,2025-W44,0.0,0.0,1.0,0.0
San Marino,2025-W45,0.0,0.0,1.0,0.0
San Marino,2025-W46,0.0,0.0,1.0,0.0
San Marino,2025-W47,0.0,0.0,1.0,0.0
San Marino,2025-W48,0.0,0.0,1.0,0.0
San Marino,2025-W49,0.0,0.0,1.0,0.0
San Marino,2025-W50,0.0,0.0,1.0,0.0
San Marino,2025-W51,0.0,0.0,1.0,0.0
San Marino,2025-W52,0.0,0.0,1.0,0.0
Saudi Arabia,2022-W28,1.0,0.0,1.0,0.0
Saudi Arabia,2022-W29,1.0,0.0,2.0,0.0
Saudi Arabia,2022-W30,2.0,0.0,4.0,0.0
Saudi Arabia,2022-W31,1.0,0.0,5.0,0.0
Saudi Arabia,2022-W32,0.0,0.0,5.0,0.0
Saudi Arabia,2022-W33,1.0,0.0,6.0,0.0
Saudi Arabia,2022-W34,1.0,0.0,7.0,0.0
Saudi Arabia,2022-W35,1.0,0.0,8.0,0.0
Saudi Arabia,2022-W36,0.0,0.0,8.0,0.0
Saudi Arabia,2022-W37,0.0,0.0,8.0,0.0
Saudi Arabia,2022-W38,0.0,0.0,8.0,0.0
Saudi Arabia,2022-W39,0.0,0.0,8.0,0.0
Saudi Arabia,2022-W40,0.0,0.0,8.0,0.0
Saudi Arabia,2022-W41,0.0,0.0,8.0,0.0
Saudi Arabia,2022-W42,0.0,0.0,8.0,0.0
Saudi Arabia,2022-W43,0.0,0.0,8.0,0.0
Saudi Arabia,2022-W44,0.0,0.0,8.0,0.0
Saudi Arabia,2022-W45,0.0,0.0,8.0,0.0
Saudi Arabia,2022-W46,0.0,0.0,8.0,0.0
Saudi Arabia,2022-W47,0.0,0.0,8.0,0.0
Saudi Arabia,2022-W48,0.0,0.0,8.0,0.0
Saudi Arabia,2022-W49,0.0,0.0,8.0,0.0
Saudi Arabia,2022-W50,0.0,0.0,8.0,0.0
Saudi Arabia,2022-W51,0.0,0.0,8.0,0.0
Saudi Arabia,2022-W52,0.0,0.0,8.0,0.0
Saudi Arabia,2023-W01,0.0,0.0,8.0,0.0
Saudi Arabia,2023-W02,0.0,0.0,8.0,0.0
Saudi Arabia,2023-W03,0.0,0.0,8.0,0.0
Saudi Arabia,2023-W04,0.0,0.0,8.0,0.0
Saudi Arabia,2023-W05,0.0,0.0,8.0,0.0
Saudi Arabia,2023-W06,0.0,0.0,8.0,0.0
Saudi Arabia,2023-W07,0.0,0.0,8.0,0.0
Saudi Arabia,2023-W08,0.0,0.0,8.0,0.0
Saudi Arabia,2023-W09,1.0,0.0,9.0,0.0
Saudi Arabia,2023-W10,0.0,0.0,9.0,0.0
Saudi Arabia,2023-W11,0.0,0.0,9.0,0.0
Saudi Arabia,2023-W12,0.0,0.0,9.0,0.0
Saudi Arabia,2023-W13,1.0,0.0,10.0,0.0
Saudi Arabia,2023-W14,0.0,0.0,10.0,0.0
Saudi Arabia,2023-W15,0.0,0.0,10.0,0.0
Saudi Arabia,2023-W16,0.0,0.0,10.0,0.0
Saudi Arabia,2023-W17,3.0,0.0,13.0,0.0
Saudi Arabia,2023-W18,0.0,0.0,13.0,0.0
Saudi Arabia,2023-W19,0.0,0.0,13.0,0.0
Saudi Arabia,2023-W20,0.0,0.0,13.0,0.0
Saudi Arabia,2023-W21,0.0,0.0,13.0,0.0
Saudi Arabia,2023-W22,29.0,0.0,42.0,0.0
Saudi Arabia,2023-W23,0.0,0.0,42.0,0.0
Saudi Arabia,2023-W24,0.0,0.0,42.0,0.0
Saudi Arabia,2023-W25,0.0,0.0,42.0,0.0
Saudi Arabia,2023-W26,50.0,0.0,92.0,0.0
Saudi Arabia,2023-W27,0.0,0.0,92.0,0.0
Saudi Arabia,2023-W28,0.0,0.0,92.0,0.0
Saudi Arabia,2023-W29,0.0,0.0,92.0,0.0
Saudi Arabia,2023-W30,0.0,0.0,92.0,0.0
Saudi Arabia,2023-W31,93.0,0.0,185.0,0.0
Saudi Arabia,2023-W32,0.0,0.0,185.0,0.0
Saudi Arabia,2023-W33,0.0,0.0,185.0,0.0
Saudi Arabia,2023-W34,0.0,0.0,185.0,0.0
Saudi Arabia,2023-W35,206.0,0.0,391.0,0.0
Saudi Arabia,2023-W36,0.0,0.0,391.0,0.0
Saudi Arabia,2023-W37,0.0,0.0,391.0,0.0
Saudi Arabia,2023-W38,0.0,0.0,391.0,0.0
Saudi Arabia,2023-W39,143.0,0.0,534.0,0.0
Saudi Arabia,2023-W40,0.0,0.0,534.0,0.0
Saudi Arabia,2023-W41,0.0,0.0,534.0,0.0
Saudi Arabia,2023-W42,0.0,0.0,534.0,0.0
Saudi Arabia,2023-W43,0.0,0.0,534.0,0.0
Saudi Arabia,2023-W44,81.0,0.0,615.0,0.0
Saudi Arabia,2023-W45,0.0,0.0,615.0,0.0
Saudi Arabia,2023-W46,0.0,0.0,615.0,0.0
Saudi Arabia,2023-W47,0.0,0.0,615.0,0.0
Saudi Arabia,2023-W48,37.0,0.0,652.0,0.0
Saudi Arabia,2023-W49,0.0,0.0,652.0,0.0
Saudi Arabia,2023-W50,0.0,0.0,652.0,0.0
Saudi Arabia,2023-W51,0.0,0.0,652.0,0.0
Saudi Arabia,2023-W52,17.0,0.0,669.0,0.0
Saudi Arabia,2024-W01,0.0,0.0,669.0,0.0
Saudi Arabia,2024-W02,0.0,0.0,669.0,0.0
Saudi Arabia,2024-W03,0.0,0.0,669.0,0.0
Saudi Arabia,2024-W04,0.0,0.0,669.0,0.0
Saudi Arabia,2024-W05,16.0,0.0,685.0,0.0
Saudi Arabia,2024-W06,0.0,0.0,685.0,0.0
Saudi Arabia,2024-W07,0.0,0.0,685.0,0.0
Saudi Arabia,2024-W08,0.0,0.0,685.0,0.0
Saudi Arabia,2024-W09,15.0,0.0,700.0,0.0
Saudi Arabia,2024-W10,0.0,0.0,700.0,0.0
Saudi Arabia,2024-W11,0.0,0.0,700.0,0.0
Saudi Arabia,2024-W12,0.0,0.0,700.0,0.0
Saudi Arabia,2024-W13,20.0,0.0,720.0,0.0
Saudi Arabia,2024-W14,0.0,0.0,720.0,0.0
Saudi Arabia,2024-W15,0.0,0.0,720.0,0.0
Saudi Arabia,2024-W16,0.0,0.0,720.0,0.0
Saudi Arabia,2024-W17,0.0,0.0,720.0,0.0
Saudi Arabia,2024-W18,13.0,0.0,733.0,0.0
Saudi Arabia,2024-W19,0.0,0.0,733.0,0.0
Saudi Arabia,2024-W20,0.0,0.0,733.0,0.0
Saudi Arabia,2024-W21,0.0,0.0,733.0,0.0
Saudi Arabia,2024-W22,15.0,0.0,748.0,0.0
Saudi Arabia,2024-W23,0.0,0.0,748.0,0.0
Saudi Arabia,2024-W24,0.0,0.0,748.0,0.0
Saudi Arabia,2024-W25,0.0,0.0,748.0,0.0
Saudi Arabia,2024-W26,6.0,0.0,754.0,0.0
Saudi Arabia,2024-W27,0.0,0.0,754.0,0.0
Saudi Arabia,2024-W28,0.0,0.0,754.0,0.0
Saudi Arabia,2024-W29,0.0,0.0,754.0,0.0
Saudi Arabia,2024-W30,0.0,0.0,754.0,0.0
Saudi Arabia,2024-W31,9.0,0.0,763.0,0.0
Saudi Arabia,2024-W32,0.0,0.0,763.0,0.0
Saudi Arabia,2024-W33,0.0,0.0,763.0,0.0
Saudi Arabia,2024-W34,1.0,0.0,764.0,0.0
Saudi Arabia,2024-W35,0.0,0.0,764.0,0.0
Saudi Arabia,2024-W36,0.0,0.0,764.0,0.0
Saudi Arabia,2024-W37,0.0,0.0,764.0,0.0
Saudi Arabia,2024-W38,0.0,0.0,764.0,0.0
Saudi Arabia,2024-W39,0.0,0.0,764.0,0.0
Saudi Arabia,2024-W40,0.0,0.0,764.0,0.0
Saudi Arabia,2024-W41,0.0,0.0,764.0,0.0
Saudi Arabia,2024-W42,0.0,0.0,764.0,0.0
Saudi Arabia,2024-W43,0.0,0.0,764.0,0.0
Saudi Arabia,2024-W44,0.0,0.0,764.0,0.0
Saudi Arabia,2024-W45,0.0,0.0,764.0,0.0
Saudi Arabia,2024-W46,0.0,0.0,764.0,0.0
Saudi Arabia,2024-W47,0.0,0.0,764.0,0.0
Saudi Arabia,2024-W48,0.0,0.0,764.0,0.0
Saudi Arabia,2024-W49,0.0,0.0,764.0,0.0
Saudi Arabia,2024-W50,0.0,0.0,764.0,0.0
Saudi Arabia,2024-W51,0.0,0.0,764.0,0.0
Saudi Arabia,2024-W52,0.0,0.0,764.0,0.0
Saudi Arabia,2025-W01,0.0,0.0,764.0,0.0
Saudi Arabia,2025-W02,0.0,0.0,764.0,0.0
Saudi Arabia,2025-W03,0.0,0.0,764.0,0.0
Saudi Arabia,2025-W04,0.0,0.0,764.0,0.0
Saudi Arabia,2025-W05,0.0,0.0,764.0,0.0
Saudi Arabia,2025-W06,0.0,0.0,764.0,0.0
Saudi Arabia,2025-W07,0.0,0.0,764.0,0.0
Saudi Arabia,2025-W08,0.0,0.0,764.0,0.0
Saudi Arabia,2025-W09,0.0,0.0,764.0,0.0
Saudi Arabia,2025-W10,0.0,0.0,764.0,0.0
Saudi Arabia,2025-W11,0.0,0.0,764.0,0.0
Saudi Arabia,2025-W12,0.0,0.0,764.0,0.0
Saudi Arabia,2025-W13,0.0,0.0,764.0,0.0
Saudi Arabia,2025-W14,0.0,0.0,764.0,0.0
Saudi Arabia,2025-W15,0.0,0.0,764.0,0.0
Saudi Arabia,2025-W16,0.0,0.0,764.0,0.0
Saudi Arabia,2025-W17,0.0,0.0,764.0,0.0
Saudi Arabia,2025-W18,0.0,0.0,764.0,0.0
Saudi Arabia,2025-W19,0.0,0.0,764.0,0.0
Saudi Arabia,2025-W20,0.0,0.0,764.0,0.0
Saudi Arabia,2025-W21,0.0,0.0,764.0,0.0
Saudi Arabia,2025-W22,0.0,0.0,764.0,0.0
Saudi Arabia,2025-W23,0.0,0.0,764.0,0.0
Saudi Arabia,2025-W24,0.0,0.0,764.0,0.0
Saudi Arabia,2025-W25,0.0,0.0,764.0,0.0
Saudi Arabia,2025-W26,0.0,0.0,764.0,0.0
Saudi Arabia,2025-W27,0.0,0.0,764.0,0.0
Saudi Arabia,2025-W28,0.0,0.0,764.0,0.0
Saudi Arabia,2025-W29,0.0,0.0,764.0,0.0
Saudi Arabia,2025-W30,0.0,0.0,764.0,0.0
Saudi Arabia,2025-W31,0.0,0.0,764.0,0.0
Saudi Arabia,2025-W32,0.0,0.0,764.0,0.0
Saudi Arabia,2025-W33,0.0,0.0,764.0,0.0
Saudi Arabia,2025-W34,1.0,0.0,765.0,0.0
Senegal,2025-W33,0.0,0.0,0.0,0.0
Senegal,2025-W34,1.0,0.0,1.0,0.0
Senegal,2025-W35,0.0,0.0,1.0,0.0
Senegal,2025-W36,0.0,0.0,1.0,0.0
Senegal,2025-W37,0.0,0.0,1.0,0.0
Senegal,2025-W38,0.0,0.0,1.0,0.0
Senegal,2025-W39,3.0,0.0,4.0,0.0
Serbia,2022-W24,1.0,0.0,1.0,0.0
Serbia,2022-W25,0.0,0.0,1.0,0.0
Serbia,2022-W26,0.0,0.0,1.0,0.0
Serbia,2022-W27,0.0,0.0,1.0,0.0
Serbia,2022-W28,4.0,0.0,5.0,0.0
Serbia,2022-W29,0.0,0.0,5.0,0.0
Serbia,2022-W30,5.0,0.0,10.0,0.0
Serbia,2022-W31,0.0,0.0,10.0,0.0
Serbia,2022-W32,13.0,0.0,23.0,0.0
Serbia,2022-W33,8.0,0.0,31.0,0.0
Serbia,2022-W34,0.0,0.0,31.0,0.0
Serbia,2022-W35,0.0,0.0,31.0,0.0
Serbia,2022-W36,0.0,0.0,31.0,0.0
Serbia,2022-W37,0.0,0.0,31.0,0.0
Serbia,2022-W38,9.0,0.0,40.0,0.0
Serbia,2022-W39,0.0,0.0,40.0,0.0
Serbia,2022-W40,0.0,0.0,40.0,0.0
Serbia,2022-W41,0.0,0.0,40.0,0.0
Serbia,2022-W42,0.0,0.0,40.0,0.0
Serbia,2022-W43,0.0,0.0,40.0,0.0
Serbia,2022-W44,0.0,0.0,40.0,0.0
Serbia,2022-W45,0.0,0.0,40.0,0.0
Serbia,2022-W46,0.0,0.0,40.0,0.0
Serbia,2022-W47,0.0,0.0,40.0,0.0
Serbia,2022-W48,0.0,0.0,40.0,0.0
Serbia,2022-W49,0.0,0.0,40.0,0.0
Serbia,2022-W50,0.0,0.0,40.0,0.0
Serbia,2022-W51,0.0,0.0,40.0,0.0
Serbia,2022-W52,0.0,0.0,40.0,0.0
Serbia,2023-W01,0.0,0.0,40.0,0.0
Serbia,2023-W02,0.0,0.0,40.0,0.0
Serbia,2023-W03,0.0,0.0,40.0,0.0
Serbia,2023-W04,0.0,0.0,40.0,0.0
Serbia,2023-W05,0.0,0.0,40.0,0.0
Serbia,2023-W06,0.0,0.0,40.0,0.0
Serbia,2023-W07,0.0,0.0,40.0,0.0
Serbia,2023-W08,0.0,0.0,40.0,0.0
Serbia,2023-W09,0.0,0.0,40.0,0.0
Serbia,2023-W10,0.0,0.0,40.0,0.0
Serbia,2023-W11,0.0,0.0,40.0,0.0
Serbia,2023-W12,0.0,0.0,40.0,0.0
Serbia,2023-W13,0.0,0.0,40.0,0.0
Serbia,2023-W14,0.0,0.0,40.0,0.0
Serbia,2023-W15,0.0,0.0,40.0,0.0
Serbia,2023-W16,0.0,0.0,40.0,0.0
Serbia,2023-W17,0.0,0.0,40.0,0.0
Serbia,2023-W18,0.0,0.0,40.0,0.0
Serbia,2023-W19,0.0,0.0,40.0,0.0
Serbia,2023-W20,0.0,0.0,40.0,0.0
Serbia,2023-W21,0.0,0.0,40.0,0.0
Serbia,2023-W22,0.0,0.0,40.0,0.0
Serbia,2023-W23,0.0,0.0,40.0,0.0
Serbia,2023-W24,0.0,0.0,40.0,0.0
Serbia,2023-W25,0.0,0.0,40.0,0.0
Serbia,2023-W26,0.0,0.0,40.0,0.0
Serbia,2023-W27,0.0,0.0,40.0,0.0
Serbia,2023-W28,0.0,0.0,40.0,0.0
Serbia,2023-W29,0.0,0.0,40.0,0.0
Serbia,2023-W30,0.0,0.0,40.0,0.0
Serbia,2023-W31,0.0,0.0,40.0,0.0
Serbia,2023-W32,0.0,0.0,40.0,0.0
Serbia,2023-W33,0.0,0.0,40.0,0.0
Serbia,2023-W34,0.0,0.0,40.0,0.0
Serbia,2023-W35,0.0,0.0,40.0,0.0
Serbia,2023-W36,0.0,0.0,40.0,0.0
Serbia,2023-W37,0.0,0.0,40.0,0.0
Serbia,2023-W38,0.0,0.0,40.0,0.0
Serbia,2023-W39,0.0,0.0,40.0,0.0
Serbia,2023-W40,0.0,0.0,40.0,0.0
Serbia,2023-W41,0.0,0.0,40.0,0.0
Serbia,2023-W42,0.0,0.0,40.0,0.0
Serbia,2023-W43,0.0,0.0,40.0,0.0
Serbia,2023-W44,0.0,0.0,40.0,0.0
Serbia,2023-W45,0.0,0.0,40.0,0.0
Serbia,2023-W46,0.0,0.0,40.0,0.0
Serbia,2023-W47,0.0,0.0,40.0,0.0
Serbia,2023-W48,0.0,0.0,40.0,0.0
Serbia,2023-W49,0.0,0.0,40.0,0.0
Serbia,2023-W50,0.0,0.0,40.0,0.0
Serbia,2023-W51,0.0,0.0,40.0,0.0
Serbia,2023-W52,0.0,0.0,40.0,0.0
Serbia,2024-W01,0.0,0.0,40.0,0.0
Serbia,2024-W02,0.0,0.0,40.0,0.0
Serbia,2024-W03,0.0,0.0,40.0,0.0
Serbia,2024-W04,0.0,0.0,40.0,0.0
Serbia,2024-W05,0.0,0.0,40.0,0.0
Serbia,2024-W06,0.0,0.0,40.0,0.0
Serbia,2024-W07,0.0,0.0,40.0,0.0
Serbia,2024-W08,0.0,0.0,40.0,0.0
Serbia,2024-W09,0.0,0.0,40.0,0.0
Serbia,2024-W10,0.0,0.0,40.0,0.0
Serbia,2024-W11,0.0,0.0,40.0,0.0
Serbia,2024-W12,0.0,0.0,40.0,0.0
Serbia,2024-W13,0.0,0.0,40.0,0.0
Serbia,2024-W14,0.0,0.0,40.0,0.0
Serbia,2024-W15,0.0,0.0,40.0,0.0
Serbia,2024-W16,0.0,0.0,40.0,0.0
Serbia,2024-W17,0.0,0.0,40.0,0.0
Serbia,2024-W18,0.0,0.0,40.0,0.0
Serbia,2024-W19,0.0,0.0,40.0,0.0
Serbia,2024-W20,0.0,0.0,40.0,0.0
Serbia,2024-W21,0.0,0.0,40.0,0.0
Serbia,2024-W22,0.0,0.0,40.0,0.0
Serbia,2024-W23,0.0,0.0,40.0,0.0
Serbia,2024-W24,0.0,0.0,40.0,0.0
Serbia,2024-W25,0.0,0.0,40.0,0.0
Serbia,2024-W26,0.0,0.0,40.0,0.0
Serbia,2024-W27,0.0,0.0,40.0,0.0
Serbia,2024-W28,0.0,0.0,40.0,0.0
Serbia,2024-W29,0.0,0.0,40.0,0.0
Serbia,2024-W30,0.0,0.0,40.0,0.0
Serbia,2024-W31,0.0,0.0,40.0,0.0
Serbia,2024-W32,0.0,0.0,40.0,0.0
Serbia,2024-W33,0.0,0.0,40.0,0.0
Serbia,2024-W34,0.0,0.0,40.0,0.0
Serbia,2024-W35,0.0,0.0,40.0,0.0
Serbia,2024-W36,0.0,0.0,40.0,0.0
Serbia,2024-W37,0.0,0.0,40.0,0.0
Serbia,2024-W38,0.0,0.0,40.0,0.0
Serbia,2024-W39,0.0,0.0,40.0,0.0
Serbia,2024-W40,0.0,0.0,40.0,0.0
Serbia,2024-W41,0.0,0.0,40.0,0.0
Serbia,2024-W42,0.0,0.0,40.0,0.0
Serbia,2024-W43,0.0,0.0,40.0,0.0
Serbia,2024-W44,0.0,0.0,40.0,0.0
Serbia,2024-W45,0.0,0.0,40.0,0.0
Serbia,2024-W46,0.0,0.0,40.0,0.0
Serbia,2024-W47,0.0,0.0,40.0,0.0
Serbia,2024-W48,0.0,0.0,40.0,0.0
Serbia,2024-W49,0.0,0.0,40.0,0.0
Serbia,2024-W50,0.0,0.0,40.0,0.0
Serbia,2024-W51,0.0,0.0,40.0,0.0
Serbia,2024-W52,0.0,0.0,40.0,0.0
Serbia,2025-W01,0.0,0.0,40.0,0.0
Serbia,2025-W02,0.0,0.0,40.0,0.0
Serbia,2025-W03,0.0,0.0,40.0,0.0
Serbia,2025-W04,0.0,0.0,40.0,0.0
Serbia,2025-W05,0.0,0.0,40.0,0.0
Serbia,2025-W06,0.0,0.0,40.0,0.0
Serbia,2025-W07,0.0,0.0,40.0,0.0
Serbia,2025-W08,0.0,0.0,40.0,0.0
Serbia,2025-W09,0.0,0.0,40.0,0.0
Serbia,2025-W10,0.0,0.0,40.0,0.0
Serbia,2025-W11,0.0,0.0,40.0,0.0
Serbia,2025-W12,0.0,0.0,40.0,0.0
Serbia,2025-W13,0.0,0.0,40.0,0.0
Serbia,2025-W14,0.0,0.0,40.0,0.0
Serbia,2025-W15,0.0,0.0,40.0,0.0
Serbia,2025-W16,0.0,0.0,40.0,0.0
Serbia,2025-W17,0.0,0.0,40.0,0.0
Serbia,2025-W18,0.0,0.0,40.0,0.0
Serbia,2025-W19,0.0,0.0,40.0,0.0
Serbia,2025-W20,0.0,0.0,40.0,0.0
Serbia,2025-W21,0.0,0.0,40.0,0.0
Serbia,2025-W22,0.0,0.0,40.0,0.0
Serbia,2025-W23,0.0,0.0,40.0,0.0
Serbia,2025-W24,0.0,0.0,40.0,0.0
Serbia,2025-W25,0.0,0.0,40.0,0.0
Serbia,2025-W26,0.0,0.0,40.0,0.0
Serbia,2025-W27,0.0,0.0,40.0,0.0
Serbia,2025-W28,0.0,0.0,40.0,0.0
Serbia,2025-W29,0.0,0.0,40.0,0.0
Serbia,2025-W30,0.0,0.0,40.0,0.0
Serbia,2025-W31,0.0,0.0,40.0,0.0
Serbia,2025-W32,0.0,0.0,40.0,0.0
Serbia,2025-W33,0.0,0.0,40.0,0.0
Serbia,2025-W34,0.0,0.0,40.0,0.0
Serbia,2025-W35,0.0,0.0,40.0,0.0
Serbia,2025-W36,0.0,0.0,40.0,0.0
Serbia,2025-W37,0.0,0.0,40.0,0.0
Serbia,2025-W38,0.0,0.0,40.0,0.0
Serbia,2025-W39,0.0,0.0,40.0,0.0
Serbia,2025-W40,0.0,0.0,40.0,0.0
Serbia,2025-W41,0.0,0.0,40.0,0.0
Serbia,2025-W42,0.0,0.0,40.0,0.0
Serbia,2025-W43,0.0,0.0,40.0,0.0
Serbia,2025-W44,0.0,0.0,40.0,0.0
Serbia,2025-W45,0.0,0.0,40.0,0.0
Serbia,2025-W46,0.0,0.0,40.0,0.0
Serbia,2025-W47,0.0,0.0,40.0,0.0
Serbia,2025-W48,0.0,0.0,40.0,0.0
Serbia,2025-W49,0.0,0.0,40.0,0.0
Serbia,2025-W50,0.0,0.0,40.0,0.0
Serbia,2025-W51,0.0,0.0,40.0,0.0
Serbia,2025-W52,0.0,0.0,40.0,0.0
Sierra Leone,2025-W01,0.0,0.0,0.0,0.0
Sierra Leone,2025-W02,2.0,0.0,2.0,0.0
Sierra Leone,2025-W03,8.0,0.0,10.0,0.0
Sierra Leone,2025-W04,6.0,0.0,16.0,0.0
Sierra Leone,2025-W05,1.0,0.0,17.0,0.0
Sierra Leone,2025-W06,3.0,0.0,20.0,0.0
Sierra Leone,2025-W07,2.0,0.0,22.0,0.0
Sierra Leone,2025-W08,3.0,0.0,25.0,0.0
Sierra Leone,2025-W09,13.0,0.0,38.0,0.0
Sierra Leone,2025-W10,34.0,1.0,72.0,1.0
Sierra Leone,2025-W11,35.0,1.0,107.0,2.0
Sierra Leone,2025-W12,5.0,0.0,112.0,2.0
Sierra Leone,2025-W13,13.0,0.0,125.0,2.0
Sierra Leone,2025-W14,12.0,0.0,137.0,2.0
Sierra Leone,2025-W15,105.0,0.0,242.0,2.0
Sierra Leone,2025-W16,235.0,2.0,477.0,4.0
Sierra Leone,2025-W17,384.0,3.0,861.0,7.0
Sierra Leone,2025-W18,526.0,3.0,1387.0,10.0
Sierra Leone,2025-W19,658.0,1.0,2045.0,11.0
Sierra Leone,2025-W20,603.0,3.0,2648.0,14.0
Sierra Leone,2025-W21,492.0,1.0,3140.0,15.0
Sierra Leone,2025-W22,383.0,2.0,3523.0,17.0
Sierra Leone,2025-W23,292.0,3.0,3815.0,20.0
Sierra Leone,2025-W24,270.0,5.0,4085.0,25.0
Sierra Leone,2025-W25,209.0,3.0,4294.0,28.0
Sierra Leone,2025-W26,187.0,1.0,4481.0,29.0
Sierra Leone,2025-W27,149.0,3.0,4630.0,32.0
Sierra Leone,2025-W28,161.0,7.0,4791.0,39.0
Sierra Leone,2025-W29,136.0,5.0,4927.0,44.0
Sierra Leone,2025-W30,92.0,2.0,5019.0,46.0
Sierra Leone,2025-W31,53.0,2.0,5072.0,48.0
Sierra Leone,2025-W32,42.0,2.0,5114.0,50.0
Sierra Leone,2025-W33,35.0,2.0,5149.0,52.0
Sierra Leone,2025-W34,48.0,0.0,5197.0,52.0
Sierra Leone,2025-W35,48.0,4.0,5245.0,56.0
Sierra Leone,2025-W36,21.0,0.0,5266.0,56.0
Sierra Leone,2025-W37,25.0,0.0,5291.0,56.0
Sierra Leone,2025-W38,17.0,0.0,5308.0,56.0
Sierra Leone,2025-W39,37.0,0.0,5345.0,56.0
Sierra Leone,2025-W40,60.0,1.0,5405.0,57.0
Sierra Leone,2025-W41,23.0,1.0,5428.0,58.0
Sierra Leone,2025-W42,5.0,1.0,5433.0,59.0
Sierra Leone,2025-W43,9.0,1.0,5442.0,60.0
Sierra Leone,2025-W44,0.0,0.0,5442.0,60.0
Sierra Leone,2025-W45,0.0,0.0,5442.0,60.0
Sierra Leone,2025-W46,0.0,0.0,5442.0,60.0
Sierra Leone,2025-W47,0.0,0.0,5442.0,60.0
Singapore,2022-W25,1.0,0.0,1.0,0.0
Singapore,2022-W26,0.0,0.0,1.0,0.0
Singapore,2022-W27,1.0,0.0,2.0,0.0
Singapore,2022-W28,4.0,0.0,6.0,0.0
Singapore,2022-W29,2.0,0.0,8.0,0.0
Singapore,2022-W30,3.0,0.0,11.0,0.0
Singapore,2022-W31,4.0,0.0,15.0,0.0
Singapore,2022-W32,0.0,0.0,15.0,0.0
Singapore,2022-W33,1.0,0.0,16.0,0.0
Singapore,2022-W34,0.0,0.0,16.0,0.0
Singapore,2022-W35,0.0,0.0,16.0,0.0
Singapore,2022-W36,0.0,0.0,16.0,0.0
Singapore,2022-W37,3.0,0.0,19.0,0.0
Singapore,2022-W38,0.0,0.0,19.0,0.0
Singapore,2022-W39,0.0,0.0,19.0,0.0
Singapore,2022-W40,0.0,0.0,19.0,0.0
Singapore,2022-W41,0.0,0.0,19.0,0.0
Singapore,2022-W42,0.0,0.0,19.0,0.0
Singapore,2022-W43,0.0,0.0,19.0,0.0
Singapore,2022-W44,0.0,0.0,19.0,0.0
Singapore,2022-W45,0.0,0.0,19.0,0.0
Singapore,2022-W46,0.0,0.0,19.0,0.0
Singapore,2022-W47,0.0,0.0,19.0,0.0
Singapore,2022-W48,0.0,0.0,19.0,0.0
Singapore,2022-W49,0.0,0.0,19.0,0.0
Singapore,2022-W50,0.0,0.0,19.0,0.0
Singapore,2022-W51,0.0,0.0,19.0,0.0
Singapore,2022-W52,0.0,0.0,19.0,0.0
Singapore,2023-W01,0.0,0.0,19.0,0.0
Singapore,2023-W02,2.0,0.0,21.0,0.0
Singapore,2023-W03,0.0,0.0,21.0,0.0
Singapore,2023-W04,0.0,0.0,21.0,0.0
Singapore,2023-W05,0.0,0.0,21.0,0.0
Singapore,2023-W06,0.0,0.0,21.0,0.0
Singapore,2023-W07,0.0,0.0,21.0,0.0
Singapore,2023-W08,0.0,0.0,21.0,0.0
Singapore,2023-W09,0.0,0.0,21.0,0.0
Singapore,2023-W10,0.0,0.0,21.0,0.0
Singapore,2023-W11,0.0,0.0,21.0,0.0
Singapore,2023-W12,0.0,0.0,21.0,0.0
Singapore,2023-W13,1.0,0.0,22.0,0.0
Singapore,2023-W14,0.0,0.0,22.0,0.0
Singapore,2023-W15,1.0,0.0,23.0,0.0
Singapore,2023-W16,0.0,0.0,23.0,0.0
Singapore,2023-W17,0.0,0.0,23.0,0.0
Singapore,2023-W18,2.0,0.0,25.0,0.0
Singapore,2023-W19,0.0,0.0,25.0,0.0
Singapore,2023-W20,0.0,0.0,25.0,0.0
Singapore,2023-W21,0.0,0.0,25.0,0.0
Singapore,2023-W22,0.0,0.0,25.0,0.0
Singapore,2023-W23,0.0,0.0,25.0,0.0
Singapore,2023-W24,0.0,0.0,25.0,0.0
Singapore,2023-W25,0.0,0.0,25.0,0.0
Singapore,2023-W26,0.0,0.0,25.0,0.0
Singapore,2023-W27,0.0,0.0,25.0,0.0
Singapore,2023-W28,0.0,0.0,25.0,0.0
Singapore,2023-W29,1.0,0.0,26.0,0.0
Singapore,2023-W30,0.0,0.0,26.0,0.0
Singapore,2023-W31,0.0,0.0,26.0,0.0
Singapore,2023-W32,0.0,0.0,26.0,0.0
Singapore,2023-W33,0.0,0.0,26.0,0.0
Singapore,2023-W34,0.0,0.0,26.0,0.0
Singapore,2023-W35,0.0,0.0,26.0,0.0
Singapore,2023-W36,0.0,0.0,26.0,0.0
Singapore,2023-W37,0.0,0.0,26.0,0.0
Singapore,2023-W38,3.0,0.0,29.0,0.0
Singapore,2023-W39,2.0,0.0,31.0,0.0
Singapore,2023-W40,0.0,0.0,31.0,0.0
Singapore,2023-W41,2.0,0.0,33.0,0.0
Singapore,2023-W42,2.0,0.0,35.0,0.0
Singapore,2023-W43,1.0,0.0,36.0,0.0
Singapore,2023-W44,4.0,0.0,40.0,0.0
Singapore,2023-W45,1.0,0.0,41.0,0.0
Singapore,2023-W46,4.0,0.0,45.0,0.0
Singapore,2023-W47,2.0,0.0,47.0,0.0
Singapore,2023-W48,1.0,0.0,48.0,0.0
Singapore,2023-W49,0.0,0.0,48.0,0.0
Singapore,2023-W50,0.0,0.0,48.0,0.0
Singapore,2023-W51,2.0,0.0,50.0,0.0
Singapore,2023-W52,0.0,0.0,50.0,0.0
Singapore,2024-W01,1.0,0.0,51.0,0.0
Singapore,2024-W02,0.0,0.0,51.0,0.0
Singapore,2024-W03,0.0,0.0,51.0,0.0
Singapore,2024-W04,0.0,0.0,51.0,0.0
Singapore,2024-W05,0.0,0.0,51.0,0.0
Singapore,2024-W06,0.0,0.0,51.0,0.0
Singapore,2024-W07,1.0,0.0,52.0,0.0
Singapore,2024-W08,0.0,0.0,52.0,0.0
Singapore,2024-W09,0.0,0.0,52.0,0.0
Singapore,2024-W10,2.0,0.0,54.0,0.0
Singapore,2024-W11,2.0,0.0,56.0,0.0
Singapore,2024-W12,1.0,0.0,57.0,0.0
Singapore,2024-W13,0.0,0.0,57.0,0.0
Singapore,2024-W14,1.0,0.0,58.0,0.0
Singapore,2024-W15,0.0,0.0,58.0,0.0
Singapore,2024-W16,0.0,0.0,58.0,0.0
Singapore,2024-W17,1.0,0.0,59.0,0.0
Singapore,2024-W18,0.0,0.0,59.0,0.0
Singapore,2024-W19,0.0,0.0,59.0,0.0
Singapore,2024-W20,0.0,0.0,59.0,0.0
Singapore,2024-W21,0.0,0.0,59.0,0.0
Singapore,2024-W22,0.0,0.0,59.0,0.0
Singapore,2024-W23,0.0,0.0,59.0,0.0
Singapore,2024-W24,0.0,0.0,59.0,0.0
Singapore,2024-W25,0.0,0.0,59.0,0.0
Singapore,2024-W26,1.0,0.0,60.0,0.0
Singapore,2024-W27,0.0,0.0,60.0,0.0
Singapore,2024-W28,1.0,0.0,61.0,0.0
Singapore,2024-W29,0.0,0.0,61.0,0.0
Singapore,2024-W30,0.0,0.0,61.0,0.0
Singapore,2024-W31,0.0,0.0,61.0,0.0
Singapore,2024-W32,0.0,0.0,61.0,0.0
Singapore,2024-W33,2.0,0.0,63.0,0.0
Singapore,2024-W34,1.0,0.0,64.0,0.0
Singapore,2024-W35,0.0,0.0,64.0,0.0
Singapore,2024-W36,1.0,0.0,65.0,0.0
Singapore,2024-W37,1.0,0.0,66.0,0.0
Singapore,2024-W38,0.0,0.0,66.0,0.0
Singapore,2024-W39,0.0,0.0,66.0,0.0
Singapore,2024-W40,0.0,0.0,66.0,0.0
Singapore,2024-W41,1.0,0.0,67.0,0.0
Singapore,2024-W42,0.0,0.0,67.0,0.0
Singapore,2024-W43,0.0,0.0,67.0,0.0
Singapore,2024-W44,0.0,0.0,67.0,0.0
Singapore,2024-W45,0.0,0.0,67.0,0.0
Singapore,2024-W46,0.0,0.0,67.0,0.0
Singapore,2024-W47,0.0,0.0,67.0,0.0
Singapore,2024-W48,0.0,0.0,67.0,0.0
Singapore,2024-W49,0.0,0.0,67.0,0.0
Singapore,2024-W50,0.0,0.0,67.0,0.0
Singapore,2024-W51,0.0,0.0,67.0,0.0
Singapore,2024-W52,1.0,0.0,68.0,0.0
Singapore,2025-W01,0.0,0.0,68.0,0.0
Singapore,2025-W02,0.0,0.0,68.0,0.0
Singapore,2025-W03,0.0,0.0,68.0,0.0
Singapore,2025-W04,1.0,0.0,69.0,0.0
Singapore,2025-W05,0.0,0.0,69.0,0.0
Singapore,2025-W06,1.0,0.0,70.0,0.0
Singapore,2025-W07,0.0,0.0,70.0,0.0
Singapore,2025-W08,1.0,0.0,71.0,0.0
Singapore,2025-W09,1.0,0.0,72.0,0.0
Singapore,2025-W10,0.0,0.0,72.0,0.0
Singapore,2025-W11,0.0,0.0,72.0,0.0
Singapore,2025-W12,0.0,0.0,72.0,0.0
Singapore,2025-W13,0.0,0.0,72.0,0.0
Singapore,2025-W14,0.0,0.0,72.0,0.0
Singapore,2025-W15,0.0,0.0,72.0,0.0
Singapore,2025-W16,0.0,0.0,72.0,0.0
Singapore,2025-W17,1.0,0.0,73.0,0.0
Singapore,2025-W18,0.0,0.0,73.0,0.0
Singapore,2025-W19,0.0,0.0,73.0,0.0
Singapore,2025-W20,0.0,0.0,73.0,0.0
Singapore,2025-W21,0.0,0.0,73.0,0.0
Singapore,2025-W22,1.0,0.0,74.0,0.0
Singapore,2025-W23,1.0,0.0,75.0,0.0
Singapore,2025-W24,0.0,0.0,75.0,0.0
Singapore,2025-W25,1.0,0.0,76.0,0.0
Singapore,2025-W26,0.0,0.0,76.0,0.0
Singapore,2025-W27,0.0,0.0,76.0,0.0
Singapore,2025-W28,2.0,0.0,78.0,0.0
Singapore,2025-W29,0.0,0.0,78.0,0.0
Singapore,2025-W30,0.0,0.0,78.0,0.0
Singapore,2025-W31,0.0,0.0,78.0,0.0
Singapore,2025-W32,1.0,0.0,79.0,0.0
Singapore,2025-W33,1.0,0.0,80.0,0.0
Singapore,2025-W34,0.0,0.0,80.0,0.0
Singapore,2025-W35,1.0,0.0,81.0,0.0
Singapore,2025-W36,0.0,0.0,81.0,0.0
Singapore,2025-W37,0.0,0.0,81.0,0.0
Singapore,2025-W38,0.0,0.0,81.0,0.0
Singapore,2025-W39,0.0,0.0,81.0,0.0
Singapore,2025-W40,0.0,0.0,81.0,0.0
Singapore,2025-W41,0.0,0.0,81.0,0.0
Singapore,2025-W42,0.0,0.0,81.0,0.0
Singapore,2025-W43,0.0,0.0,81.0,0.0
Singapore,2025-W44,0.0,0.0,81.0,0.0
Singapore,2025-W45,0.0,0.0,81.0,0.0
Singapore,2025-W46,4.0,0.0,85.0,0.0
Singapore,2025-W47,1.0,0.0,86.0,0.0
Singapore,2025-W48,2.0,0.0,88.0,0.0
Singapore,2025-W49,1.0,0.0,89.0,0.0
Singapore,2025-W50,0.0,0.0,89.0,0.0
Singapore,2025-W51,1.0,0.0,90.0,0.0
Singapore,2025-W52,0.0,0.0,90.0,0.0
Singapore,2026-W01,1.0,0.0,91.0,0.0
Slovakia,2022-W27,1.0,0.0,1.0,0.0
Slovakia,2022-W28,1.0,0.0,2.0,0.0
Slovakia,2022-W29,1.0,0.0,3.0,0.0
Slovakia,2022-W30,3.0,0.0,6.0,0.0
Slovakia,2022-W31,0.0,0.0,6.0,0.0
Slovakia,2022-W32,4.0,0.0,10.0,0.0
Slovakia,2022-W33,0.0,0.0,10.0,0.0
Slovakia,2022-W34,2.0,0.0,12.0,0.0
Slovakia,2022-W35,2.0,0.0,14.0,0.0
Slovakia,2022-W36,0.0,0.0,14.0,0.0
Slovakia,2022-W37,0.0,0.0,14.0,0.0
Slovakia,2022-W38,0.0,0.0,14.0,0.0
Slovakia,2022-W39,0.0,0.0,14.0,0.0
Slovakia,2022-W40,0.0,0.0,14.0,0.0
Slovakia,2022-W41,0.0,0.0,14.0,0.0
Slovakia,2022-W42,0.0,0.0,14.0,0.0
Slovakia,2022-W43,0.0,0.0,14.0,0.0
Slovakia,2022-W44,0.0,0.0,14.0,0.0
Slovakia,2022-W45,0.0,0.0,14.0,0.0
Slovakia,2022-W46,0.0,0.0,14.0,0.0
Slovakia,2022-W47,0.0,0.0,14.0,0.0
Slovakia,2022-W48,0.0,0.0,14.0,0.0
Slovakia,2022-W49,0.0,0.0,14.0,0.0
Slovakia,2022-W50,0.0,0.0,14.0,0.0
Slovakia,2022-W51,0.0,0.0,14.0,0.0
Slovakia,2022-W52,0.0,0.0,14.0,0.0
Slovakia,2023-W01,0.0,0.0,14.0,0.0
Slovakia,2023-W02,0.0,0.0,14.0,0.0
Slovakia,2023-W03,0.0,0.0,14.0,0.0
Slovakia,2023-W04,0.0,0.0,14.0,0.0
Slovakia,2023-W05,0.0,0.0,14.0,0.0
Slovakia,2023-W06,0.0,0.0,14.0,0.0
Slovakia,2023-W07,0.0,0.0,14.0,0.0
Slovakia,2023-W08,0.0,0.0,14.0,0.0
Slovakia,2023-W09,0.0,0.0,14.0,0.0
Slovakia,2023-W10,0.0,0.0,14.0,0.0
Slovakia,2023-W11,0.0,0.0,14.0,0.0
Slovakia,2023-W12,0.0,0.0,14.0,0.0
Slovakia,2023-W13,0.0,0.0,14.0,0.0
Slovakia,2023-W14,0.0,0.0,14.0,0.0
Slovakia,2023-W15,0.0,0.0,14.0,0.0
Slovakia,2023-W16,0.0,0.0,14.0,0.0
Slovakia,2023-W17,0.0,0.0,14.0,0.0
Slovakia,2023-W18,0.0,0.0,14.0,0.0
Slovakia,2023-W19,0.0,0.0,14.0,0.0
Slovakia,2023-W20,0.0,0.0,14.0,0.0
Slovakia,2023-W21,0.0,0.0,14.0,0.0
Slovakia,2023-W22,0.0,0.0,14.0,0.0
Slovakia,2023-W23,0.0,0.0,14.0,0.0
Slovakia,2023-W24,0.0,0.0,14.0,0.0
Slovakia,2023-W25,0.0,0.0,14.0,0.0
Slovakia,2023-W26,0.0,0.0,14.0,0.0
Slovakia,2023-W27,0.0,0.0,14.0,0.0
Slovakia,2023-W28,0.0,0.0,14.0,0.0
Slovakia,2023-W29,0.0,0.0,14.0,0.0
Slovakia,2023-W30,0.0,0.0,14.0,0.0
Slovakia,2023-W31,0.0,0.0,14.0,0.0
Slovakia,2023-W32,0.0,0.0,14.0,0.0
Slovakia,2023-W33,0.0,0.0,14.0,0.0
Slovakia,2023-W34,0.0,0.0,14.0,0.0
Slovakia,2023-W35,0.0,0.0,14.0,0.0
Slovakia,2023-W36,0.0,0.0,14.0,0.0
Slovakia,2023-W37,0.0,0.0,14.0,0.0
Slovakia,2023-W38,0.0,0.0,14.0,0.0
Slovakia,2023-W39,0.0,0.0,14.0,0.0
Slovakia,2023-W40,0.0,0.0,14.0,0.0
Slovakia,2023-W41,0.0,0.0,14.0,0.0
Slovakia,2023-W42,0.0,0.0,14.0,0.0
Slovakia,2023-W43,0.0,0.0,14.0,0.0
Slovakia,2023-W44,0.0,0.0,14.0,0.0
Slovakia,2023-W45,0.0,0.0,14.0,0.0
Slovakia,2023-W46,0.0,0.0,14.0,0.0
Slovakia,2023-W47,0.0,0.0,14.0,0.0
Slovakia,2023-W48,0.0,0.0,14.0,0.0
Slovakia,2023-W49,0.0,0.0,14.0,0.0
Slovakia,2023-W50,0.0,0.0,14.0,0.0
Slovakia,2023-W51,0.0,0.0,14.0,0.0
Slovakia,2023-W52,0.0,0.0,14.0,0.0
Slovakia,2024-W01,0.0,0.0,14.0,0.0
Slovakia,2024-W02,0.0,0.0,14.0,0.0
Slovakia,2024-W03,0.0,0.0,14.0,0.0
Slovakia,2024-W04,0.0,0.0,14.0,0.0
Slovakia,2024-W05,2.0,0.0,16.0,0.0
Slovakia,2024-W06,0.0,0.0,16.0,0.0
Slovakia,2024-W07,0.0,0.0,16.0,0.0
Slovakia,2024-W08,0.0,0.0,16.0,0.0
Slovakia,2024-W09,0.0,0.0,16.0,0.0
Slovakia,2024-W10,0.0,0.0,16.0,0.0
Slovakia,2024-W11,0.0,0.0,16.0,0.0
Slovakia,2024-W12,0.0,0.0,16.0,0.0
Slovakia,2024-W13,0.0,0.0,16.0,0.0
Slovakia,2024-W14,0.0,0.0,16.0,0.0
Slovakia,2024-W15,0.0,0.0,16.0,0.0
Slovakia,2024-W16,0.0,0.0,16.0,0.0
Slovakia,2024-W17,0.0,0.0,16.0,0.0
Slovakia,2024-W18,0.0,0.0,16.0,0.0
Slovakia,2024-W19,0.0,0.0,16.0,0.0
Slovakia,2024-W20,0.0,0.0,16.0,0.0
Slovakia,2024-W21,0.0,0.0,16.0,0.0
Slovakia,2024-W22,0.0,0.0,16.0,0.0
Slovakia,2024-W23,0.0,0.0,16.0,0.0
Slovakia,2024-W24,0.0,0.0,16.0,0.0
Slovakia,2024-W25,0.0,0.0,16.0,0.0
Slovakia,2024-W26,0.0,0.0,16.0,0.0
Slovakia,2024-W27,0.0,0.0,16.0,0.0
Slovakia,2024-W28,0.0,0.0,16.0,0.0
Slovakia,2024-W29,0.0,0.0,16.0,0.0
Slovakia,2024-W30,0.0,0.0,16.0,0.0
Slovakia,2024-W31,0.0,0.0,16.0,0.0
Slovakia,2024-W32,0.0,0.0,16.0,0.0
Slovakia,2024-W33,0.0,0.0,16.0,0.0
Slovakia,2024-W34,0.0,0.0,16.0,0.0
Slovakia,2024-W35,0.0,0.0,16.0,0.0
Slovakia,2024-W36,0.0,0.0,16.0,0.0
Slovakia,2024-W37,0.0,0.0,16.0,0.0
Slovakia,2024-W38,0.0,0.0,16.0,0.0
Slovakia,2024-W39,0.0,0.0,16.0,0.0
Slovakia,2024-W40,0.0,0.0,16.0,0.0
Slovakia,2024-W41,0.0,0.0,16.0,0.0
Slovakia,2024-W42,0.0,0.0,16.0,0.0
Slovakia,2024-W43,0.0,0.0,16.0,0.0
Slovakia,2024-W44,0.0,0.0,16.0,0.0
Slovakia,2024-W45,0.0,0.0,16.0,0.0
Slovakia,2024-W46,0.0,0.0,16.0,0.0
Slovakia,2024-W47,0.0,0.0,16.0,0.0
Slovakia,2024-W48,2.0,0.0,18.0,0.0
Slovakia,2024-W49,0.0,0.0,18.0,0.0
Slovakia,2024-W50,0.0,0.0,18.0,0.0
Slovakia,2024-W51,0.0,0.0,18.0,0.0
Slovakia,2024-W52,0.0,0.0,18.0,0.0
Slovakia,2025-W01,0.0,0.0,18.0,0.0
Slovakia,2025-W02,1.0,0.0,19.0,0.0
Slovakia,2025-W03,0.0,0.0,19.0,0.0
Slovakia,2025-W04,0.0,0.0,19.0,0.0
Slovakia,2025-W05,0.0,0.0,19.0,0.0
Slovakia,2025-W06,0.0,0.0,19.0,0.0
Slovakia,2025-W07,0.0,0.0,19.0,0.0
Slovakia,2025-W08,0.0,0.0,19.0,0.0
Slovakia,2025-W09,0.0,0.0,19.0,0.0
Slovakia,2025-W10,0.0,0.0,19.0,0.0
Slovakia,2025-W11,0.0,0.0,19.0,0.0
Slovakia,2025-W12,0.0,0.0,19.0,0.0
Slovakia,2025-W13,0.0,0.0,19.0,0.0
Slovakia,2025-W14,0.0,0.0,19.0,0.0
Slovakia,2025-W15,0.0,0.0,19.0,0.0
Slovakia,2025-W16,0.0,0.0,19.0,0.0
Slovakia,2025-W17,0.0,0.0,19.0,0.0
Slovakia,2025-W18,0.0,0.0,19.0,0.0
Slovakia,2025-W19,0.0,0.0,19.0,0.0
Slovakia,2025-W20,0.0,0.0,19.0,0.0
Slovakia,2025-W21,0.0,0.0,19.0,0.0
Slovakia,2025-W22,0.0,0.0,19.0,0.0
Slovakia,2025-W23,0.0,0.0,19.0,0.0
Slovakia,2025-W24,0.0,0.0,19.0,0.0
Slovakia,2025-W25,0.0,0.0,19.0,0.0
Slovakia,2025-W26,0.0,0.0,19.0,0.0
Slovakia,2025-W27,0.0,0.0,19.0,0.0
Slovakia,2025-W28,0.0,0.0,19.0,0.0
Slovakia,2025-W29,0.0,0.0,19.0,0.0
Slovakia,2025-W30,0.0,0.0,19.0,0.0
Slovakia,2025-W31,0.0,0.0,19.0,0.0
Slovakia,2025-W32,0.0,0.0,19.0,0.0
Slovakia,2025-W33,0.0,0.0,19.0,0.0
Slovakia,2025-W34,0.0,0.0,19.0,0.0
Slovakia,2025-W35,0.0,0.0,19.0,0.0
Slovakia,2025-W36,0.0,0.0,19.0,0.0
Slovakia,2025-W37,0.0,0.0,19.0,0.0
Slovakia,2025-W38,0.0,0.0,19.0,0.0
Slovakia,2025-W39,0.0,0.0,19.0,0.0
Slovakia,2025-W40,0.0,0.0,19.0,0.0
Slovakia,2025-W41,0.0,0.0,19.0,0.0
Slovakia,2025-W42,0.0,0.0,19.0,0.0
Slovakia,2025-W43,0.0,0.0,19.0,0.0
Slovakia,2025-W44,0.0,0.0,19.0,0.0
Slovakia,2025-W45,0.0,0.0,19.0,0.0
Slovakia,2025-W46,0.0,0.0,19.0,0.0
Slovakia,2025-W47,0.0,0.0,19.0,0.0
Slovakia,2025-W48,0.0,0.0,19.0,0.0
Slovakia,2025-W49,0.0,0.0,19.0,0.0
Slovakia,2025-W50,0.0,0.0,19.0,0.0
Slovakia,2025-W51,0.0,0.0,19.0,0.0
Slovakia,2025-W52,0.0,0.0,19.0,0.0
Slovenia,2022-W21,2.0,0.0,2.0,0.0
Slovenia,2022-W22,1.0,0.0,3.0,0.0
Slovenia,2022-W23,3.0,0.0,6.0,0.0
Slovenia,2022-W24,1.0,0.0,7.0,0.0
Slovenia,2022-W25,2.0,0.0,9.0,0.0
Slovenia,2022-W26,0.0,0.0,9.0,0.0
Slovenia,2022-W27,9.0,0.0,18.0,0.0
Slovenia,2022-W28,2.0,0.0,20.0,0.0
Slovenia,2022-W29,7.0,0.0,27.0,0.0
Slovenia,2022-W30,6.0,0.0,33.0,0.0
Slovenia,2022-W31,4.0,0.0,37.0,0.0
Slovenia,2022-W32,6.0,0.0,43.0,0.0
Slovenia,2022-W33,0.0,0.0,43.0,0.0
Slovenia,2022-W34,0.0,0.0,43.0,0.0
Slovenia,2022-W35,1.0,0.0,44.0,0.0
Slovenia,2022-W36,2.0,0.0,46.0,0.0
Slovenia,2022-W37,0.0,0.0,46.0,0.0
Slovenia,2022-W38,0.0,0.0,46.0,0.0
Slovenia,2022-W39,1.0,0.0,47.0,0.0
Slovenia,2022-W40,0.0,0.0,47.0,0.0
Slovenia,2022-W41,0.0,0.0,47.0,0.0
Slovenia,2022-W42,0.0,0.0,47.0,0.0
Slovenia,2022-W43,0.0,0.0,47.0,0.0
Slovenia,2022-W44,0.0,0.0,47.0,0.0
Slovenia,2022-W45,0.0,0.0,47.0,0.0
Slovenia,2022-W46,0.0,0.0,47.0,0.0
Slovenia,2022-W47,0.0,0.0,47.0,0.0
Slovenia,2022-W48,0.0,0.0,47.0,0.0
Slovenia,2022-W49,0.0,0.0,47.0,0.0
Slovenia,2022-W50,0.0,0.0,47.0,0.0
Slovenia,2022-W51,0.0,0.0,47.0,0.0
Slovenia,2022-W52,0.0,0.0,47.0,0.0
Slovenia,2023-W01,0.0,0.0,47.0,0.0
Slovenia,2023-W02,0.0,0.0,47.0,0.0
Slovenia,2023-W03,0.0,0.0,47.0,0.0
Slovenia,2023-W04,0.0,0.0,47.0,0.0
Slovenia,2023-W05,0.0,0.0,47.0,0.0
Slovenia,2023-W06,0.0,0.0,47.0,0.0
Slovenia,2023-W07,0.0,0.0,47.0,0.0
Slovenia,2023-W08,0.0,0.0,47.0,0.0
Slovenia,2023-W09,0.0,0.0,47.0,0.0
Slovenia,2023-W10,0.0,0.0,47.0,0.0
Slovenia,2023-W11,0.0,0.0,47.0,0.0
Slovenia,2023-W12,0.0,0.0,47.0,0.0
Slovenia,2023-W13,0.0,0.0,47.0,0.0
Slovenia,2023-W14,0.0,0.0,47.0,0.0
Slovenia,2023-W15,0.0,0.0,47.0,0.0
Slovenia,2023-W16,0.0,0.0,47.0,0.0
Slovenia,2023-W17,0.0,0.0,47.0,0.0
Slovenia,2023-W18,0.0,0.0,47.0,0.0
Slovenia,2023-W19,0.0,0.0,47.0,0.0
Slovenia,2023-W20,0.0,0.0,47.0,0.0
Slovenia,2023-W21,0.0,0.0,47.0,0.0
Slovenia,2023-W22,0.0,0.0,47.0,0.0
Slovenia,2023-W23,0.0,0.0,47.0,0.0
Slovenia,2023-W24,0.0,0.0,47.0,0.0
Slovenia,2023-W25,0.0,0.0,47.0,0.0
Slovenia,2023-W26,0.0,0.0,47.0,0.0
Slovenia,2023-W27,0.0,0.0,47.0,0.0
Slovenia,2023-W28,0.0,0.0,47.0,0.0
Slovenia,2023-W29,0.0,0.0,47.0,0.0
Slovenia,2023-W30,0.0,0.0,47.0,0.0
Slovenia,2023-W31,0.0,0.0,47.0,0.0
Slovenia,2023-W32,0.0,0.0,47.0,0.0
Slovenia,2023-W33,0.0,0.0,47.0,0.0
Slovenia,2023-W34,0.0,0.0,47.0,0.0
Slovenia,2023-W35,0.0,0.0,47.0,0.0
Slovenia,2023-W36,0.0,0.0,47.0,0.0
Slovenia,2023-W37,0.0,0.0,47.0,0.0
Slovenia,2023-W38,0.0,0.0,47.0,0.0
Slovenia,2023-W39,0.0,0.0,47.0,0.0
Slovenia,2023-W40,0.0,0.0,47.0,0.0
Slovenia,2023-W41,0.0,0.0,47.0,0.0
Slovenia,2023-W42,0.0,0.0,47.0,0.0
Slovenia,2023-W43,0.0,0.0,47.0,0.0
Slovenia,2023-W44,0.0,0.0,47.0,0.0
Slovenia,2023-W45,0.0,0.0,47.0,0.0
Slovenia,2023-W46,0.0,0.0,47.0,0.0
Slovenia,2023-W47,0.0,0.0,47.0,0.0
Slovenia,2023-W48,0.0,0.0,47.0,0.0
Slovenia,2023-W49,0.0,0.0,47.0,0.0
Slovenia,2023-W50,0.0,0.0,47.0,0.0
Slovenia,2023-W51,0.0,0.0,47.0,0.0
Slovenia,2023-W52,0.0,0.0,47.0,0.0
Slovenia,2024-W01,0.0,0.0,47.0,0.0
Slovenia,2024-W02,0.0,0.0,47.0,0.0
Slovenia,2024-W03,0.0,0.0,47.0,0.0
Slovenia,2024-W04,0.0,0.0,47.0,0.0
Slovenia,2024-W05,0.0,0.0,47.0,0.0
Slovenia,2024-W06,0.0,0.0,47.0,0.0
Slovenia,2024-W07,0.0,0.0,47.0,0.0
Slovenia,2024-W08,0.0,0.0,47.0,0.0
Slovenia,2024-W09,0.0,0.0,47.0,0.0
Slovenia,2024-W10,0.0,0.0,47.0,0.0
Slovenia,2024-W11,0.0,0.0,47.0,0.0
Slovenia,2024-W12,0.0,0.0,47.0,0.0
Slovenia,2024-W13,0.0,0.0,47.0,0.0
Slovenia,2024-W14,0.0,0.0,47.0,0.0
Slovenia,2024-W15,0.0,0.0,47.0,0.0
Slovenia,2024-W16,0.0,0.0,47.0,0.0
Slovenia,2024-W17,0.0,0.0,47.0,0.0
Slovenia,2024-W18,0.0,0.0,47.0,0.0
Slovenia,2024-W19,0.0,0.0,47.0,0.0
Slovenia,2024-W20,0.0,0.0,47.0,0.0
Slovenia,2024-W21,0.0,0.0,47.0,0.0
Slovenia,2024-W22,0.0,0.0,47.0,0.0
Slovenia,2024-W23,0.0,0.0,47.0,0.0
Slovenia,2024-W24,0.0,0.0,47.0,0.0
Slovenia,2024-W25,0.0,0.0,47.0,0.0
Slovenia,2024-W26,0.0,0.0,47.0,0.0
Slovenia,2024-W27,0.0,0.0,47.0,0.0
Slovenia,2024-W28,0.0,0.0,47.0,0.0
Slovenia,2024-W29,0.0,0.0,47.0,0.0
Slovenia,2024-W30,0.0,0.0,47.0,0.0
Slovenia,2024-W31,0.0,0.0,47.0,0.0
Slovenia,2024-W32,0.0,0.0,47.0,0.0
Slovenia,2024-W33,0.0,0.0,47.0,0.0
Slovenia,2024-W34,0.0,0.0,47.0,0.0
Slovenia,2024-W35,0.0,0.0,47.0,0.0
Slovenia,2024-W36,0.0,0.0,47.0,0.0
Slovenia,2024-W37,0.0,0.0,47.0,0.0
Slovenia,2024-W38,0.0,0.0,47.0,0.0
Slovenia,2024-W39,0.0,0.0,47.0,0.0
Slovenia,2024-W40,0.0,0.0,47.0,0.0
Slovenia,2024-W41,0.0,0.0,47.0,0.0
Slovenia,2024-W42,0.0,0.0,47.0,0.0
Slovenia,2024-W43,0.0,0.0,47.0,0.0
Slovenia,2024-W44,0.0,0.0,47.0,0.0
Slovenia,2024-W45,0.0,0.0,47.0,0.0
Slovenia,2024-W46,0.0,0.0,47.0,0.0
Slovenia,2024-W47,0.0,0.0,47.0,0.0
Slovenia,2024-W48,0.0,0.0,47.0,0.0
Slovenia,2024-W49,0.0,0.0,47.0,0.0
Slovenia,2024-W50,0.0,0.0,47.0,0.0
Slovenia,2024-W51,0.0,0.0,47.0,0.0
Slovenia,2024-W52,0.0,0.0,47.0,0.0
Slovenia,2025-W01,0.0,0.0,47.0,0.0
Slovenia,2025-W02,0.0,0.0,47.0,0.0
Slovenia,2025-W03,0.0,0.0,47.0,0.0
Slovenia,2025-W04,0.0,0.0,47.0,0.0
Slovenia,2025-W05,0.0,0.0,47.0,0.0
Slovenia,2025-W06,0.0,0.0,47.0,0.0
Slovenia,2025-W07,0.0,0.0,47.0,0.0
Slovenia,2025-W08,0.0,0.0,47.0,0.0
Slovenia,2025-W09,0.0,0.0,47.0,0.0
Slovenia,2025-W10,0.0,0.0,47.0,0.0
Slovenia,2025-W11,0.0,0.0,47.0,0.0
Slovenia,2025-W12,0.0,0.0,47.0,0.0
Slovenia,2025-W13,0.0,0.0,47.0,0.0
Slovenia,2025-W14,0.0,0.0,47.0,0.0
Slovenia,2025-W15,0.0,0.0,47.0,0.0
Slovenia,2025-W16,0.0,0.0,47.0,0.0
Slovenia,2025-W17,0.0,0.0,47.0,0.0
Slovenia,2025-W18,0.0,0.0,47.0,0.0
Slovenia,2025-W19,0.0,0.0,47.0,0.0
Slovenia,2025-W20,0.0,0.0,47.0,0.0
Slovenia,2025-W21,0.0,0.0,47.0,0.0
Slovenia,2025-W22,0.0,0.0,47.0,0.0
Slovenia,2025-W23,0.0,0.0,47.0,0.0
Slovenia,2025-W24,0.0,0.0,47.0,0.0
Slovenia,2025-W25,0.0,0.0,47.0,0.0
Slovenia,2025-W26,0.0,0.0,47.0,0.0
Slovenia,2025-W27,0.0,0.0,47.0,0.0
Slovenia,2025-W28,1.0,0.0,48.0,0.0
Slovenia,2025-W29,0.0,0.0,48.0,0.0
Slovenia,2025-W30,0.0,0.0,48.0,0.0
Slovenia,2025-W31,0.0,0.0,48.0,0.0
Slovenia,2025-W32,0.0,0.0,48.0,0.0
Slovenia,2025-W33,0.0,0.0,48.0,0.0
Slovenia,2025-W34,0.0,0.0,48.0,0.0
Slovenia,2025-W35,0.0,0.0,48.0,0.0
Slovenia,2025-W36,0.0,0.0,48.0,0.0
Slovenia,2025-W37,0.0,0.0,48.0,0.0
Slovenia,2025-W38,0.0,0.0,48.0,0.0
Slovenia,2025-W39,0.0,0.0,48.0,0.0
Slovenia,2025-W40,0.0,0.0,48.0,0.0
Slovenia,2025-W41,0.0,0.0,48.0,0.0
Slovenia,2025-W42,0.0,0.0,48.0,0.0
Slovenia,2025-W43,0.0,0.0,48.0,0.0
Slovenia,2025-W44,0.0,0.0,48.0,0.0
Slovenia,2025-W45,0.0,0.0,48.0,0.0
Slovenia,2025-W46,0.0,0.0,48.0,0.0
Slovenia,2025-W47,0.0,0.0,48.0,0.0
Slovenia,2025-W48,0.0,0.0,48.0,0.0
Slovenia,2025-W49,0.0,0.0,48.0,0.0
Slovenia,2025-W50,0.0,0.0,48.0,0.0
Slovenia,2025-W51,0.0,0.0,48.0,0.0
Slovenia,2025-W52,0.0,0.0,48.0,0.0
South Africa,2022-W17,0.0,0.0,0.0,0.0
South Africa,2022-W18,0.0,0.0,0.0,0.0
South Africa,2022-W19,0.0,0.0,0.0,0.0
South Africa,2022-W20,0.0,0.0,0.0,0.0
South Africa,2022-W21,0.0,0.0,0.0,0.0
South Africa,2022-W22,0.0,0.0,0.0,0.0
South Africa,2022-W23,0.0,0.0,0.0,0.0
South Africa,2022-W24,0.0,0.0,0.0,0.0
South Africa,2022-W25,0.0,0.0,0.0,0.0
South Africa,2022-W26,1.0,0.0,1.0,0.0
South Africa,2022-W27,0.0,0.0,1.0,0.0
South Africa,2022-W28,1.0,0.0,2.0,0.0
South Africa,2022-W29,0.0,0.0,2.0,0.0
South Africa,2022-W30,1.0,0.0,3.0,0.0
South Africa,2022-W31,0.0,0.0,3.0,0.0
South Africa,2022-W32,0.0,0.0,3.0,0.0
South Africa,2022-W33,1.0,0.0,4.0,0.0
South Africa,2022-W34,1.0,0.0,5.0,0.0
South Africa,2022-W35,0.0,0.0,5.0,0.0
South Africa,2022-W36,0.0,0.0,5.0,0.0
South Africa,2022-W37,0.0,0.0,5.0,0.0
South Africa,2022-W38,0.0,0.0,5.0,0.0
South Africa,2022-W39,0.0,0.0,5.0,0.0
South Africa,2022-W40,0.0,0.0,5.0,0.0
South Africa,2022-W41,0.0,0.0,5.0,0.0
South Africa,2022-W42,0.0,0.0,5.0,0.0
South Africa,2022-W43,0.0,0.0,5.0,0.0
South Africa,2022-W44,0.0,0.0,5.0,0.0
South Africa,2022-W45,0.0,0.0,5.0,0.0
South Africa,2022-W46,0.0,0.0,5.0,0.0
South Africa,2022-W47,0.0,0.0,5.0,0.0
South Africa,2022-W48,0.0,0.0,5.0,0.0
South Africa,2022-W49,0.0,0.0,5.0,0.0
South Africa,2022-W50,0.0,0.0,5.0,0.0
South Africa,2022-W51,0.0,0.0,5.0,0.0
South Africa,2022-W52,0.0,0.0,5.0,0.0
South Africa,2023-W01,0.0,0.0,5.0,0.0
South Africa,2023-W02,0.0,0.0,5.0,0.0
South Africa,2023-W03,0.0,0.0,5.0,0.0
South Africa,2023-W04,0.0,0.0,5.0,0.0
South Africa,2023-W05,0.0,0.0,5.0,0.0
South Africa,2023-W06,0.0,0.0,5.0,0.0
South Africa,2023-W07,0.0,0.0,5.0,0.0
South Africa,2023-W08,0.0,0.0,5.0,0.0
South Africa,2023-W09,0.0,0.0,5.0,0.0
South Africa,2023-W10,0.0,0.0,5.0,0.0
South Africa,2023-W11,0.0,0.0,5.0,0.0
South Africa,2023-W12,0.0,0.0,5.0,0.0
South Africa,2023-W13,0.0,0.0,5.0,0.0
South Africa,2023-W14,0.0,0.0,5.0,0.0
South Africa,2023-W15,0.0,0.0,5.0,0.0
South Africa,2023-W16,0.0,0.0,5.0,0.0
South Africa,2023-W17,0.0,0.0,5.0,0.0
South Africa,2023-W18,0.0,0.0,5.0,0.0
South Africa,2023-W19,0.0,0.0,5.0,0.0
South Africa,2023-W20,0.0,0.0,5.0,0.0
South Africa,2023-W21,0.0,0.0,5.0,0.0
South Africa,2023-W22,0.0,0.0,5.0,0.0
South Africa,2023-W23,0.0,0.0,5.0,0.0
South Africa,2023-W24,0.0,0.0,5.0,0.0
South Africa,2023-W25,0.0,0.0,5.0,0.0
South Africa,2023-W26,0.0,0.0,5.0,0.0
South Africa,2023-W27,0.0,0.0,5.0,0.0
South Africa,2023-W28,0.0,0.0,5.0,0.0
South Africa,2023-W29,0.0,0.0,5.0,0.0
South Africa,2023-W30,0.0,0.0,5.0,0.0
South Africa,2023-W31,0.0,0.0,5.0,0.0
South Africa,2023-W32,0.0,0.0,5.0,0.0
South Africa,2023-W33,0.0,0.0,5.0,0.0
South Africa,2023-W34,0.0,0.0,5.0,0.0
South Africa,2023-W35,0.0,0.0,5.0,0.0
South Africa,2023-W36,0.0,0.0,5.0,0.0
South Africa,2023-W37,0.0,0.0,5.0,0.0
South Africa,2023-W38,0.0,0.0,5.0,0.0
South Africa,2023-W39,0.0,0.0,5.0,0.0
South Africa,2023-W40,0.0,0.0,5.0,0.0
South Africa,2023-W41,0.0,0.0,5.0,0.0
South Africa,2023-W42,0.0,0.0,5.0,0.0
South Africa,2023-W43,0.0,0.0,5.0,0.0
South Africa,2023-W44,0.0,0.0,5.0,0.0
South Africa,2023-W45,0.0,0.0,5.0,0.0
South Africa,2023-W46,0.0,0.0,5.0,0.0
South Africa,2023-W47,0.0,0.0,5.0,0.0
South Africa,2023-W48,0.0,0.0,5.0,0.0
South Africa,2023-W49,0.0,0.0,5.0,0.0
South Africa,2023-W50,0.0,0.0,5.0,0.0
South Africa,2023-W51,0.0,0.0,5.0,0.0
South Africa,2023-W52,0.0,0.0,5.0,0.0
South Africa,2024-W01,0.0,0.0,5.0,0.0
South Africa,2024-W02,0.0,0.0,5.0,0.0
South Africa,2024-W03,0.0,0.0,5.0,0.0
South Africa,2024-W04,0.0,0.0,5.0,0.0
South Africa,2024-W05,0.0,0.0,5.0,0.0
South Africa,2024-W06,0.0,0.0,5.0,0.0
South Africa,2024-W07,0.0,0.0,5.0,0.0
South Africa,2024-W08,0.0,0.0,5.0,0.0
South Africa,2024-W09,0.0,0.0,5.0,0.0
South Africa,2024-W10,0.0,0.0,5.0,0.0
South Africa,2024-W11,0.0,0.0,5.0,0.0
South Africa,2024-W12,0.0,0.0,5.0,0.0
South Africa,2024-W13,0.0,0.0,5.0,0.0
South Africa,2024-W14,0.0,0.0,5.0,0.0
South Africa,2024-W15,0.0,0.0,5.0,0.0
South Africa,2024-W16,0.0,0.0,5.0,0.0
South Africa,2024-W17,0.0,0.0,5.0,0.0
South Africa,2024-W18,0.0,0.0,5.0,0.0
South Africa,2024-W19,1.0,0.0,6.0,0.0
South Africa,2024-W20,0.0,0.0,6.0,0.0
South Africa,2024-W21,1.0,1.0,7.0,1.0
South Africa,2024-W22,1.0,0.0,8.0,1.0
South Africa,2024-W23,2.0,1.0,10.0,2.0
South Africa,2024-W24,7.0,0.0,17.0,2.0
South Africa,2024-W25,4.0,1.0,21.0,3.0
South Africa,2024-W26,0.0,0.0,21.0,3.0
South Africa,2024-W27,4.0,0.0,25.0,3.0
South Africa,2024-W28,2.0,0.0,27.0,3.0
South Africa,2024-W29,0.0,0.0,27.0,3.0
South Africa,2024-W30,0.0,0.0,27.0,3.0
South Africa,2024-W31,2.0,0.0,29.0,3.0
South Africa,2024-W32,0.0,0.0,29.0,3.0
South Africa,2024-W33,0.0,0.0,29.0,3.0
South Africa,2024-W34,0.0,0.0,29.0,3.0
South Africa,2024-W35,0.0,0.0,29.0,3.0
South Africa,2024-W36,1.0,0.0,30.0,3.0
South Africa,2024-W37,0.0,0.0,30.0,3.0
South Africa,2024-W38,0.0,0.0,30.0,3.0
South Africa,2024-W39,0.0,0.0,30.0,3.0
South Africa,2024-W40,0.0,0.0,30.0,3.0
South Africa,2024-W41,0.0,0.0,30.0,3.0
South Africa,2024-W42,0.0,0.0,30.0,3.0
South Africa,2024-W43,0.0,0.0,30.0,3.0
South Africa,2024-W44,0.0,0.0,30.0,3.0
South Africa,2024-W45,0.0,0.0,30.0,3.0
South Africa,2024-W46,0.0,0.0,30.0,3.0
South Africa,2024-W47,0.0,0.0,30.0,3.0
South Africa,2024-W48,0.0,0.0,30.0,3.0
South Africa,2024-W49,0.0,0.0,30.0,3.0
South Africa,2024-W50,0.0,0.0,30.0,3.0
South Africa,2024-W51,0.0,0.0,30.0,3.0
South Africa,2024-W52,0.0,0.0,30.0,3.0
South Africa,2025-W01,0.0,0.0,30.0,3.0
South Africa,2025-W02,0.0,0.0,30.0,3.0
South Africa,2025-W03,0.0,0.0,30.0,3.0
South Africa,2025-W04,1.0,0.0,31.0,3.0
South Africa,2025-W05,0.0,0.0,31.0,3.0
South Africa,2025-W06,0.0,0.0,31.0,3.0
South Africa,2025-W07,1.0,0.0,32.0,3.0
South Africa,2025-W08,2.0,0.0,34.0,3.0
South Africa,2025-W09,1.0,0.0,35.0,3.0
South Africa,2025-W10,0.0,0.0,35.0,3.0
South Africa,2025-W11,1.0,0.0,36.0,3.0
South Africa,2025-W12,1.0,0.0,37.0,3.0
South Africa,2025-W13,1.0,0.0,38.0,3.0
South Africa,2025-W14,0.0,0.0,38.0,3.0
South Africa,2025-W15,0.0,0.0,38.0,3.0
South Africa,2025-W16,0.0,0.0,38.0,3.0
South Africa,2025-W17,0.0,0.0,38.0,3.0
South Africa,2025-W18,0.0,0.0,38.0,3.0
South Africa,2025-W19,0.0,0.0,38.0,3.0
South Africa,2025-W20,0.0,0.0,38.0,3.0
South Africa,2025-W21,0.0,0.0,38.0,3.0
South Africa,2025-W22,0.0,0.0,38.0,3.0
South Africa,2025-W23,0.0,0.0,38.0,3.0
South Africa,2025-W24,0.0,0.0,38.0,3.0
South Africa,2025-W25,2.0,0.0,40.0,3.0
South Africa,2025-W26,0.0,0.0,40.0,3.0
South Africa,2025-W27,0.0,0.0,40.0,3.0
South Africa,2025-W28,0.0,0.0,40.0,3.0
South Africa,2025-W29,0.0,0.0,40.0,3.0
South Africa,2025-W30,1.0,0.0,41.0,3.0
South Africa,2025-W31,0.0,0.0,41.0,3.0
South Africa,2025-W32,0.0,0.0,41.0,3.0
South Africa,2025-W33,0.0,0.0,41.0,3.0
South Africa,2025-W34,0.0,0.0,41.0,3.0
South Africa,2025-W35,0.0,0.0,41.0,3.0
South Africa,2025-W36,0.0,0.0,41.0,3.0
South Africa,2025-W37,0.0,0.0,41.0,3.0
South Africa,2025-W38,0.0,0.0,41.0,3.0
South Africa,2025-W39,0.0,0.0,41.0,3.0
South Africa,2025-W40,0.0,0.0,41.0,3.0
South Africa,2025-W41,0.0,0.0,41.0,3.0
South Africa,2025-W42,0.0,0.0,41.0,3.0
South Africa,2025-W43,1.0,0.0,42.0,3.0
South Africa,2025-W44,0.0,0.0,42.0,3.0
South Africa,2025-W45,0.0,0.0,42.0,3.0
South Africa,2025-W46,0.0,0.0,42.0,3.0
South Africa,2025-W47,0.0,0.0,42.0,3.0
South Africa,2025-W48,0.0,0.0,42.0,3.0
South Africa,2025-W49,0.0,0.0,42.0,3.0
South Africa,2025-W50,1.0,0.0,43.0,3.0
South Africa,2025-W51,1.0,0.0,44.0,3.0
South Africa,2025-W52,0.0,0.0,44.0,3.0
South America,2022-W19,1.0,0.0,1.0,0.0
South America,2022-W20,1.0,0.0,2.0,0.0
South America,2022-W21,3.0,0.0,5.0,0.0
South America,2022-W22,9.0,0.0,14.0,0.0
South America,2022-W23,13.0,0.0,27.0,0.0
South America,2022-W24,38.0,0.0,65.0,0.0
South America,2022-W25,120.0,0.0,185.0,0.0
South America,2022-W26,214.0,0.0,399.0,0.0
South America,2022-W27,386.0,2.0,785.0,2.0
South America,2022-W28,664.0,2.0,1449.0,4.0
South America,2022-W29,956.0,0.0,2405.0,4.0
South America,2022-W30,1259.0,3.0,3664.0,7.0
South America,2022-W31,1436.0,1.0,5100.0,8.0
South America,2022-W32,1548.0,5.0,6648.0,13.0
South America,2022-W33,1769.0,1.0,8417.0,14.0
South America,2022-W34,1592.0,1.0,10009.0,15.0
South America,2022-W35,1555.0,3.0,11564.0,18.0
South America,2022-W36,1593.0,1.0,13157.0,19.0
South America,2022-W37,1366.0,1.0,14523.0,20.0
South America,2022-W38,1262.0,2.0,15785.0,22.0
South America,2022-W39,1038.0,1.0,16823.0,23.0
South America,2022-W40,867.0,0.0,17690.0,23.0
South America,2022-W41,779.0,5.0,18469.0,28.0
South America,2022-W42,610.0,3.0,19079.0,31.0
South America,2022-W43,504.0,2.0,19583.0,33.0
South America,2022-W44,442.0,2.0,20025.0,35.0
South America,2022-W45,409.0,1.0,20434.0,36.0
South America,2022-W46,330.0,1.0,20764.0,37.0
South America,2022-W47,286.0,2.0,21050.0,39.0
South America,2022-W48,220.0,1.0,21270.0,40.0
South America,2022-W49,219.0,0.0,21489.0,40.0
South America,2022-W50,130.0,0.0,21619.0,40.0
South America,2022-W51,131.0,0.0,21750.0,40.0
South America,2022-W52,99.0,0.0,21849.0,40.0
South America,2023-W01,125.0,1.0,21974.0,41.0
South America,2023-W02,96.0,0.0,22070.0,41.0
South America,2023-W03,100.0,0.0,22170.0,41.0
South America,2023-W04,79.0,0.0,22249.0,41.0
South America,2023-W05,64.0,1.0,22313.0,42.0
South America,2023-W06,37.0,0.0,22350.0,42.0
South America,2023-W07,46.0,0.0,22396.0,42.0
South America,2023-W08,40.0,0.0,22436.0,42.0
South America,2023-W09,42.0,0.0,22478.0,42.0
South America,2023-W10,30.0,0.0,22508.0,42.0
South America,2023-W11,20.0,0.0,22528.0,42.0
South America,2023-W12,31.0,0.0,22559.0,42.0
South America,2023-W13,7.0,0.0,22566.0,42.0
South America,2023-W14,8.0,0.0,22574.0,42.0
South America,2023-W15,5.0,0.0,22579.0,42.0
South America,2023-W16,21.0,1.0,22600.0,43.0
South America,2023-W17,8.0,0.0,22608.0,43.0
South America,2023-W18,12.0,0.0,22620.0,43.0
South America,2023-W19,10.0,0.0,22630.0,43.0
South America,2023-W20,6.0,0.0,22636.0,43.0
South America,2023-W21,8.0,0.0,22644.0,43.0
South America,2023-W22,6.0,1.0,22650.0,44.0
South America,2023-W23,9.0,0.0,22659.0,44.0
South America,2023-W24,10.0,0.0,22669.0,44.0
South America,2023-W25,6.0,0.0,22675.0,44.0
South America,2023-W26,11.0,0.0,22686.0,44.0
South America,2023-W27,8.0,0.0,22694.0,44.0
South America,2023-W28,16.0,0.0,22710.0,44.0
South America,2023-W29,10.0,0.0,22720.0,44.0
South America,2023-W30,11.0,0.0,22731.0,44.0
South America,2023-W31,17.0,0.0,22748.0,44.0
South America,2023-W32,13.0,0.0,22761.0,44.0
South America,2023-W33,10.0,0.0,22771.0,44.0
South America,2023-W34,12.0,0.0,22783.0,44.0
South America,2023-W35,16.0,0.0,22799.0,44.0
South America,2023-W36,17.0,0.0,22816.0,44.0
South America,2023-W37,18.0,0.0,22834.0,44.0
South America,2023-W38,18.0,0.0,22852.0,44.0
South America,2023-W39,16.0,0.0,22868.0,44.0
South America,2023-W40,24.0,0.0,22892.0,44.0
South America,2023-W41,36.0,0.0,22928.0,44.0
South America,2023-W42,40.0,0.0,22968.0,44.0
South America,2023-W43,40.0,0.0,23008.0,44.0
South America,2023-W44,41.0,0.0,23049.0,44.0
South America,2023-W45,28.0,0.0,23077.0,44.0
South America,2023-W46,35.0,0.0,23112.0,44.0
South America,2023-W47,34.0,0.0,23146.0,44.0
South America,2023-W48,26.0,0.0,23172.0,44.0
South America,2023-W49,32.0,0.0,23204.0,44.0
South America,2023-W50,37.0,0.0,23241.0,44.0
South America,2023-W51,33.0,0.0,23274.0,44.0
South America,2023-W52,54.0,0.0,23328.0,44.0
South America,2024-W01,71.0,0.0,23399.0,44.0
South America,2024-W02,52.0,0.0,23451.0,44.0
South America,2024-W03,50.0,1.0,23501.0,45.0
South America,2024-W04,42.0,0.0,23543.0,45.0
South America,2024-W05,45.0,0.0,23588.0,45.0
South America,2024-W06,35.0,0.0,23623.0,45.0
South America,2024-W07,36.0,0.0,23659.0,45.0
South America,2024-W08,43.0,0.0,23702.0,45.0
South America,2024-W09,42.0,0.0,23744.0,45.0
South America,2024-W10,28.0,0.0,23772.0,45.0
South America,2024-W11,31.0,0.0,23803.0,45.0
South America,2024-W12,34.0,0.0,23837.0,45.0
South America,2024-W13,29.0,1.0,23866.0,46.0
South America,2024-W14,30.0,0.0,23896.0,46.0
South America,2024-W15,24.0,0.0,23920.0,46.0
South America,2024-W16,20.0,0.0,23940.0,46.0
South America,2024-W17,32.0,0.0,23972.0,46.0
South America,2024-W18,25.0,0.0,23997.0,46.0
South America,2024-W19,20.0,0.0,24017.0,46.0
South America,2024-W20,21.0,0.0,24038.0,46.0
South America,2024-W21,11.0,0.0,24049.0,46.0
South America,2024-W22,20.0,0.0,24069.0,46.0
South America,2024-W23,16.0,0.0,24085.0,46.0
South America,2024-W24,16.0,0.0,24101.0,46.0
South America,2024-W25,12.0,0.0,24113.0,46.0
South America,2024-W26,16.0,1.0,24129.0,47.0
South America,2024-W27,27.0,0.0,24156.0,47.0
South America,2024-W28,28.0,0.0,24184.0,47.0
South America,2024-W29,31.0,0.0,24215.0,47.0
South America,2024-W30,37.0,0.0,24252.0,47.0
South America,2024-W31,41.0,0.0,24293.0,47.0
South America,2024-W32,63.0,0.0,24356.0,47.0
South America,2024-W33,73.0,0.0,24429.0,47.0
South America,2024-W34,101.0,0.0,24530.0,47.0
South America,2024-W35,96.0,0.0,24626.0,47.0
South America,2024-W36,103.0,0.0,24729.0,47.0
South America,2024-W37,76.0,0.0,24805.0,47.0
South America,2024-W38,83.0,0.0,24888.0,47.0
South America,2024-W39,79.0,0.0,24967.0,47.0
South America,2024-W40,94.0,0.0,25061.0,47.0
South America,2024-W41,85.0,0.0,25146.0,47.0
South America,2024-W42,65.0,0.0,25211.0,47.0
South America,2024-W43,86.0,0.0,25297.0,47.0
South America,2024-W44,75.0,0.0,25372.0,47.0
South America,2024-W45,81.0,0.0,25453.0,47.0
South America,2024-W46,60.0,0.0,25513.0,47.0
South America,2024-W47,55.0,0.0,25568.0,47.0
South America,2024-W48,60.0,0.0,25628.0,47.0
South America,2024-W49,49.0,0.0,25677.0,47.0
South America,2024-W50,41.0,0.0,25718.0,47.0
South America,2024-W51,30.0,0.0,25748.0,47.0
South America,2024-W52,31.0,0.0,25779.0,47.0
South America,2025-W01,32.0,0.0,25811.0,47.0
South America,2025-W02,28.0,0.0,25839.0,47.0
South America,2025-W03,29.0,0.0,25868.0,47.0
South America,2025-W04,55.0,0.0,25923.0,47.0
South America,2025-W05,43.0,0.0,25966.0,47.0
South America,2025-W06,42.0,0.0,26008.0,47.0
South America,2025-W07,29.0,1.0,26037.0,48.0
South America,2025-W08,29.0,0.0,26066.0,48.0
South America,2025-W09,35.0,0.0,26101.0,48.0
South America,2025-W10,53.0,0.0,26154.0,48.0
South America,2025-W11,52.0,0.0,26206.0,48.0
South America,2025-W12,39.0,0.0,26245.0,48.0
South America,2025-W13,30.0,0.0,26275.0,48.0
South America,2025-W14,31.0,0.0,26306.0,48.0
South America,2025-W15,35.0,0.0,26341.0,48.0
South America,2025-W16,21.0,0.0,26362.0,48.0
South America,2025-W17,34.0,0.0,26396.0,48.0
South America,2025-W18,39.0,0.0,26435.0,48.0
South America,2025-W19,47.0,0.0,26482.0,48.0
South America,2025-W20,32.0,0.0,26514.0,48.0
South America,2025-W21,32.0,0.0,26546.0,48.0
South America,2025-W22,37.0,0.0,26583.0,48.0
South America,2025-W23,54.0,0.0,26637.0,48.0
South America,2025-W24,21.0,0.0,26658.0,48.0
South America,2025-W25,33.0,0.0,26691.0,48.0
South America,2025-W26,21.0,0.0,26712.0,48.0
South America,2025-W27,19.0,0.0,26731.0,48.0
South America,2025-W28,33.0,1.0,26764.0,49.0
South America,2025-W29,32.0,0.0,26796.0,49.0
South America,2025-W30,30.0,0.0,26826.0,49.0
South America,2025-W31,15.0,0.0,26841.0,49.0
South America,2025-W32,39.0,0.0,26880.0,49.0
South America,2025-W33,36.0,0.0,26916.0,49.0
South America,2025-W34,20.0,0.0,26936.0,49.0
South America,2025-W35,35.0,0.0,26971.0,49.0
South America,2025-W36,41.0,0.0,27012.0,49.0
South America,2025-W37,57.0,0.0,27069.0,49.0
South America,2025-W38,49.0,0.0,27118.0,49.0
South America,2025-W39,61.0,0.0,27179.0,49.0
South America,2025-W40,45.0,0.0,27224.0,49.0
South America,2025-W41,56.0,0.0,27280.0,49.0
South America,2025-W42,62.0,0.0,27342.0,49.0
South America,2025-W43,40.0,0.0,27382.0,49.0
South America,2025-W44,38.0,0.0,27420.0,49.0
South America,2025-W45,36.0,0.0,27456.0,49.0
South America,2025-W46,27.0,0.0,27483.0,49.0
South America,2025-W47,21.0,0.0,27504.0,49.0
South America,2025-W48,17.0,0.0,27521.0,49.0
South America,2025-W49,3.0,0.0,27524.0,49.0
South America,2025-W50,1.0,0.0,27525.0,49.0
South America,2025-W51,0.0,0.0,27525.0,49.0
South America,2025-W52,1.0,0.0,27526.0,49.0
South America,2026-W01,1.0,0.0,27527.0,49.0
South Korea,2022-W25,1.0,0.0,1.0,0.0
South Korea,2022-W26,0.0,0.0,1.0,0.0
South Korea,2022-W27,0.0,0.0,1.0,0.0
South Korea,2022-W28,0.0,0.0,1.0,0.0
South Korea,2022-W29,0.0,0.0,1.0,0.0
South Korea,2022-W30,0.0,0.0,1.0,0.0
South Korea,2022-W31,0.0,0.0,1.0,0.0
South Korea,2022-W32,0.0,0.0,1.0,0.0
South Korea,2022-W33,0.0,0.0,1.0,0.0
South Korea,2022-W34,0.0,0.0,1.0,0.0
South Korea,2022-W35,1.0,0.0,2.0,0.0
South Korea,2022-W36,0.0,0.0,2.0,0.0
South Korea,2022-W37,0.0,0.0,2.0,0.0
South Korea,2022-W38,0.0,0.0,2.0,0.0
South Korea,2022-W39,0.0,0.0,2.0,0.0
South Korea,2022-W40,0.0,0.0,2.0,0.0
South Korea,2022-W41,0.0,0.0,2.0,0.0
South Korea,2022-W42,0.0,0.0,2.0,0.0
South Korea,2022-W43,0.0,0.0,2.0,0.0
South Korea,2022-W44,0.0,0.0,2.0,0.0
South Korea,2022-W45,0.0,0.0,2.0,0.0
South Korea,2022-W46,1.0,0.0,3.0,0.0
South Korea,2022-W47,1.0,0.0,4.0,0.0
South Korea,2022-W48,0.0,0.0,4.0,0.0
South Korea,2022-W49,0.0,0.0,4.0,0.0
South Korea,2022-W50,0.0,0.0,4.0,0.0
South Korea,2022-W51,0.0,0.0,4.0,0.0
South Korea,2022-W52,0.0,0.0,4.0,0.0
South Korea,2023-W01,0.0,0.0,4.0,0.0
South Korea,2023-W02,0.0,0.0,4.0,0.0
South Korea,2023-W03,0.0,0.0,4.0,0.0
South Korea,2023-W04,0.0,0.0,4.0,0.0
South Korea,2023-W05,0.0,0.0,4.0,0.0
South Korea,2023-W06,0.0,0.0,4.0,0.0
South Korea,2023-W07,0.0,0.0,4.0,0.0
South Korea,2023-W08,0.0,0.0,4.0,0.0
South Korea,2023-W09,0.0,0.0,4.0,0.0
South Korea,2023-W10,0.0,0.0,4.0,0.0
South Korea,2023-W11,1.0,0.0,5.0,0.0
South Korea,2023-W12,0.0,0.0,5.0,0.0
South Korea,2023-W13,0.0,0.0,5.0,0.0
South Korea,2023-W14,1.0,0.0,6.0,0.0
South Korea,2023-W15,5.0,0.0,11.0,0.0
South Korea,2023-W16,11.0,0.0,22.0,0.0
South Korea,2023-W17,21.0,0.0,43.0,0.0
South Korea,2023-W18,17.0,0.0,60.0,0.0
South Korea,2023-W19,11.0,0.0,71.0,0.0
South Korea,2023-W20,9.0,0.0,80.0,0.0
South Korea,2023-W21,9.0,0.0,89.0,0.0
South Korea,2023-W22,6.0,0.0,95.0,0.0
South Korea,2023-W23,9.0,0.0,104.0,0.0
South Korea,2023-W24,0.0,0.0,104.0,0.0
South Korea,2023-W25,11.0,0.0,115.0,0.0
South Korea,2023-W26,2.0,0.0,117.0,0.0
South Korea,2023-W27,2.0,0.0,119.0,0.0
South Korea,2023-W28,1.0,0.0,120.0,0.0
South Korea,2023-W29,6.0,0.0,126.0,0.0
South Korea,2023-W30,0.0,0.0,126.0,0.0
South Korea,2023-W31,6.0,0.0,132.0,0.0
South Korea,2023-W32,2.0,0.0,134.0,0.0
South Korea,2023-W33,1.0,0.0,135.0,0.0
South Korea,2023-W34,0.0,0.0,135.0,0.0
South Korea,2023-W35,0.0,0.0,135.0,0.0
South Korea,2023-W36,6.0,0.0,141.0,0.0
South Korea,2023-W37,0.0,0.0,141.0,0.0
South Korea,2023-W38,0.0,0.0,141.0,0.0
South Korea,2023-W39,0.0,0.0,141.0,0.0
South Korea,2023-W40,3.0,0.0,144.0,0.0
South Korea,2023-W41,1.0,0.0,145.0,0.0
South Korea,2023-W42,4.0,0.0,149.0,0.0
South Korea,2023-W43,0.0,0.0,149.0,0.0
South Korea,2023-W44,1.0,0.0,150.0,0.0
South Korea,2023-W45,3.0,0.0,153.0,0.0
South Korea,2023-W46,0.0,0.0,153.0,0.0
South Korea,2023-W47,0.0,0.0,153.0,0.0
South Korea,2023-W48,2.0,0.0,155.0,0.0
South Korea,2023-W49,0.0,0.0,155.0,0.0
South Korea,2023-W50,0.0,0.0,155.0,0.0
South Korea,2023-W51,0.0,0.0,155.0,0.0
South Korea,2023-W52,0.0,0.0,155.0,0.0
South Korea,2024-W01,0.0,0.0,155.0,0.0
South Korea,2024-W02,0.0,0.0,155.0,0.0
South Korea,2024-W03,0.0,0.0,155.0,0.0
South Korea,2024-W04,0.0,0.0,155.0,0.0
South Korea,2024-W05,0.0,0.0,155.0,0.0
South Korea,2024-W06,0.0,0.0,155.0,0.0
South Korea,2024-W07,0.0,0.0,155.0,0.0
South Korea,2024-W08,0.0,0.0,155.0,0.0
South Korea,2024-W09,0.0,0.0,155.0,0.0
South Korea,2024-W10,0.0,0.0,155.0,0.0
South Korea,2024-W11,0.0,0.0,155.0,0.0
South Korea,2024-W12,0.0,0.0,155.0,0.0
South Korea,2024-W13,0.0,0.0,155.0,0.0
South Korea,2024-W14,0.0,0.0,155.0,0.0
South Korea,2024-W15,0.0,0.0,155.0,0.0
South Korea,2024-W16,0.0,0.0,155.0,0.0
South Korea,2024-W17,1.0,0.0,156.0,0.0
South Korea,2024-W18,0.0,0.0,156.0,0.0
South Korea,2024-W19,0.0,0.0,156.0,0.0
South Korea,2024-W20,0.0,0.0,156.0,0.0
South Korea,2024-W21,0.0,0.0,156.0,0.0
South Korea,2024-W22,0.0,0.0,156.0,0.0
South Korea,2024-W23,0.0,0.0,156.0,0.0
South Korea,2024-W24,0.0,0.0,156.0,0.0
South Korea,2024-W25,0.0,0.0,156.0,0.0
South Korea,2024-W26,3.0,0.0,159.0,0.0
South Korea,2024-W27,0.0,0.0,159.0,0.0
South Korea,2024-W28,2.0,0.0,161.0,0.0
South Korea,2024-W29,0.0,0.0,161.0,0.0
South Korea,2024-W30,0.0,0.0,161.0,0.0
South Korea,2024-W31,4.0,0.0,165.0,0.0
South Korea,2024-W32,0.0,0.0,165.0,0.0
South Korea,2024-W33,0.0,0.0,165.0,0.0
South Korea,2024-W34,1.0,0.0,166.0,0.0
South Korea,2024-W35,0.0,0.0,166.0,0.0
South Korea,2024-W36,0.0,0.0,166.0,0.0
South Korea,2024-W37,2.0,0.0,168.0,0.0
South Korea,2024-W38,0.0,0.0,168.0,0.0
South Korea,2024-W39,0.0,0.0,168.0,0.0
South Korea,2024-W40,0.0,0.0,168.0,0.0
South Korea,2024-W41,0.0,0.0,168.0,0.0
South Korea,2024-W42,0.0,0.0,168.0,0.0
South Korea,2024-W43,0.0,0.0,168.0,0.0
South Korea,2024-W44,1.0,0.0,169.0,0.0
South Korea,2024-W45,0.0,0.0,169.0,0.0
South Korea,2024-W46,3.0,0.0,172.0,0.0
South Korea,2024-W47,0.0,0.0,172.0,0.0
South Korea,2024-W48,0.0,0.0,172.0,0.0
South Korea,2024-W49,0.0,0.0,172.0,0.0
South Korea,2024-W50,0.0,0.0,172.0,0.0
South Korea,2024-W51,0.0,0.0,172.0,0.0
South Korea,2024-W52,0.0,0.0,172.0,0.0
South Korea,2025-W01,0.0,0.0,172.0,0.0
South Korea,2025-W02,0.0,0.0,172.0,0.0
South Korea,2025-W03,0.0,0.0,172.0,0.0
South Korea,2025-W04,0.0,0.0,172.0,0.0
South Korea,2025-W05,0.0,0.0,172.0,0.0
South Korea,2025-W06,0.0,0.0,172.0,0.0
South Korea,2025-W07,0.0,0.0,172.0,0.0
South Korea,2025-W08,0.0,0.0,172.0,0.0
South Korea,2025-W09,0.0,0.0,172.0,0.0
South Korea,2025-W10,0.0,0.0,172.0,0.0
South Korea,2025-W11,1.0,0.0,173.0,0.0
South Korea,2025-W12,0.0,0.0,173.0,0.0
South Korea,2025-W13,0.0,0.0,173.0,0.0
South Korea,2025-W14,0.0,0.0,173.0,0.0
South Korea,2025-W15,0.0,0.0,173.0,0.0
South Korea,2025-W16,0.0,0.0,173.0,0.0
South Korea,2025-W17,1.0,0.0,174.0,0.0
South Korea,2025-W18,1.0,0.0,175.0,0.0
South Korea,2025-W19,0.0,0.0,175.0,0.0
South Korea,2025-W20,0.0,0.0,175.0,0.0
South Korea,2025-W21,0.0,0.0,175.0,0.0
South Korea,2025-W22,0.0,0.0,175.0,0.0
South Korea,2025-W23,0.0,0.0,175.0,0.0
South Korea,2025-W24,0.0,0.0,175.0,0.0
South Korea,2025-W25,0.0,0.0,175.0,0.0
South Korea,2025-W26,0.0,0.0,175.0,0.0
South Korea,2025-W27,0.0,0.0,175.0,0.0
South Korea,2025-W28,0.0,0.0,175.0,0.0
South Korea,2025-W29,1.0,0.0,176.0,0.0
South Korea,2025-W30,0.0,0.0,176.0,0.0
South Korea,2025-W31,1.0,0.0,177.0,0.0
South Korea,2025-W32,2.0,0.0,179.0,0.0
South Korea,2025-W33,0.0,0.0,179.0,0.0
South Korea,2025-W34,1.0,0.0,180.0,0.0
South Korea,2025-W35,1.0,0.0,181.0,0.0
South Korea,2025-W36,1.0,0.0,182.0,0.0
South Korea,2025-W37,2.0,0.0,184.0,0.0
South Korea,2025-W38,2.0,0.0,186.0,0.0
South Korea,2025-W39,2.0,0.0,188.0,0.0
South Korea,2025-W40,0.0,0.0,188.0,0.0
South Korea,2025-W41,0.0,0.0,188.0,0.0
South Korea,2025-W42,0.0,0.0,188.0,0.0
South Korea,2025-W43,0.0,0.0,188.0,0.0
South Korea,2025-W44,0.0,0.0,188.0,0.0
South Korea,2025-W45,6.0,0.0,194.0,0.0
South Korea,2025-W46,0.0,0.0,194.0,0.0
South Korea,2025-W47,2.0,0.0,196.0,0.0
South Korea,2025-W48,0.0,0.0,196.0,0.0
South Korea,2025-W49,3.0,0.0,199.0,0.0
South Sudan,2025-W05,0.0,0.0,0.0,0.0
South Sudan,2025-W06,1.0,0.0,1.0,0.0
South Sudan,2025-W07,2.0,0.0,3.0,0.0
South Sudan,2025-W08,0.0,0.0,3.0,0.0
South Sudan,2025-W09,3.0,0.0,6.0,0.0
South Sudan,2025-W10,1.0,0.0,7.0,0.0
South Sudan,2025-W11,0.0,0.0,7.0,0.0
South Sudan,2025-W12,0.0,0.0,7.0,0.0
South Sudan,2025-W13,1.0,0.0,8.0,0.0
South Sudan,2025-W14,0.0,0.0,8.0,0.0
South Sudan,2025-W15,0.0,0.0,8.0,0.0
South Sudan,2025-W16,0.0,0.0,8.0,0.0
South Sudan,2025-W17,3.0,0.0,11.0,0.0
South Sudan,2025-W18,3.0,0.0,14.0,0.0
South Sudan,2025-W19,0.0,0.0,14.0,0.0
South Sudan,2025-W20,1.0,0.0,15.0,0.0
South Sudan,2025-W21,0.0,0.0,15.0,0.0
South Sudan,2025-W22,0.0,0.0,15.0,0.0
South Sudan,2025-W23,1.0,0.0,16.0,0.0
South Sudan,2025-W24,0.0,0.0,16.0,0.0
South Sudan,2025-W25,1.0,0.0,17.0,0.0
South Sudan,2025-W26,0.0,0.0,17.0,0.0
South Sudan,2025-W27,0.0,0.0,17.0,0.0
South Sudan,2025-W28,0.0,0.0,17.0,0.0
South Sudan,2025-W29,0.0,0.0,17.0,0.0
South Sudan,2025-W30,3.0,0.0,20.0,0.0
South Sudan,2025-W31,0.0,0.0,20.0,0.0
South Sudan,2025-W32,0.0,0.0,20.0,0.0
South Sudan,2025-W33,0.0,0.0,20.0,0.0
South Sudan,2025-W34,0.0,0.0,20.0,0.0
South Sudan,2025-W35,1.0,0.0,21.0,0.0
South Sudan,2025-W36,0.0,0.0,21.0,0.0
South Sudan,2025-W37,0.0,0.0,21.0,0.0
South Sudan,2025-W38,0.0,0.0,21.0,0.0
South Sudan,2025-W39,0.0,0.0,21.0,0.0
South Sudan,2025-W40,0.0,0.0,21.0,0.0
South Sudan,2025-W41,0.0,0.0,21.0,0.0
South Sudan,2025-W42,0.0,0.0,21.0,0.0
South Sudan,2025-W43,0.0,0.0,21.0,0.0
South Sudan,2025-W44,0.0,0.0,21.0,0.0
South Sudan,2025-W45,5.0,0.0,26.0,0.0
South Sudan,2025-W46,7.0,0.0,33.0,0.0
South Sudan,2025-W47,3.0,0.0,36.0,0.0
South Sudan,2025-W48,1.0,0.0,37.0,0.0
South Sudan,2025-W49,1.0,0.0,38.0,0.0
South Sudan,2025-W50,0.0,0.0,38.0,0.0
South Sudan,2025-W51,0.0,0.0,38.0,0.0
South Sudan,2025-W52,0.0,0.0,38.0,0.0
Spain,2022-W20,40.0,0.0,40.0,0.0
Spain,2022-W21,0.0,0.0,40.0,0.0
Spain,2022-W22,146.0,0.0,186.0,0.0
Spain,2022-W23,73.0,0.0,259.0,0.0
Spain,2022-W24,238.0,0.0,497.0,0.0
Spain,2022-W25,239.0,0.0,736.0,0.0
Spain,2022-W26,64.0,0.0,800.0,0.0
Spain,2022-W27,1234.0,0.0,2034.0,0.0
Spain,2022-W28,413.0,0.0,2447.0,0.0
Spain,2022-W29,678.0,0.0,3125.0,0.0
Spain,2022-W30,613.0,0.0,3738.0,0.0
Spain,2022-W31,839.0,2.0,4577.0,2.0
Spain,2022-W32,1142.0,0.0,5719.0,2.0
Spain,2022-W33,73.0,0.0,5792.0,2.0
Spain,2022-W34,667.0,0.0,6459.0,2.0
Spain,2022-W35,186.0,0.0,6645.0,2.0
Spain,2022-W36,247.0,0.0,6892.0,2.0
Spain,2022-W37,55.0,0.0,6947.0,2.0
Spain,2022-W38,136.0,0.0,7083.0,2.0
Spain,2022-W39,105.0,0.0,7188.0,2.0
Spain,2022-W40,21.0,0.0,7209.0,2.0
Spain,2022-W41,30.0,0.0,7239.0,2.0
Spain,2022-W42,38.0,0.0,7277.0,2.0
Spain,2022-W43,40.0,0.0,7317.0,2.0
Spain,2022-W44,19.0,0.0,7336.0,2.0
Spain,2022-W45,41.0,0.0,7377.0,2.0
Spain,2022-W46,15.0,1.0,7392.0,3.0
Spain,2022-W47,13.0,0.0,7405.0,3.0
Spain,2022-W48,3.0,0.0,7408.0,3.0
Spain,2022-W49,4.0,0.0,7412.0,3.0
Spain,2022-W50,4.0,0.0,7416.0,3.0
Spain,2022-W51,80.0,0.0,7496.0,3.0
Spain,2022-W52,0.0,0.0,7496.0,3.0
Spain,2023-W01,4.0,0.0,7500.0,3.0
Spain,2023-W02,5.0,0.0,7505.0,3.0
Spain,2023-W03,9.0,0.0,7514.0,3.0
Spain,2023-W04,4.0,0.0,7518.0,3.0
Spain,2023-W05,10.0,0.0,7528.0,3.0
Spain,2023-W06,5.0,0.0,7533.0,3.0
Spain,2023-W07,5.0,0.0,7538.0,3.0
Spain,2023-W08,5.0,0.0,7543.0,3.0
Spain,2023-W09,0.0,0.0,7543.0,3.0
Spain,2023-W10,0.0,0.0,7543.0,3.0
Spain,2023-W11,3.0,0.0,7546.0,3.0
Spain,2023-W12,0.0,0.0,7546.0,3.0
Spain,2023-W13,0.0,0.0,7546.0,3.0
Spain,2023-W14,3.0,0.0,7549.0,3.0
Spain,2023-W15,0.0,0.0,7549.0,3.0
Spain,2023-W16,0.0,0.0,7549.0,3.0
Spain,2023-W17,0.0,0.0,7549.0,3.0
Spain,2023-W18,2.0,0.0,7551.0,3.0
Spain,2023-W19,0.0,0.0,7551.0,3.0
Spain,2023-W20,0.0,0.0,7551.0,3.0
Spain,2023-W21,0.0,0.0,7551.0,3.0
Spain,2023-W22,4.0,0.0,7555.0,3.0
Spain,2023-W23,4.0,0.0,7559.0,3.0
Spain,2023-W24,0.0,0.0,7559.0,3.0
Spain,2023-W25,0.0,0.0,7559.0,3.0
Spain,2023-W26,0.0,0.0,7559.0,3.0
Spain,2023-W27,0.0,0.0,7559.0,3.0
Spain,2023-W28,0.0,0.0,7559.0,3.0
Spain,2023-W29,0.0,0.0,7559.0,3.0
Spain,2023-W30,0.0,0.0,7559.0,3.0
Spain,2023-W31,0.0,0.0,7559.0,3.0
Spain,2023-W32,6.0,0.0,7565.0,3.0
Spain,2023-W33,0.0,0.0,7565.0,3.0
Spain,2023-W34,0.0,0.0,7565.0,3.0
Spain,2023-W35,0.0,0.0,7565.0,3.0
Spain,2023-W36,15.0,0.0,7580.0,3.0
Spain,2023-W37,0.0,0.0,7580.0,3.0
Spain,2023-W38,0.0,0.0,7580.0,3.0
Spain,2023-W39,31.0,0.0,7611.0,3.0
Spain,2023-W40,0.0,0.0,7611.0,3.0
Spain,2023-W41,0.0,0.0,7611.0,3.0
Spain,2023-W42,0.0,0.0,7611.0,3.0
Spain,2023-W43,0.0,0.0,7611.0,3.0
Spain,2023-W44,36.0,0.0,7647.0,3.0
Spain,2023-W45,0.0,0.0,7647.0,3.0
Spain,2023-W46,0.0,0.0,7647.0,3.0
Spain,2023-W47,0.0,0.0,7647.0,3.0
Spain,2023-W48,37.0,0.0,7684.0,3.0
Spain,2023-W49,0.0,0.0,7684.0,3.0
Spain,2023-W50,0.0,0.0,7684.0,3.0
Spain,2023-W51,0.0,0.0,7684.0,3.0
Spain,2023-W52,68.0,0.0,7752.0,3.0
Spain,2024-W01,0.0,0.0,7752.0,3.0
Spain,2024-W02,0.0,0.0,7752.0,3.0
Spain,2024-W03,0.0,0.0,7752.0,3.0
Spain,2024-W04,0.0,0.0,7752.0,3.0
Spain,2024-W05,34.0,0.0,7786.0,3.0
Spain,2024-W06,0.0,0.0,7786.0,3.0
Spain,2024-W07,0.0,0.0,7786.0,3.0
Spain,2024-W08,0.0,0.0,7786.0,3.0
Spain,2024-W09,112.0,0.0,7898.0,3.0
Spain,2024-W10,0.0,0.0,7898.0,3.0
Spain,2024-W11,0.0,0.0,7898.0,3.0
Spain,2024-W12,0.0,0.0,7898.0,3.0
Spain,2024-W13,62.0,0.0,7960.0,3.0
Spain,2024-W14,0.0,0.0,7960.0,3.0
Spain,2024-W15,0.0,0.0,7960.0,3.0
Spain,2024-W16,0.0,0.0,7960.0,3.0
Spain,2024-W17,0.0,0.0,7960.0,3.0
Spain,2024-W18,32.0,0.0,7992.0,3.0
Spain,2024-W19,0.0,0.0,7992.0,3.0
Spain,2024-W20,0.0,0.0,7992.0,3.0
Spain,2024-W21,0.0,0.0,7992.0,3.0
Spain,2024-W22,38.0,0.0,8030.0,3.0
Spain,2024-W23,0.0,0.0,8030.0,3.0
Spain,2024-W24,0.0,0.0,8030.0,3.0
Spain,2024-W25,0.0,0.0,8030.0,3.0
Spain,2024-W26,54.0,0.0,8084.0,3.0
Spain,2024-W27,0.0,0.0,8084.0,3.0
Spain,2024-W28,0.0,0.0,8084.0,3.0
Spain,2024-W29,0.0,0.0,8084.0,3.0
Spain,2024-W30,0.0,0.0,8084.0,3.0
Spain,2024-W31,20.0,0.0,8104.0,3.0
Spain,2024-W32,0.0,0.0,8104.0,3.0
Spain,2024-W33,0.0,0.0,8104.0,3.0
Spain,2024-W34,0.0,0.0,8104.0,3.0
Spain,2024-W35,136.0,0.0,8240.0,3.0
Spain,2024-W36,0.0,0.0,8240.0,3.0
Spain,2024-W37,0.0,0.0,8240.0,3.0
Spain,2024-W38,0.0,0.0,8240.0,3.0
Spain,2024-W39,0.0,0.0,8240.0,3.0
Spain,2024-W40,42.0,0.0,8282.0,3.0
Spain,2024-W41,0.0,0.0,8282.0,3.0
Spain,2024-W42,0.0,0.0,8282.0,3.0
Spain,2024-W43,0.0,0.0,8282.0,3.0
Spain,2024-W44,64.0,0.0,8346.0,3.0
Spain,2024-W45,0.0,0.0,8346.0,3.0
Spain,2024-W46,0.0,0.0,8346.0,3.0
Spain,2024-W47,0.0,0.0,8346.0,3.0
Spain,2024-W48,97.0,0.0,8443.0,3.0
Spain,2024-W49,0.0,0.0,8443.0,3.0
Spain,2024-W50,0.0,0.0,8443.0,3.0
Spain,2024-W51,0.0,0.0,8443.0,3.0
Spain,2024-W52,0.0,0.0,8443.0,3.0
Spain,2025-W01,38.0,0.0,8481.0,3.0
Spain,2025-W02,33.0,0.0,8514.0,3.0
Spain,2025-W03,0.0,0.0,8514.0,3.0
Spain,2025-W04,0.0,0.0,8514.0,3.0
Spain,2025-W05,0.0,0.0,8514.0,3.0
Spain,2025-W06,0.0,0.0,8514.0,3.0
Spain,2025-W07,0.0,0.0,8514.0,3.0
Spain,2025-W08,0.0,0.0,8514.0,3.0
Spain,2025-W09,71.0,0.0,8585.0,3.0
Spain,2025-W10,0.0,0.0,8585.0,3.0
Spain,2025-W11,0.0,0.0,8585.0,3.0
Spain,2025-W12,0.0,0.0,8585.0,3.0
Spain,2025-W13,0.0,0.0,8585.0,3.0
Spain,2025-W14,47.0,0.0,8632.0,3.0
Spain,2025-W15,0.0,0.0,8632.0,3.0
Spain,2025-W16,0.0,0.0,8632.0,3.0
Spain,2025-W17,0.0,0.0,8632.0,3.0
Spain,2025-W18,93.0,0.0,8725.0,3.0
Spain,2025-W19,0.0,0.0,8725.0,3.0
Spain,2025-W20,58.0,0.0,8783.0,3.0
Spain,2025-W21,0.0,0.0,8783.0,3.0
Spain,2025-W22,0.0,0.0,8783.0,3.0
Spain,2025-W23,0.0,0.0,8783.0,3.0
Spain,2025-W24,51.0,1.0,8834.0,4.0
Spain,2025-W25,0.0,0.0,8834.0,4.0
Spain,2025-W26,0.0,0.0,8834.0,4.0
Spain,2025-W27,0.0,0.0,8834.0,4.0
Spain,2025-W28,29.0,0.0,8863.0,4.0
Spain,2025-W29,0.0,0.0,8863.0,4.0
Spain,2025-W30,0.0,0.0,8863.0,4.0
Spain,2025-W31,0.0,0.0,8863.0,4.0
Spain,2025-W32,0.0,0.0,8863.0,4.0
Spain,2025-W33,76.0,0.0,8939.0,4.0
Spain,2025-W34,0.0,0.0,8939.0,4.0
Spain,2025-W35,0.0,0.0,8939.0,4.0
Spain,2025-W36,0.0,0.0,8939.0,4.0
Spain,2025-W37,89.0,0.0,9028.0,4.0
Spain,2025-W38,0.0,0.0,9028.0,4.0
Spain,2025-W39,0.0,0.0,9028.0,4.0
Spain,2025-W40,0.0,0.0,9028.0,4.0
Spain,2025-W41,83.0,0.0,9111.0,4.0
Spain,2025-W42,0.0,0.0,9111.0,4.0
Spain,2025-W43,0.0,0.0,9111.0,4.0
Spain,2025-W44,0.0,0.0,9111.0,4.0
Spain,2025-W45,0.0,0.0,9111.0,4.0
Spain,2025-W46,137.0,0.0,9248.0,4.0
Spain,2025-W47,0.0,0.0,9248.0,4.0
Spain,2025-W48,0.0,0.0,9248.0,4.0
Spain,2025-W49,0.0,0.0,9248.0,4.0
Spain,2025-W50,0.0,0.0,9248.0,4.0
Spain,2025-W51,0.0,0.0,9248.0,4.0
Spain,2025-W52,41.0,0.0,9289.0,4.0
Sri Lanka,2022-W44,1.0,0.0,1.0,0.0
Sri Lanka,2022-W45,0.0,0.0,1.0,0.0
Sri Lanka,2022-W46,1.0,0.0,2.0,0.0
Sri Lanka,2022-W47,0.0,0.0,2.0,0.0
Sri Lanka,2022-W48,0.0,0.0,2.0,0.0
Sri Lanka,2022-W49,0.0,0.0,2.0,0.0
Sri Lanka,2022-W50,0.0,0.0,2.0,0.0
Sri Lanka,2022-W51,0.0,0.0,2.0,0.0
Sri Lanka,2022-W52,0.0,0.0,2.0,0.0
Sri Lanka,2023-W01,0.0,0.0,2.0,0.0
Sri Lanka,2023-W02,0.0,0.0,2.0,0.0
Sri Lanka,2023-W03,0.0,0.0,2.0,0.0
Sri Lanka,2023-W04,0.0,0.0,2.0,0.0
Sri Lanka,2023-W05,0.0,0.0,2.0,0.0
Sri Lanka,2023-W06,0.0,0.0,2.0,0.0
Sri Lanka,2023-W07,0.0,0.0,2.0,0.0
Sri Lanka,2023-W08,0.0,0.0,2.0,0.0
Sri Lanka,2023-W09,0.0,0.0,2.0,0.0
Sri Lanka,2023-W10,0.0,0.0,2.0,0.0
Sri Lanka,2023-W11,0.0,0.0,2.0,0.0
Sri Lanka,2023-W12,0.0,0.0,2.0,0.0
Sri Lanka,2023-W13,0.0,0.0,2.0,0.0
Sri Lanka,2023-W14,0.0,0.0,2.0,0.0
Sri Lanka,2023-W15,0.0,0.0,2.0,0.0
Sri Lanka,2023-W16,0.0,0.0,2.0,0.0
Sri Lanka,2023-W17,0.0,0.0,2.0,0.0
Sri Lanka,2023-W18,0.0,0.0,2.0,0.0
Sri Lanka,2023-W19,0.0,0.0,2.0,0.0
Sri Lanka,2023-W20,0.0,0.0,2.0,0.0
Sri Lanka,2023-W21,0.0,0.0,2.0,0.0
Sri Lanka,2023-W22,0.0,0.0,2.0,0.0
Sri Lanka,2023-W23,2.0,0.0,4.0,0.0
Sri Lanka,2023-W24,0.0,0.0,4.0,0.0
Sri Lanka,2023-W25,0.0,0.0,4.0,0.0
Sri Lanka,2023-W26,0.0,0.0,4.0,0.0
Sri Lanka,2023-W27,0.0,0.0,4.0,0.0
Sri Lanka,2023-W28,0.0,0.0,4.0,0.0
Sri Lanka,2023-W29,0.0,0.0,4.0,0.0
Sri Lanka,2023-W30,0.0,0.0,4.0,0.0
Sri Lanka,2023-W31,0.0,0.0,4.0,0.0
Sri Lanka,2023-W32,0.0,0.0,4.0,0.0
Sri Lanka,2023-W33,0.0,0.0,4.0,0.0
Sri Lanka,2023-W34,0.0,0.0,4.0,0.0
Sri Lanka,2023-W35,0.0,0.0,4.0,0.0
Sri Lanka,2023-W36,0.0,0.0,4.0,0.0
Sri Lanka,2023-W37,0.0,0.0,4.0,0.0
Sri Lanka,2023-W38,0.0,0.0,4.0,0.0
Sri Lanka,2023-W39,0.0,0.0,4.0,0.0
Sri Lanka,2023-W40,0.0,0.0,4.0,0.0
Sri Lanka,2023-W41,0.0,0.0,4.0,0.0
Sri Lanka,2023-W42,0.0,0.0,4.0,0.0
Sri Lanka,2023-W43,0.0,0.0,4.0,0.0
Sri Lanka,2023-W44,0.0,0.0,4.0,0.0
Sri Lanka,2023-W45,0.0,0.0,4.0,0.0
Sri Lanka,2023-W46,0.0,0.0,4.0,0.0
Sri Lanka,2023-W47,0.0,0.0,4.0,0.0
Sri Lanka,2023-W48,0.0,0.0,4.0,0.0
Sri Lanka,2023-W49,0.0,0.0,4.0,0.0
Sri Lanka,2023-W50,0.0,0.0,4.0,0.0
Sri Lanka,2023-W51,0.0,0.0,4.0,0.0
Sri Lanka,2023-W52,0.0,0.0,4.0,0.0
Sri Lanka,2024-W01,0.0,0.0,4.0,0.0
Sri Lanka,2024-W02,0.0,0.0,4.0,0.0
Sri Lanka,2024-W03,0.0,0.0,4.0,0.0
Sri Lanka,2024-W04,0.0,0.0,4.0,0.0
Sri Lanka,2024-W05,0.0,0.0,4.0,0.0
Sri Lanka,2024-W06,0.0,0.0,4.0,0.0
Sri Lanka,2024-W07,0.0,0.0,4.0,0.0
Sri Lanka,2024-W08,0.0,0.0,4.0,0.0
Sri Lanka,2024-W09,0.0,0.0,4.0,0.0
Sri Lanka,2024-W10,0.0,0.0,4.0,0.0
Sri Lanka,2024-W11,0.0,0.0,4.0,0.0
Sri Lanka,2024-W12,0.0,0.0,4.0,0.0
Sri Lanka,2024-W13,0.0,0.0,4.0,0.0
Sri Lanka,2024-W14,0.0,0.0,4.0,0.0
Sri Lanka,2024-W15,0.0,0.0,4.0,0.0
Sri Lanka,2024-W16,0.0,0.0,4.0,0.0
Sri Lanka,2024-W17,0.0,0.0,4.0,0.0
Sri Lanka,2024-W18,0.0,0.0,4.0,0.0
Sri Lanka,2024-W19,0.0,0.0,4.0,0.0
Sri Lanka,2024-W20,0.0,0.0,4.0,0.0
Sri Lanka,2024-W21,0.0,0.0,4.0,0.0
Sri Lanka,2024-W22,0.0,0.0,4.0,0.0
Sri Lanka,2024-W23,0.0,0.0,4.0,0.0
Sri Lanka,2024-W24,0.0,0.0,4.0,0.0
Sri Lanka,2024-W25,0.0,0.0,4.0,0.0
Sri Lanka,2024-W26,0.0,0.0,4.0,0.0
Sri Lanka,2024-W27,0.0,0.0,4.0,0.0
Sri Lanka,2024-W28,0.0,0.0,4.0,0.0
Sri Lanka,2024-W29,0.0,0.0,4.0,0.0
Sri Lanka,2024-W30,0.0,0.0,4.0,0.0
Sri Lanka,2024-W31,0.0,0.0,4.0,0.0
Sri Lanka,2024-W32,0.0,0.0,4.0,0.0
Sri Lanka,2024-W33,0.0,0.0,4.0,0.0
Sri Lanka,2024-W34,0.0,0.0,4.0,0.0
Sri Lanka,2024-W35,0.0,0.0,4.0,0.0
Sri Lanka,2024-W36,0.0,0.0,4.0,0.0
Sri Lanka,2024-W37,0.0,0.0,4.0,0.0
Sri Lanka,2024-W38,0.0,0.0,4.0,0.0
Sri Lanka,2024-W39,0.0,0.0,4.0,0.0
Sri Lanka,2024-W40,0.0,0.0,4.0,0.0
Sri Lanka,2024-W41,0.0,0.0,4.0,0.0
Sri Lanka,2024-W42,0.0,0.0,4.0,0.0
Sri Lanka,2024-W43,0.0,0.0,4.0,0.0
Sri Lanka,2024-W44,0.0,0.0,4.0,0.0
Sri Lanka,2024-W45,0.0,0.0,4.0,0.0
Sri Lanka,2024-W46,0.0,0.0,4.0,0.0
Sri Lanka,2024-W47,0.0,0.0,4.0,0.0
Sri Lanka,2024-W48,0.0,0.0,4.0,0.0
Sri Lanka,2024-W49,0.0,0.0,4.0,0.0
Sri Lanka,2024-W50,0.0,0.0,4.0,0.0
Sri Lanka,2024-W51,0.0,0.0,4.0,0.0
Sri Lanka,2024-W52,0.0,0.0,4.0,0.0
Sri Lanka,2025-W01,0.0,0.0,4.0,0.0
Sri Lanka,2025-W02,0.0,0.0,4.0,0.0
Sri Lanka,2025-W03,0.0,0.0,4.0,0.0
Sri Lanka,2025-W04,0.0,0.0,4.0,0.0
Sri Lanka,2025-W05,0.0,0.0,4.0,0.0
Sri Lanka,2025-W06,0.0,0.0,4.0,0.0
Sri Lanka,2025-W07,0.0,0.0,4.0,0.0
Sri Lanka,2025-W08,0.0,0.0,4.0,0.0
Sri Lanka,2025-W09,0.0,0.0,4.0,0.0
Sri Lanka,2025-W10,0.0,0.0,4.0,0.0
Sri Lanka,2025-W11,0.0,0.0,4.0,0.0
Sri Lanka,2025-W12,0.0,0.0,4.0,0.0
Sri Lanka,2025-W13,0.0,0.0,4.0,0.0
Sri Lanka,2025-W14,0.0,0.0,4.0,0.0
Sri Lanka,2025-W15,0.0,0.0,4.0,0.0
Sri Lanka,2025-W16,0.0,0.0,4.0,0.0
Sri Lanka,2025-W17,0.0,0.0,4.0,0.0
Sri Lanka,2025-W18,0.0,0.0,4.0,0.0
Sri Lanka,2025-W19,0.0,0.0,4.0,0.0
Sri Lanka,2025-W20,0.0,0.0,4.0,0.0
Sri Lanka,2025-W21,0.0,0.0,4.0,0.0
Sri Lanka,2025-W22,0.0,0.0,4.0,0.0
Sri Lanka,2025-W23,0.0,0.0,4.0,0.0
Sri Lanka,2025-W24,0.0,0.0,4.0,0.0
Sri Lanka,2025-W25,0.0,0.0,4.0,0.0
Sri Lanka,2025-W26,0.0,0.0,4.0,0.0
Sri Lanka,2025-W27,0.0,0.0,4.0,0.0
Sri Lanka,2025-W28,0.0,0.0,4.0,0.0
Sri Lanka,2025-W29,0.0,0.0,4.0,0.0
Sri Lanka,2025-W30,0.0,0.0,4.0,0.0
Sri Lanka,2025-W31,0.0,0.0,4.0,0.0
Sri Lanka,2025-W32,0.0,0.0,4.0,0.0
Sri Lanka,2025-W33,0.0,0.0,4.0,0.0
Sri Lanka,2025-W34,0.0,0.0,4.0,0.0
Sri Lanka,2025-W35,1.0,0.0,5.0,0.0
Sri Lanka,2025-W36,0.0,0.0,5.0,0.0
Sri Lanka,2025-W37,0.0,0.0,5.0,0.0
Sri Lanka,2025-W38,0.0,0.0,5.0,0.0
Sri Lanka,2025-W39,0.0,0.0,5.0,0.0
Sri Lanka,2025-W40,0.0,0.0,5.0,0.0
Sri Lanka,2025-W41,0.0,0.0,5.0,0.0
Sri Lanka,2025-W42,0.0,0.0,5.0,0.0
Sri Lanka,2025-W43,0.0,0.0,5.0,0.0
Sri Lanka,2025-W44,0.0,0.0,5.0,0.0
Sri Lanka,2025-W45,0.0,0.0,5.0,0.0
Sri Lanka,2025-W46,0.0,0.0,5.0,0.0
Sri Lanka,2025-W47,0.0,0.0,5.0,0.0
Sri Lanka,2025-W48,0.0,0.0,5.0,0.0
Sri Lanka,2025-W49,0.0,0.0,5.0,0.0
Sri Lanka,2025-W50,0.0,0.0,5.0,0.0
Sri Lanka,2025-W51,0.0,0.0,5.0,0.0
Sri Lanka,2025-W52,0.0,0.0,5.0,0.0
Sri Lanka,2026-W01,0.0,0.0,5.0,0.0
Sudan,2022-W31,1.0,0.0,1.0,0.0
Sudan,2022-W32,1.0,0.0,2.0,0.0
Sudan,2022-W33,0.0,0.0,2.0,0.0
Sudan,2022-W34,0.0,0.0,2.0,0.0
Sudan,2022-W35,0.0,0.0,2.0,0.0
Sudan,2022-W36,2.0,0.0,4.0,0.0
Sudan,2022-W37,2.0,1.0,6.0,1.0
Sudan,2022-W38,1.0,0.0,7.0,1.0
Sudan,2022-W39,10.0,0.0,17.0,1.0
Sudan,2022-W40,0.0,0.0,17.0,1.0
Sudan,2022-W41,0.0,0.0,17.0,1.0
Sudan,2022-W42,1.0,0.0,18.0,1.0
Sudan,2022-W43,0.0,0.0,18.0,1.0
Sudan,2022-W44,0.0,0.0,18.0,1.0
Sudan,2022-W45,0.0,0.0,18.0,1.0
Sudan,2022-W46,0.0,0.0,18.0,1.0
Sudan,2022-W47,0.0,0.0,18.0,1.0
Sudan,2022-W48,0.0,0.0,18.0,1.0
Sudan,2022-W49,0.0,0.0,18.0,1.0
Sudan,2022-W50,0.0,0.0,18.0,1.0
Sudan,2022-W51,0.0,0.0,18.0,1.0
Sudan,2022-W52,0.0,0.0,18.0,1.0
Sudan,2023-W01,0.0,0.0,18.0,1.0
Sudan,2023-W02,0.0,0.0,18.0,1.0
Sudan,2023-W03,0.0,0.0,18.0,1.0
Sudan,2023-W04,0.0,0.0,18.0,1.0
Sudan,2023-W05,0.0,0.0,18.0,1.0
Sudan,2023-W06,0.0,0.0,18.0,1.0
Sudan,2023-W07,0.0,0.0,18.0,1.0
Sudan,2023-W08,0.0,0.0,18.0,1.0
Sudan,2023-W09,0.0,0.0,18.0,1.0
Sudan,2023-W10,0.0,0.0,18.0,1.0
Sudan,2023-W11,0.0,0.0,18.0,1.0
Sudan,2023-W12,0.0,0.0,18.0,1.0
Sudan,2023-W13,0.0,0.0,18.0,1.0
Sudan,2023-W14,1.0,0.0,19.0,1.0
Sweden,2022-W20,1.0,0.0,1.0,0.0
Sweden,2022-W21,1.0,0.0,2.0,0.0
Sweden,2022-W22,3.0,0.0,5.0,0.0
Sweden,2022-W23,1.0,0.0,6.0,0.0
Sweden,2022-W24,4.0,0.0,10.0,0.0
Sweden,2022-W25,3.0,0.0,13.0,0.0
Sweden,2022-W26,15.0,0.0,28.0,0.0
Sweden,2022-W27,15.0,0.0,43.0,0.0
Sweden,2022-W28,15.0,0.0,58.0,0.0
Sweden,2022-W29,19.0,0.0,77.0,0.0
Sweden,2022-W30,8.0,0.0,85.0,0.0
Sweden,2022-W31,26.0,0.0,111.0,0.0
Sweden,2022-W32,18.0,0.0,129.0,0.0
Sweden,2022-W33,10.0,0.0,139.0,0.0
Sweden,2022-W34,17.0,0.0,156.0,0.0
Sweden,2022-W35,7.0,0.0,163.0,0.0
Sweden,2022-W36,11.0,0.0,174.0,0.0
Sweden,2022-W37,5.0,0.0,179.0,0.0
Sweden,2022-W38,7.0,0.0,186.0,0.0
Sweden,2022-W39,9.0,0.0,195.0,0.0
Sweden,2022-W40,3.0,0.0,198.0,0.0
Sweden,2022-W41,8.0,0.0,206.0,0.0
Sweden,2022-W42,1.0,0.0,207.0,0.0
Sweden,2022-W43,2.0,0.0,209.0,0.0
Sweden,2022-W44,3.0,0.0,212.0,0.0
Sweden,2022-W45,0.0,0.0,212.0,0.0
Sweden,2022-W46,4.0,0.0,216.0,0.0
Sweden,2022-W47,4.0,0.0,220.0,0.0
Sweden,2022-W48,9.0,0.0,229.0,0.0
Sweden,2022-W49,7.0,0.0,236.0,0.0
Sweden,2022-W50,6.0,0.0,242.0,0.0
Sweden,2022-W51,8.0,0.0,250.0,0.0
Sweden,2022-W52,0.0,0.0,250.0,0.0
Sweden,2023-W01,5.0,0.0,255.0,0.0
Sweden,2023-W02,0.0,0.0,255.0,0.0
Sweden,2023-W03,2.0,0.0,257.0,0.0
Sweden,2023-W04,0.0,0.0,257.0,0.0
Sweden,2023-W05,3.0,0.0,260.0,0.0
Sweden,2023-W06,0.0,0.0,260.0,0.0
Sweden,2023-W07,0.0,0.0,260.0,0.0
Sweden,2023-W08,0.0,0.0,260.0,0.0
Sweden,2023-W09,0.0,0.0,260.0,0.0
Sweden,2023-W10,0.0,0.0,260.0,0.0
Sweden,2023-W11,0.0,0.0,260.0,0.0
Sweden,2023-W12,0.0,0.0,260.0,0.0
Sweden,2023-W13,0.0,0.0,260.0,0.0
Sweden,2023-W14,0.0,0.0,260.0,0.0
Sweden,2023-W15,0.0,0.0,260.0,0.0
Sweden,2023-W16,0.0,0.0,260.0,0.0
Sweden,2023-W17,0.0,0.0,260.0,0.0
Sweden,2023-W18,0.0,0.0,260.0,0.0
Sweden,2023-W19,0.0,0.0,260.0,0.0
Sweden,2023-W20,0.0,0.0,260.0,0.0
Sweden,2023-W21,0.0,0.0,260.0,0.0
Sweden,2023-W22,0.0,0.0,260.0,0.0
Sweden,2023-W23,0.0,0.0,260.0,0.0
Sweden,2023-W24,0.0,0.0,260.0,0.0
Sweden,2023-W25,0.0,0.0,260.0,0.0
Sweden,2023-W26,0.0,0.0,260.0,0.0
Sweden,2023-W27,0.0,0.0,260.0,0.0
Sweden,2023-W28,0.0,0.0,260.0,0.0
Sweden,2023-W29,0.0,0.0,260.0,0.0
Sweden,2023-W30,0.0,0.0,260.0,0.0
Sweden,2023-W31,0.0,0.0,260.0,0.0
Sweden,2023-W32,0.0,0.0,260.0,0.0
Sweden,2023-W33,0.0,0.0,260.0,0.0
Sweden,2023-W34,0.0,0.0,260.0,0.0
Sweden,2023-W35,0.0,0.0,260.0,0.0
Sweden,2023-W36,2.0,0.0,262.0,0.0
Sweden,2023-W37,0.0,0.0,262.0,0.0
Sweden,2023-W38,0.0,0.0,262.0,0.0
Sweden,2023-W39,2.0,0.0,264.0,0.0
Sweden,2023-W40,0.0,0.0,264.0,0.0
Sweden,2023-W41,0.0,0.0,264.0,0.0
Sweden,2023-W42,0.0,0.0,264.0,0.0
Sweden,2023-W43,0.0,0.0,264.0,0.0
Sweden,2023-W44,0.0,0.0,264.0,0.0
Sweden,2023-W45,0.0,0.0,264.0,0.0
Sweden,2023-W46,0.0,0.0,264.0,0.0
Sweden,2023-W47,0.0,0.0,264.0,0.0
Sweden,2023-W48,0.0,0.0,264.0,0.0
Sweden,2023-W49,0.0,0.0,264.0,0.0
Sweden,2023-W50,0.0,0.0,264.0,0.0
Sweden,2023-W51,0.0,0.0,264.0,0.0
Sweden,2023-W52,3.0,0.0,267.0,0.0
Sweden,2024-W01,0.0,0.0,267.0,0.0
Sweden,2024-W02,0.0,0.0,267.0,0.0
Sweden,2024-W03,0.0,0.0,267.0,0.0
Sweden,2024-W04,0.0,0.0,267.0,0.0
Sweden,2024-W05,3.0,0.0,270.0,0.0
Sweden,2024-W06,0.0,0.0,270.0,0.0
Sweden,2024-W07,0.0,0.0,270.0,0.0
Sweden,2024-W08,0.0,0.0,270.0,0.0
Sweden,2024-W09,2.0,0.0,272.0,0.0
Sweden,2024-W10,0.0,0.0,272.0,0.0
Sweden,2024-W11,0.0,0.0,272.0,0.0
Sweden,2024-W12,0.0,0.0,272.0,0.0
Sweden,2024-W13,0.0,0.0,272.0,0.0
Sweden,2024-W14,0.0,0.0,272.0,0.0
Sweden,2024-W15,0.0,0.0,272.0,0.0
Sweden,2024-W16,0.0,0.0,272.0,0.0
Sweden,2024-W17,0.0,0.0,272.0,0.0
Sweden,2024-W18,14.0,0.0,286.0,0.0
Sweden,2024-W19,0.0,0.0,286.0,0.0
Sweden,2024-W20,0.0,0.0,286.0,0.0
Sweden,2024-W21,0.0,0.0,286.0,0.0
Sweden,2024-W22,11.0,0.0,297.0,0.0
Sweden,2024-W23,0.0,0.0,297.0,0.0
Sweden,2024-W24,0.0,0.0,297.0,0.0
Sweden,2024-W25,0.0,0.0,297.0,0.0
Sweden,2024-W26,2.0,0.0,299.0,0.0
Sweden,2024-W27,0.0,0.0,299.0,0.0
Sweden,2024-W28,0.0,0.0,299.0,0.0
Sweden,2024-W29,0.0,0.0,299.0,0.0
Sweden,2024-W30,0.0,0.0,299.0,0.0
Sweden,2024-W31,1.0,0.0,300.0,0.0
Sweden,2024-W32,0.0,0.0,300.0,0.0
Sweden,2024-W33,0.0,0.0,300.0,0.0
Sweden,2024-W34,0.0,0.0,300.0,0.0
Sweden,2024-W35,2.0,0.0,302.0,0.0
Sweden,2024-W36,0.0,0.0,302.0,0.0
Sweden,2024-W37,0.0,0.0,302.0,0.0
Sweden,2024-W38,0.0,0.0,302.0,0.0
Sweden,2024-W39,0.0,0.0,302.0,0.0
Sweden,2024-W40,0.0,0.0,302.0,0.0
Sweden,2024-W41,0.0,0.0,302.0,0.0
Sweden,2024-W42,0.0,0.0,302.0,0.0
Sweden,2024-W43,0.0,0.0,302.0,0.0
Sweden,2024-W44,3.0,0.0,305.0,0.0
Sweden,2024-W45,0.0,0.0,305.0,0.0
Sweden,2024-W46,0.0,0.0,305.0,0.0
Sweden,2024-W47,0.0,0.0,305.0,0.0
Sweden,2024-W48,0.0,0.0,305.0,0.0
Sweden,2024-W49,0.0,0.0,305.0,0.0
Sweden,2024-W50,0.0,0.0,305.0,0.0
Sweden,2024-W51,0.0,0.0,305.0,0.0
Sweden,2024-W52,0.0,0.0,305.0,0.0
Sweden,2025-W01,1.0,0.0,306.0,0.0
Sweden,2025-W02,20.0,0.0,326.0,0.0
Sweden,2025-W03,0.0,0.0,326.0,0.0
Sweden,2025-W04,0.0,0.0,326.0,0.0
Sweden,2025-W05,0.0,0.0,326.0,0.0
Sweden,2025-W06,0.0,0.0,326.0,0.0
Sweden,2025-W07,0.0,0.0,326.0,0.0
Sweden,2025-W08,0.0,0.0,326.0,0.0
Sweden,2025-W09,14.0,0.0,340.0,0.0
Sweden,2025-W10,0.0,0.0,340.0,0.0
Sweden,2025-W11,0.0,0.0,340.0,0.0
Sweden,2025-W12,0.0,0.0,340.0,0.0
Sweden,2025-W13,0.0,0.0,340.0,0.0
Sweden,2025-W14,16.0,0.0,356.0,0.0
Sweden,2025-W15,0.0,0.0,356.0,0.0
Sweden,2025-W16,0.0,0.0,356.0,0.0
Sweden,2025-W17,0.0,0.0,356.0,0.0
Sweden,2025-W18,8.0,0.0,364.0,0.0
Sweden,2025-W19,0.0,0.0,364.0,0.0
Sweden,2025-W20,2.0,0.0,366.0,0.0
Sweden,2025-W21,0.0,0.0,366.0,0.0
Sweden,2025-W22,0.0,0.0,366.0,0.0
Sweden,2025-W23,0.0,0.0,366.0,0.0
Sweden,2025-W24,2.0,0.0,368.0,0.0
Sweden,2025-W25,0.0,0.0,368.0,0.0
Sweden,2025-W26,0.0,0.0,368.0,0.0
Sweden,2025-W27,0.0,0.0,368.0,0.0
Sweden,2025-W28,2.0,0.0,370.0,0.0
Sweden,2025-W29,0.0,0.0,370.0,0.0
Sweden,2025-W30,0.0,0.0,370.0,0.0
Sweden,2025-W31,0.0,0.0,370.0,0.0
Sweden,2025-W32,0.0,0.0,370.0,0.0
Sweden,2025-W33,3.0,0.0,373.0,0.0
Sweden,2025-W34,0.0,0.0,373.0,0.0
Sweden,2025-W35,0.0,0.0,373.0,0.0
Sweden,2025-W36,0.0,0.0,373.0,0.0
Sweden,2025-W37,0.0,0.0,373.0,0.0
Sweden,2025-W38,0.0,0.0,373.0,0.0
Sweden,2025-W39,0.0,0.0,373.0,0.0
Sweden,2025-W40,0.0,0.0,373.0,0.0
Sweden,2025-W41,0.0,0.0,373.0,0.0
Sweden,2025-W42,0.0,0.0,373.0,0.0
Sweden,2025-W43,0.0,0.0,373.0,0.0
Sweden,2025-W44,0.0,0.0,373.0,0.0
Sweden,2025-W45,0.0,0.0,373.0,0.0
Sweden,2025-W46,0.0,0.0,373.0,0.0
Sweden,2025-W47,0.0,0.0,373.0,0.0
Sweden,2025-W48,0.0,0.0,373.0,0.0
Sweden,2025-W49,0.0,0.0,373.0,0.0
Sweden,2025-W50,0.0,0.0,373.0,0.0
Sweden,2025-W51,0.0,0.0,373.0,0.0
Sweden,2025-W52,1.0,0.0,374.0,0.0
Switzerland,2022-W20,1.0,0.0,1.0,0.0
Switzerland,2022-W21,2.0,0.0,3.0,0.0
Switzerland,2022-W22,5.0,0.0,8.0,0.0
Switzerland,2022-W23,6.0,0.0,14.0,0.0
Switzerland,2022-W24,17.0,0.0,31.0,0.0
Switzerland,2022-W25,24.0,0.0,55.0,0.0
Switzerland,2022-W26,60.0,0.0,115.0,0.0
Switzerland,2022-W27,25.0,0.0,140.0,0.0
Switzerland,2022-W28,49.0,0.0,189.0,0.0
Switzerland,2022-W29,27.0,0.0,216.0,0.0
Switzerland,2022-W30,48.0,0.0,264.0,0.0
Switzerland,2022-W31,48.0,0.0,312.0,0.0
Switzerland,2022-W32,64.0,0.0,376.0,0.0
Switzerland,2022-W33,16.0,0.0,392.0,0.0
Switzerland,2022-W34,39.0,0.0,431.0,0.0
Switzerland,2022-W35,45.0,0.0,476.0,0.0
Switzerland,2022-W36,8.0,0.0,484.0,0.0
Switzerland,2022-W37,14.0,0.0,498.0,0.0
Switzerland,2022-W38,5.0,0.0,503.0,0.0
Switzerland,2022-W39,10.0,0.0,513.0,0.0
Switzerland,2022-W40,4.0,0.0,517.0,0.0
Switzerland,2022-W41,4.0,0.0,521.0,0.0
Switzerland,2022-W42,23.0,0.0,544.0,0.0
Switzerland,2022-W43,2.0,0.0,546.0,0.0
Switzerland,2022-W44,0.0,0.0,546.0,0.0
Switzerland,2022-W45,0.0,0.0,546.0,0.0
Switzerland,2022-W46,0.0,0.0,546.0,0.0
Switzerland,2022-W47,0.0,0.0,546.0,0.0
Switzerland,2022-W48,4.0,0.0,550.0,0.0
Switzerland,2022-W49,1.0,0.0,551.0,0.0
Switzerland,2022-W50,0.0,0.0,551.0,0.0
Switzerland,2022-W51,0.0,0.0,551.0,0.0
Switzerland,2022-W52,0.0,0.0,551.0,0.0
Switzerland,2023-W01,0.0,0.0,551.0,0.0
Switzerland,2023-W02,0.0,0.0,551.0,0.0
Switzerland,2023-W03,0.0,0.0,551.0,0.0
Switzerland,2023-W04,0.0,0.0,551.0,0.0
Switzerland,2023-W05,0.0,0.0,551.0,0.0
Switzerland,2023-W06,0.0,0.0,551.0,0.0
Switzerland,2023-W07,0.0,0.0,551.0,0.0
Switzerland,2023-W08,0.0,0.0,551.0,0.0
Switzerland,2023-W09,0.0,0.0,551.0,0.0
Switzerland,2023-W10,1.0,0.0,552.0,0.0
Switzerland,2023-W11,0.0,0.0,552.0,0.0
Switzerland,2023-W12,0.0,0.0,552.0,0.0
Switzerland,2023-W13,0.0,0.0,552.0,0.0
Switzerland,2023-W14,0.0,0.0,552.0,0.0
Switzerland,2023-W15,0.0,0.0,552.0,0.0
Switzerland,2023-W16,0.0,0.0,552.0,0.0
Switzerland,2023-W17,0.0,0.0,552.0,0.0
Switzerland,2023-W18,0.0,0.0,552.0,0.0
Switzerland,2023-W19,0.0,0.0,552.0,0.0
Switzerland,2023-W20,0.0,0.0,552.0,0.0
Switzerland,2023-W21,0.0,0.0,552.0,0.0
Switzerland,2023-W22,0.0,0.0,552.0,0.0
Switzerland,2023-W23,0.0,0.0,552.0,0.0
Switzerland,2023-W24,0.0,0.0,552.0,0.0
Switzerland,2023-W25,2.0,0.0,554.0,0.0
Switzerland,2023-W26,0.0,0.0,554.0,0.0
Switzerland,2023-W27,0.0,0.0,554.0,0.0
Switzerland,2023-W28,0.0,0.0,554.0,0.0
Switzerland,2023-W29,0.0,0.0,554.0,0.0
Switzerland,2023-W30,0.0,0.0,554.0,0.0
Switzerland,2023-W31,0.0,0.0,554.0,0.0
Switzerland,2023-W32,0.0,0.0,554.0,0.0
Switzerland,2023-W33,0.0,0.0,554.0,0.0
Switzerland,2023-W34,0.0,0.0,554.0,0.0
Switzerland,2023-W35,0.0,0.0,554.0,0.0
Switzerland,2023-W36,0.0,0.0,554.0,0.0
Switzerland,2023-W37,0.0,0.0,554.0,0.0
Switzerland,2023-W38,5.0,0.0,559.0,0.0
Switzerland,2023-W39,0.0,0.0,559.0,0.0
Switzerland,2023-W40,0.0,0.0,559.0,0.0
Switzerland,2023-W41,0.0,0.0,559.0,0.0
Switzerland,2023-W42,0.0,0.0,559.0,0.0
Switzerland,2023-W43,0.0,0.0,559.0,0.0
Switzerland,2023-W44,3.0,0.0,562.0,0.0
Switzerland,2023-W45,0.0,0.0,562.0,0.0
Switzerland,2023-W46,0.0,0.0,562.0,0.0
Switzerland,2023-W47,0.0,0.0,562.0,0.0
Switzerland,2023-W48,0.0,0.0,562.0,0.0
Switzerland,2023-W49,0.0,0.0,562.0,0.0
Switzerland,2023-W50,0.0,0.0,562.0,0.0
Switzerland,2023-W51,0.0,0.0,562.0,0.0
Switzerland,2023-W52,1.0,0.0,563.0,0.0
Switzerland,2024-W01,0.0,0.0,563.0,0.0
Switzerland,2024-W02,0.0,0.0,563.0,0.0
Switzerland,2024-W03,0.0,0.0,563.0,0.0
Switzerland,2024-W04,0.0,0.0,563.0,0.0
Switzerland,2024-W05,9.0,0.0,572.0,0.0
Switzerland,2024-W06,0.0,0.0,572.0,0.0
Switzerland,2024-W07,0.0,0.0,572.0,0.0
Switzerland,2024-W08,0.0,0.0,572.0,0.0
Switzerland,2024-W09,7.0,0.0,579.0,0.0
Switzerland,2024-W10,0.0,0.0,579.0,0.0
Switzerland,2024-W11,0.0,0.0,579.0,0.0
Switzerland,2024-W12,0.0,0.0,579.0,0.0
Switzerland,2024-W13,0.0,0.0,579.0,0.0
Switzerland,2024-W14,0.0,0.0,579.0,0.0
Switzerland,2024-W15,0.0,0.0,579.0,0.0
Switzerland,2024-W16,0.0,0.0,579.0,0.0
Switzerland,2024-W17,0.0,0.0,579.0,0.0
Switzerland,2024-W18,0.0,0.0,579.0,0.0
Switzerland,2024-W19,0.0,0.0,579.0,0.0
Switzerland,2024-W20,0.0,0.0,579.0,0.0
Switzerland,2024-W21,0.0,0.0,579.0,0.0
Switzerland,2024-W22,0.0,0.0,579.0,0.0
Switzerland,2024-W23,0.0,0.0,579.0,0.0
Switzerland,2024-W24,0.0,0.0,579.0,0.0
Switzerland,2024-W25,0.0,0.0,579.0,0.0
Switzerland,2024-W26,0.0,0.0,579.0,0.0
Switzerland,2024-W27,0.0,0.0,579.0,0.0
Switzerland,2024-W28,0.0,0.0,579.0,0.0
Switzerland,2024-W29,0.0,0.0,579.0,0.0
Switzerland,2024-W30,0.0,0.0,579.0,0.0
Switzerland,2024-W31,0.0,0.0,579.0,0.0
Switzerland,2024-W32,0.0,0.0,579.0,0.0
Switzerland,2024-W33,0.0,0.0,579.0,0.0
Switzerland,2024-W34,0.0,0.0,579.0,0.0
Switzerland,2024-W35,9.0,0.0,588.0,0.0
Switzerland,2024-W36,0.0,0.0,588.0,0.0
Switzerland,2024-W37,0.0,0.0,588.0,0.0
Switzerland,2024-W38,0.0,0.0,588.0,0.0
Switzerland,2024-W39,0.0,0.0,588.0,0.0
Switzerland,2024-W40,4.0,0.0,592.0,0.0
Switzerland,2024-W41,0.0,0.0,592.0,0.0
Switzerland,2024-W42,0.0,0.0,592.0,0.0
Switzerland,2024-W43,0.0,0.0,592.0,0.0
Switzerland,2024-W44,4.0,0.0,596.0,0.0
Switzerland,2024-W45,0.0,0.0,596.0,0.0
Switzerland,2024-W46,0.0,0.0,596.0,0.0
Switzerland,2024-W47,0.0,0.0,596.0,0.0
Switzerland,2024-W48,0.0,0.0,596.0,0.0
Switzerland,2024-W49,0.0,0.0,596.0,0.0
Switzerland,2024-W50,0.0,0.0,596.0,0.0
Switzerland,2024-W51,0.0,0.0,596.0,0.0
Switzerland,2024-W52,0.0,0.0,596.0,0.0
Switzerland,2025-W01,4.0,0.0,600.0,0.0
Switzerland,2025-W02,0.0,0.0,600.0,0.0
Switzerland,2025-W03,0.0,0.0,600.0,0.0
Switzerland,2025-W04,0.0,0.0,600.0,0.0
Switzerland,2025-W05,0.0,0.0,600.0,0.0
Switzerland,2025-W06,0.0,0.0,600.0,0.0
Switzerland,2025-W07,0.0,0.0,600.0,0.0
Switzerland,2025-W08,0.0,0.0,600.0,0.0
Switzerland,2025-W09,0.0,0.0,600.0,0.0
Switzerland,2025-W10,0.0,0.0,600.0,0.0
Switzerland,2025-W11,0.0,0.0,600.0,0.0
Switzerland,2025-W12,0.0,0.0,600.0,0.0
Switzerland,2025-W13,0.0,0.0,600.0,0.0
Switzerland,2025-W14,18.0,0.0,618.0,0.0
Switzerland,2025-W15,0.0,0.0,618.0,0.0
Switzerland,2025-W16,0.0,0.0,618.0,0.0
Switzerland,2025-W17,0.0,0.0,618.0,0.0
Switzerland,2025-W18,0.0,0.0,618.0,0.0
Switzerland,2025-W19,0.0,0.0,618.0,0.0
Switzerland,2025-W20,23.0,0.0,641.0,0.0
Switzerland,2025-W21,0.0,0.0,641.0,0.0
Switzerland,2025-W22,0.0,0.0,641.0,0.0
Switzerland,2025-W23,0.0,0.0,641.0,0.0
Switzerland,2025-W24,0.0,0.0,641.0,0.0
Switzerland,2025-W25,0.0,0.0,641.0,0.0
Switzerland,2025-W26,0.0,0.0,641.0,0.0
Switzerland,2025-W27,0.0,0.0,641.0,0.0
Switzerland,2025-W28,0.0,0.0,641.0,0.0
Switzerland,2025-W29,0.0,0.0,641.0,0.0
Switzerland,2025-W30,0.0,0.0,641.0,0.0
Switzerland,2025-W31,0.0,0.0,641.0,0.0
Switzerland,2025-W32,0.0,0.0,641.0,0.0
Switzerland,2025-W33,3.0,0.0,644.0,0.0
Switzerland,2025-W34,0.0,0.0,644.0,0.0
Switzerland,2025-W35,0.0,0.0,644.0,0.0
Switzerland,2025-W36,0.0,0.0,644.0,0.0
Switzerland,2025-W37,7.0,0.0,651.0,0.0
Switzerland,2025-W38,0.0,0.0,651.0,0.0
Switzerland,2025-W39,0.0,0.0,651.0,0.0
Switzerland,2025-W40,0.0,0.0,651.0,0.0
Switzerland,2025-W41,0.0,0.0,651.0,0.0
Switzerland,2025-W42,0.0,0.0,651.0,0.0
Switzerland,2025-W43,0.0,0.0,651.0,0.0
Switzerland,2025-W44,0.0,0.0,651.0,0.0
Switzerland,2025-W45,0.0,0.0,651.0,0.0
Switzerland,2025-W46,9.0,0.0,660.0,0.0
Switzerland,2025-W47,0.0,0.0,660.0,0.0
Switzerland,2025-W48,0.0,0.0,660.0,0.0
Switzerland,2025-W49,0.0,0.0,660.0,0.0
Switzerland,2025-W50,0.0,0.0,660.0,0.0
Switzerland,2025-W51,0.0,0.0,660.0,0.0
Switzerland,2025-W52,1.0,0.0,661.0,0.0
Tanzania,2025-W08,0.0,0.0,0.0,0.0
Tanzania,2025-W09,0.0,0.0,0.0,0.0
Tanzania,2025-W10,2.0,0.0,2.0,0.0
Tanzania,2025-W11,20.0,0.0,22.0,0.0
Tanzania,2025-W12,5.0,0.0,27.0,0.0
Tanzania,2025-W13,4.0,0.0,31.0,0.0
Tanzania,2025-W14,3.0,0.0,34.0,0.0
Tanzania,2025-W15,2.0,0.0,36.0,0.0
Tanzania,2025-W16,3.0,0.0,39.0,0.0
Tanzania,2025-W17,1.0,0.0,40.0,0.0
Tanzania,2025-W18,1.0,0.0,41.0,0.0
Tanzania,2025-W19,2.0,0.0,43.0,0.0
Tanzania,2025-W20,5.0,0.0,48.0,0.0
Tanzania,2025-W21,1.0,0.0,49.0,0.0
Tanzania,2025-W22,5.0,0.0,54.0,0.0
Tanzania,2025-W23,6.0,0.0,60.0,0.0
Tanzania,2025-W24,8.0,0.0,68.0,0.0
Tanzania,2025-W25,7.0,0.0,75.0,0.0
Tanzania,2025-W26,8.0,0.0,83.0,0.0
Tanzania,2025-W27,10.0,0.0,93.0,0.0
Tanzania,2025-W28,7.0,0.0,100.0,0.0
Tanzania,2025-W29,8.0,0.0,108.0,0.0
Tanzania,2025-W30,3.0,0.0,111.0,0.0
Tanzania,2025-W31,8.0,0.0,119.0,0.0
Tanzania,2025-W32,6.0,0.0,125.0,0.0
Tanzania,2025-W33,8.0,0.0,133.0,0.0
Tanzania,2025-W34,8.0,0.0,141.0,0.0
Tanzania,2025-W35,9.0,0.0,150.0,0.0
Tanzania,2025-W36,9.0,0.0,159.0,0.0
Tanzania,2025-W37,11.0,0.0,170.0,0.0
Tanzania,2025-W38,6.0,0.0,176.0,0.0
Tanzania,2025-W39,9.0,0.0,185.0,0.0
Tanzania,2025-W40,6.0,0.0,191.0,0.0
Tanzania,2025-W41,7.0,0.0,198.0,0.0
Tanzania,2025-W42,10.0,0.0,208.0,0.0
Tanzania,2025-W43,13.0,0.0,221.0,0.0
Tanzania,2025-W44,6.0,0.0,227.0,0.0
Tanzania,2025-W45,7.0,0.0,234.0,0.0
Tanzania,2025-W46,5.0,0.0,239.0,0.0
Tanzania,2025-W47,6.0,0.0,245.0,0.0
Tanzania,2025-W48,5.0,0.0,250.0,0.0
Tanzania,2025-W49,5.0,0.0,255.0,0.0
Tanzania,2025-W50,6.0,0.0,261.0,0.0
Tanzania,2025-W51,3.0,0.0,264.0,0.0
Tanzania,2025-W52,4.0,0.0,268.0,0.0
Thailand,2022-W29,1.0,0.0,1.0,0.0
Thailand,2022-W30,1.0,0.0,2.0,0.0
Thailand,2022-W31,2.0,0.0,4.0,0.0
Thailand,2022-W32,0.0,0.0,4.0,0.0
Thailand,2022-W33,1.0,0.0,5.0,0.0
Thailand,2022-W34,0.0,0.0,5.0,0.0
Thailand,2022-W35,2.0,0.0,7.0,0.0
Thailand,2022-W36,0.0,0.0,7.0,0.0
Thailand,2022-W37,1.0,0.0,8.0,0.0
Thailand,2022-W38,0.0,0.0,8.0,0.0
Thailand,2022-W39,2.0,0.0,10.0,0.0
Thailand,2022-W40,0.0,0.0,10.0,0.0
Thailand,2022-W41,0.0,0.0,10.0,0.0
Thailand,2022-W42,1.0,0.0,11.0,0.0
Thailand,2022-W43,1.0,0.0,12.0,0.0
Thailand,2022-W44,0.0,0.0,12.0,0.0
Thailand,2022-W45,0.0,0.0,12.0,0.0
Thailand,2022-W46,0.0,0.0,12.0,0.0
Thailand,2022-W47,0.0,0.0,12.0,0.0
Thailand,2022-W48,0.0,0.0,12.0,0.0
Thailand,2022-W49,0.0,0.0,12.0,0.0
Thailand,2022-W50,0.0,0.0,12.0,0.0
Thailand,2022-W51,0.0,0.0,12.0,0.0
Thailand,2022-W52,0.0,0.0,12.0,0.0
Thailand,2023-W01,0.0,0.0,12.0,0.0
Thailand,2023-W02,0.0,0.0,12.0,0.0
Thailand,2023-W03,0.0,0.0,12.0,0.0
Thailand,2023-W04,0.0,0.0,12.0,0.0
Thailand,2023-W05,3.0,0.0,15.0,0.0
Thailand,2023-W06,0.0,0.0,15.0,0.0
Thailand,2023-W07,0.0,0.0,15.0,0.0
Thailand,2023-W08,0.0,0.0,15.0,0.0
Thailand,2023-W09,0.0,0.0,15.0,0.0
Thailand,2023-W10,0.0,0.0,15.0,0.0
Thailand,2023-W11,2.0,0.0,17.0,0.0
Thailand,2023-W12,1.0,0.0,18.0,0.0
Thailand,2023-W13,0.0,0.0,18.0,0.0
Thailand,2023-W14,1.0,0.0,19.0,0.0
Thailand,2023-W15,0.0,0.0,19.0,0.0
Thailand,2023-W16,0.0,0.0,19.0,0.0
Thailand,2023-W17,2.0,0.0,21.0,0.0
Thailand,2023-W18,0.0,0.0,21.0,0.0
Thailand,2023-W19,5.0,0.0,26.0,0.0
Thailand,2023-W20,0.0,0.0,26.0,0.0
Thailand,2023-W21,0.0,0.0,26.0,0.0
Thailand,2023-W22,17.0,0.0,43.0,0.0
Thailand,2023-W23,6.0,0.0,49.0,0.0
Thailand,2023-W24,7.0,0.0,56.0,0.0
Thailand,2023-W25,0.0,0.0,56.0,0.0
Thailand,2023-W26,0.0,0.0,56.0,0.0
Thailand,2023-W27,35.0,0.0,91.0,0.0
Thailand,2023-W28,28.0,0.0,119.0,0.0
Thailand,2023-W29,0.0,0.0,119.0,0.0
Thailand,2023-W30,0.0,0.0,119.0,0.0
Thailand,2023-W31,0.0,0.0,119.0,0.0
Thailand,2023-W32,0.0,0.0,119.0,0.0
Thailand,2023-W33,70.0,1.0,189.0,1.0
Thailand,2023-W34,28.0,0.0,217.0,1.0
Thailand,2023-W35,99.0,0.0,316.0,1.0
Thailand,2023-W36,9.0,0.0,325.0,1.0
Thailand,2023-W37,0.0,0.0,325.0,1.0
Thailand,2023-W38,74.0,0.0,399.0,1.0
Thailand,2023-W39,61.0,0.0,460.0,1.0
Thailand,2023-W40,0.0,0.0,460.0,1.0
Thailand,2023-W41,0.0,0.0,460.0,1.0
Thailand,2023-W42,0.0,0.0,460.0,1.0
Thailand,2023-W43,0.0,0.0,460.0,1.0
Thailand,2023-W44,117.0,0.0,577.0,1.0
Thailand,2023-W45,0.0,0.0,577.0,1.0
Thailand,2023-W46,0.0,0.0,577.0,1.0
Thailand,2023-W47,0.0,0.0,577.0,1.0
Thailand,2023-W48,79.0,0.0,656.0,1.0
Thailand,2023-W49,0.0,0.0,656.0,1.0
Thailand,2023-W50,0.0,0.0,656.0,1.0
Thailand,2023-W51,0.0,0.0,656.0,1.0
Thailand,2023-W52,29.0,0.0,685.0,1.0
Thailand,2024-W01,0.0,0.0,685.0,1.0
Thailand,2024-W02,0.0,0.0,685.0,1.0
Thailand,2024-W03,0.0,0.0,685.0,1.0
Thailand,2024-W04,0.0,0.0,685.0,1.0
Thailand,2024-W05,36.0,0.0,721.0,1.0
Thailand,2024-W06,0.0,0.0,721.0,1.0
Thailand,2024-W07,0.0,0.0,721.0,1.0
Thailand,2024-W08,0.0,0.0,721.0,1.0
Thailand,2024-W09,22.0,0.0,743.0,1.0
Thailand,2024-W10,0.0,0.0,743.0,1.0
Thailand,2024-W11,0.0,0.0,743.0,1.0
Thailand,2024-W12,0.0,0.0,743.0,1.0
Thailand,2024-W13,12.0,0.0,755.0,1.0
Thailand,2024-W14,6.0,0.0,761.0,1.0
Thailand,2024-W15,0.0,0.0,761.0,1.0
Thailand,2024-W16,0.0,0.0,761.0,1.0
Thailand,2024-W17,0.0,0.0,761.0,1.0
Thailand,2024-W18,13.0,0.0,774.0,1.0
Thailand,2024-W19,0.0,0.0,774.0,1.0
Thailand,2024-W20,0.0,0.0,774.0,1.0
Thailand,2024-W21,0.0,0.0,774.0,1.0
Thailand,2024-W22,21.0,9.0,795.0,10.0
Thailand,2024-W23,0.0,0.0,795.0,10.0
Thailand,2024-W24,0.0,0.0,795.0,10.0
Thailand,2024-W25,0.0,0.0,795.0,10.0
Thailand,2024-W26,10.0,0.0,805.0,10.0
Thailand,2024-W27,0.0,0.0,805.0,10.0
Thailand,2024-W28,0.0,0.0,805.0,10.0
Thailand,2024-W29,0.0,0.0,805.0,10.0
Thailand,2024-W30,0.0,0.0,805.0,10.0
Thailand,2024-W31,15.0,0.0,820.0,10.0
Thailand,2024-W32,0.0,0.0,820.0,10.0
Thailand,2024-W33,0.0,0.0,820.0,10.0
Thailand,2024-W34,0.0,0.0,820.0,10.0
Thailand,2024-W35,13.0,0.0,833.0,10.0
Thailand,2024-W36,0.0,0.0,833.0,10.0
Thailand,2024-W37,0.0,0.0,833.0,10.0
Thailand,2024-W38,0.0,0.0,833.0,10.0
Thailand,2024-W39,0.0,0.0,833.0,10.0
Thailand,2024-W40,12.0,0.0,845.0,10.0
Thailand,2024-W41,0.0,0.0,845.0,10.0
Thailand,2024-W42,0.0,0.0,845.0,10.0
Thailand,2024-W43,0.0,0.0,845.0,10.0
Thailand,2024-W44,13.0,0.0,858.0,10.0
Thailand,2024-W45,0.0,0.0,858.0,10.0
Thailand,2024-W46,0.0,0.0,858.0,10.0
Thailand,2024-W47,0.0,0.0,858.0,10.0
Thailand,2024-W48,7.0,0.0,865.0,10.0
Thailand,2024-W49,0.0,0.0,865.0,10.0
Thailand,2024-W50,0.0,0.0,865.0,10.0
Thailand,2024-W51,0.0,0.0,865.0,10.0
Thailand,2024-W52,0.0,0.0,865.0,10.0
Thailand,2025-W01,0.0,0.0,865.0,10.0
Thailand,2025-W02,0.0,0.0,865.0,10.0
Thailand,2025-W03,0.0,0.0,865.0,10.0
Thailand,2025-W04,0.0,0.0,865.0,10.0
Thailand,2025-W05,5.0,3.0,870.0,13.0
Thailand,2025-W06,0.0,0.0,870.0,13.0
Thailand,2025-W07,0.0,0.0,870.0,13.0
Thailand,2025-W08,0.0,0.0,870.0,13.0
Thailand,2025-W09,2.0,0.0,872.0,13.0
Thailand,2025-W10,0.0,0.0,872.0,13.0
Thailand,2025-W11,0.0,0.0,872.0,13.0
Thailand,2025-W12,0.0,0.0,872.0,13.0
Thailand,2025-W13,0.0,0.0,872.0,13.0
Thailand,2025-W14,4.0,0.0,876.0,13.0
Thailand,2025-W15,0.0,0.0,876.0,13.0
Thailand,2025-W16,0.0,0.0,876.0,13.0
Thailand,2025-W17,0.0,0.0,876.0,13.0
Thailand,2025-W18,10.0,0.0,886.0,13.0
Thailand,2025-W19,0.0,0.0,886.0,13.0
Thailand,2025-W20,0.0,0.0,886.0,13.0
Thailand,2025-W21,0.0,0.0,886.0,13.0
Thailand,2025-W22,10.0,0.0,896.0,13.0
Thailand,2025-W23,0.0,0.0,896.0,13.0
Thailand,2025-W24,0.0,0.0,896.0,13.0
Thailand,2025-W25,0.0,0.0,896.0,13.0
Thailand,2025-W26,0.0,0.0,896.0,13.0
Thailand,2025-W27,13.0,0.0,909.0,13.0
Thailand,2025-W28,0.0,0.0,909.0,13.0
Thailand,2025-W29,0.0,0.0,909.0,13.0
Thailand,2025-W30,0.0,0.0,909.0,13.0
Thailand,2025-W31,16.0,0.0,925.0,13.0
Thailand,2025-W32,0.0,0.0,925.0,13.0
Thailand,2025-W33,0.0,0.0,925.0,13.0
Thailand,2025-W34,0.0,0.0,925.0,13.0
Thailand,2025-W35,12.0,0.0,937.0,13.0
Thailand,2025-W36,0.0,0.0,937.0,13.0
Thailand,2025-W37,0.0,0.0,937.0,13.0
Thailand,2025-W38,0.0,0.0,937.0,13.0
Thailand,2025-W39,0.0,0.0,937.0,13.0
Thailand,2025-W40,23.0,0.0,960.0,13.0
Thailand,2025-W41,0.0,0.0,960.0,13.0
Thailand,2025-W42,0.0,0.0,960.0,13.0
Thailand,2025-W43,0.0,0.0,960.0,13.0
Thailand,2025-W44,31.0,0.0,991.0,13.0
Thailand,2025-W45,0.0,0.0,991.0,13.0
Thailand,2025-W46,0.0,0.0,991.0,13.0
Thailand,2025-W47,0.0,0.0,991.0,13.0
Thailand,2025-W48,20.0,0.0,1011.0,13.0
Thailand,2025-W49,0.0,0.0,1011.0,13.0
Thailand,2025-W50,0.0,0.0,1011.0,13.0
Thailand,2025-W51,0.0,0.0,1011.0,13.0
Thailand,2025-W52,0.0,0.0,1011.0,13.0
Thailand,2026-W01,1.0,0.0,1012.0,13.0
Togo,2025-W19,0.0,0.0,0.0,0.0
Togo,2025-W20,3.0,0.0,3.0,0.0
Togo,2025-W21,5.0,0.0,8.0,0.0
Togo,2025-W22,2.0,0.0,10.0,0.0
Togo,2025-W23,5.0,0.0,15.0,0.0
Togo,2025-W24,12.0,0.0,27.0,0.0
Togo,2025-W25,4.0,0.0,31.0,0.0
Togo,2025-W26,5.0,0.0,36.0,0.0
Togo,2025-W27,4.0,0.0,40.0,0.0
Togo,2025-W28,7.0,0.0,47.0,0.0
Togo,2025-W29,2.0,0.0,49.0,0.0
Togo,2025-W30,5.0,0.0,54.0,0.0
Togo,2025-W31,3.0,0.0,57.0,0.0
Togo,2025-W32,1.0,0.0,58.0,0.0
Togo,2025-W33,3.0,0.0,61.0,0.0
Togo,2025-W34,8.0,0.0,69.0,0.0
Togo,2025-W35,4.0,0.0,73.0,0.0
Togo,2025-W36,1.0,0.0,74.0,0.0
Togo,2025-W37,3.0,0.0,77.0,0.0
Togo,2025-W38,1.0,0.0,78.0,0.0
Togo,2025-W39,2.0,0.0,80.0,0.0
Togo,2025-W40,1.0,0.0,81.0,0.0
Togo,2025-W41,1.0,0.0,82.0,0.0
Togo,2025-W42,4.0,0.0,86.0,0.0
Togo,2025-W43,0.0,0.0,86.0,0.0
Togo,2025-W44,1.0,0.0,87.0,0.0
Togo,2025-W45,1.0,0.0,88.0,0.0
Trinidad and Tobago,2023-W28,2.0,0.0,2.0,0.0
Trinidad and Tobago,2023-W29,2.0,0.0,4.0,0.0
Trinidad and Tobago,2023-W30,0.0,0.0,4.0,0.0
Trinidad and Tobago,2023-W31,0.0,0.0,4.0,0.0
Trinidad and Tobago,2023-W32,0.0,0.0,4.0,0.0
Trinidad and Tobago,2023-W33,0.0,0.0,4.0,0.0
Trinidad and Tobago,2023-W34,0.0,0.0,4.0,0.0
Trinidad and Tobago,2023-W35,0.0,0.0,4.0,0.0
Trinidad and Tobago,2023-W36,0.0,0.0,4.0,0.0
Trinidad and Tobago,2023-W37,0.0,0.0,4.0,0.0
Trinidad and Tobago,2023-W38,0.0,0.0,4.0,0.0
Trinidad and Tobago,2023-W39,0.0,0.0,4.0,0.0
Trinidad and Tobago,2023-W40,0.0,0.0,4.0,0.0
Trinidad and Tobago,2023-W41,0.0,0.0,4.0,0.0
Trinidad and Tobago,2023-W42,0.0,0.0,4.0,0.0
Trinidad and Tobago,2023-W43,0.0,0.0,4.0,0.0
Trinidad and Tobago,2023-W44,0.0,0.0,4.0,0.0
Trinidad and Tobago,2023-W45,0.0,0.0,4.0,0.0
Trinidad and Tobago,2023-W46,0.0,0.0,4.0,0.0
Trinidad and Tobago,2023-W47,0.0,0.0,4.0,0.0
Trinidad and Tobago,2023-W48,0.0,0.0,4.0,0.0
Trinidad and Tobago,2023-W49,0.0,0.0,4.0,0.0
Trinidad and Tobago,2023-W50,0.0,0.0,4.0,0.0
Trinidad and Tobago,2023-W51,0.0,0.0,4.0,0.0
Trinidad and Tobago,2023-W52,0.0,0.0,4.0,0.0
Trinidad and Tobago,2024-W01,0.0,0.0,4.0,0.0
Trinidad and Tobago,2024-W02,0.0,0.0,4.0,0.0
Trinidad and Tobago,2024-W03,0.0,0.0,4.0,0.0
Trinidad and Tobago,2024-W04,0.0,0.0,4.0,0.0
Trinidad and Tobago,2024-W05,0.0,0.0,4.0,0.0
Trinidad and Tobago,2024-W06,0.0,0.0,4.0,0.0
Trinidad and Tobago,2024-W07,0.0,0.0,4.0,0.0
Trinidad and Tobago,2024-W08,0.0,0.0,4.0,0.0
Trinidad and Tobago,2024-W09,0.0,0.0,4.0,0.0
Trinidad and Tobago,2024-W10,0.0,0.0,4.0,0.0
Trinidad and Tobago,2024-W11,0.0,0.0,4.0,0.0
Trinidad and Tobago,2024-W12,0.0,0.0,4.0,0.0
Trinidad and Tobago,2024-W13,0.0,0.0,4.0,0.0
Trinidad and Tobago,2024-W14,0.0,0.0,4.0,0.0
Trinidad and Tobago,2024-W15,0.0,0.0,4.0,0.0
Trinidad and Tobago,2024-W16,0.0,0.0,4.0,0.0
Trinidad and Tobago,2024-W17,0.0,0.0,4.0,0.0
Trinidad and Tobago,2024-W18,0.0,0.0,4.0,0.0
Trinidad and Tobago,2024-W19,0.0,0.0,4.0,0.0
Trinidad and Tobago,2024-W20,0.0,0.0,4.0,0.0
Trinidad and Tobago,2024-W21,0.0,0.0,4.0,0.0
Trinidad and Tobago,2024-W22,0.0,0.0,4.0,0.0
Trinidad and Tobago,2024-W23,0.0,0.0,4.0,0.0
Trinidad and Tobago,2024-W24,0.0,0.0,4.0,0.0
Trinidad and Tobago,2024-W25,0.0,0.0,4.0,0.0
Trinidad and Tobago,2024-W26,0.0,0.0,4.0,0.0
Trinidad and Tobago,2024-W27,0.0,0.0,4.0,0.0
Trinidad and Tobago,2024-W28,0.0,0.0,4.0,0.0
Trinidad and Tobago,2024-W29,0.0,0.0,4.0,0.0
Trinidad and Tobago,2024-W30,0.0,0.0,4.0,0.0
Trinidad and Tobago,2024-W31,0.0,0.0,4.0,0.0
Trinidad and Tobago,2024-W32,0.0,0.0,4.0,0.0
Trinidad and Tobago,2024-W33,0.0,0.0,4.0,0.0
Trinidad and Tobago,2024-W34,0.0,0.0,4.0,0.0
Trinidad and Tobago,2024-W35,0.0,0.0,4.0,0.0
Trinidad and Tobago,2024-W36,0.0,0.0,4.0,0.0
Trinidad and Tobago,2024-W37,0.0,0.0,4.0,0.0
Trinidad and Tobago,2024-W38,0.0,0.0,4.0,0.0
Trinidad and Tobago,2024-W39,0.0,0.0,4.0,0.0
Trinidad and Tobago,2024-W40,0.0,0.0,4.0,0.0
Trinidad and Tobago,2024-W41,0.0,0.0,4.0,0.0
Trinidad and Tobago,2024-W42,0.0,0.0,4.0,0.0
Trinidad and Tobago,2024-W43,0.0,0.0,4.0,0.0
Trinidad and Tobago,2024-W44,0.0,0.0,4.0,0.0
Trinidad and Tobago,2024-W45,0.0,0.0,4.0,0.0
Trinidad and Tobago,2024-W46,0.0,0.0,4.0,0.0
Trinidad and Tobago,2024-W47,0.0,0.0,4.0,0.0
Trinidad and Tobago,2024-W48,0.0,0.0,4.0,0.0
Trinidad and Tobago,2024-W49,0.0,0.0,4.0,0.0
Trinidad and Tobago,2024-W50,0.0,0.0,4.0,0.0
Trinidad and Tobago,2024-W51,0.0,0.0,4.0,0.0
Trinidad and Tobago,2024-W52,0.0,0.0,4.0,0.0
Trinidad and Tobago,2025-W01,0.0,0.0,4.0,0.0
Trinidad and Tobago,2025-W02,0.0,0.0,4.0,0.0
Trinidad and Tobago,2025-W03,0.0,0.0,4.0,0.0
Trinidad and Tobago,2025-W04,0.0,0.0,4.0,0.0
Trinidad and Tobago,2025-W05,0.0,0.0,4.0,0.0
Trinidad and Tobago,2025-W06,0.0,0.0,4.0,0.0
Trinidad and Tobago,2025-W07,0.0,0.0,4.0,0.0
Trinidad and Tobago,2025-W08,0.0,0.0,4.0,0.0
Trinidad and Tobago,2025-W09,0.0,0.0,4.0,0.0
Trinidad and Tobago,2025-W10,0.0,0.0,4.0,0.0
Trinidad and Tobago,2025-W11,0.0,0.0,4.0,0.0
Trinidad and Tobago,2025-W12,0.0,0.0,4.0,0.0
Trinidad and Tobago,2025-W13,0.0,0.0,4.0,0.0
Trinidad and Tobago,2025-W14,0.0,0.0,4.0,0.0
Trinidad and Tobago,2025-W15,0.0,0.0,4.0,0.0
Trinidad and Tobago,2025-W16,0.0,0.0,4.0,0.0
Trinidad and Tobago,2025-W17,0.0,0.0,4.0,0.0
Trinidad and Tobago,2025-W18,0.0,0.0,4.0,0.0
Trinidad and Tobago,2025-W19,0.0,0.0,4.0,0.0
Trinidad and Tobago,2025-W20,0.0,0.0,4.0,0.0
Trinidad and Tobago,2025-W21,0.0,0.0,4.0,0.0
Trinidad and Tobago,2025-W22,0.0,0.0,4.0,0.0
Trinidad and Tobago,2025-W23,0.0,0.0,4.0,0.0
Trinidad and Tobago,2025-W24,0.0,0.0,4.0,0.0
Trinidad and Tobago,2025-W25,0.0,0.0,4.0,0.0
Trinidad and Tobago,2025-W26,0.0,0.0,4.0,0.0
Trinidad and Tobago,2025-W27,0.0,0.0,4.0,0.0
Trinidad and Tobago,2025-W28,0.0,0.0,4.0,0.0
Trinidad and Tobago,2025-W29,0.0,0.0,4.0,0.0
Trinidad and Tobago,2025-W30,0.0,0.0,4.0,0.0
Trinidad and Tobago,2025-W31,0.0,0.0,4.0,0.0
Trinidad and Tobago,2025-W32,0.0,0.0,4.0,0.0
Trinidad and Tobago,2025-W33,0.0,0.0,4.0,0.0
Trinidad and Tobago,2025-W34,0.0,0.0,4.0,0.0
Trinidad and Tobago,2025-W35,0.0,0.0,4.0,0.0
Trinidad and Tobago,2025-W36,0.0,0.0,4.0,0.0
Trinidad and Tobago,2025-W37,0.0,0.0,4.0,0.0
Trinidad and Tobago,2025-W38,0.0,0.0,4.0,0.0
Trinidad and Tobago,2025-W39,0.0,0.0,4.0,0.0
Trinidad and Tobago,2025-W40,0.0,0.0,4.0,0.0
Trinidad and Tobago,2025-W41,0.0,0.0,4.0,0.0
Trinidad and Tobago,2025-W42,0.0,0.0,4.0,0.0
Trinidad and Tobago,2025-W43,0.0,0.0,4.0,0.0
Trinidad and Tobago,2025-W44,0.0,0.0,4.0,0.0
Trinidad and Tobago,2025-W45,0.0,0.0,4.0,0.0
Trinidad and Tobago,2025-W46,0.0,0.0,4.0,0.0
Trinidad and Tobago,2025-W47,0.0,0.0,4.0,0.0
Trinidad and Tobago,2025-W48,0.0,0.0,4.0,0.0
Trinidad and Tobago,2025-W49,0.0,0.0,4.0,0.0
Trinidad and Tobago,2025-W50,0.0,0.0,4.0,0.0
Trinidad and Tobago,2025-W51,0.0,0.0,4.0,0.0
Trinidad and Tobago,2025-W52,0.0,0.0,4.0,0.0
Trinidad and Tobago,2026-W01,0.0,0.0,4.0,0.0
Turkey,2022-W26,1.0,0.0,1.0,0.0
Turkey,2022-W27,0.0,0.0,1.0,0.0
Turkey,2022-W28,0.0,0.0,1.0,0.0
Turkey,2022-W29,0.0,0.0,1.0,0.0
Turkey,2022-W30,0.0,0.0,1.0,0.0
Turkey,2022-W31,0.0,0.0,1.0,0.0
Turkey,2022-W32,0.0,0.0,1.0,0.0
Turkey,2022-W33,0.0,0.0,1.0,0.0
Turkey,2022-W34,0.0,0.0,1.0,0.0
Turkey,2022-W35,0.0,0.0,1.0,0.0
Turkey,2022-W36,0.0,0.0,1.0,0.0
Turkey,2022-W37,0.0,0.0,1.0,0.0
Turkey,2022-W38,0.0,0.0,1.0,0.0
Turkey,2022-W39,0.0,0.0,1.0,0.0
Turkey,2022-W40,11.0,0.0,12.0,0.0
Turkey,2022-W41,0.0,0.0,12.0,0.0
Turkey,2022-W42,0.0,0.0,12.0,0.0
Turkey,2022-W43,0.0,0.0,12.0,0.0
Turkey,2022-W44,0.0,0.0,12.0,0.0
Turkey,2022-W45,0.0,0.0,12.0,0.0
Turkey,2022-W46,0.0,0.0,12.0,0.0
Turkey,2022-W47,0.0,0.0,12.0,0.0
Turkey,2022-W48,0.0,0.0,12.0,0.0
Turkey,2022-W49,0.0,0.0,12.0,0.0
Turkey,2022-W50,0.0,0.0,12.0,0.0
Turkey,2022-W51,0.0,0.0,12.0,0.0
Turkey,2022-W52,0.0,0.0,12.0,0.0
Turkey,2023-W01,0.0,0.0,12.0,0.0
Turkey,2023-W02,0.0,0.0,12.0,0.0
Turkey,2023-W03,0.0,0.0,12.0,0.0
Turkey,2023-W04,0.0,0.0,12.0,0.0
Turkey,2023-W05,0.0,0.0,12.0,0.0
Turkey,2023-W06,0.0,0.0,12.0,0.0
Turkey,2023-W07,0.0,0.0,12.0,0.0
Turkey,2023-W08,0.0,0.0,12.0,0.0
Turkey,2023-W09,0.0,0.0,12.0,0.0
Turkey,2023-W10,0.0,0.0,12.0,0.0
Turkey,2023-W11,0.0,0.0,12.0,0.0
Turkey,2023-W12,0.0,0.0,12.0,0.0
Turkey,2023-W13,0.0,0.0,12.0,0.0
Turkey,2023-W14,0.0,0.0,12.0,0.0
Turkey,2023-W15,0.0,0.0,12.0,0.0
Turkey,2023-W16,0.0,0.0,12.0,0.0
Turkey,2023-W17,0.0,0.0,12.0,0.0
Turkey,2023-W18,0.0,0.0,12.0,0.0
Turkey,2023-W19,0.0,0.0,12.0,0.0
Turkey,2023-W20,0.0,0.0,12.0,0.0
Turkey,2023-W21,0.0,0.0,12.0,0.0
Turkey,2023-W22,0.0,0.0,12.0,0.0
Turkey,2023-W23,0.0,0.0,12.0,0.0
Turkey,2023-W24,0.0,0.0,12.0,0.0
Turkey,2023-W25,0.0,0.0,12.0,0.0
Turkey,2023-W26,0.0,0.0,12.0,0.0
Turkey,2023-W27,0.0,0.0,12.0,0.0
Turkey,2023-W28,0.0,0.0,12.0,0.0
Turkey,2023-W29,0.0,0.0,12.0,0.0
Turkey,2023-W30,0.0,0.0,12.0,0.0
Turkey,2023-W31,0.0,0.0,12.0,0.0
Turkey,2023-W32,0.0,0.0,12.0,0.0
Turkey,2023-W33,0.0,0.0,12.0,0.0
Turkey,2023-W34,0.0,0.0,12.0,0.0
Turkey,2023-W35,0.0,0.0,12.0,0.0
Turkey,2023-W36,0.0,0.0,12.0,0.0
Turkey,2023-W37,0.0,0.0,12.0,0.0
Turkey,2023-W38,0.0,0.0,12.0,0.0
Turkey,2023-W39,0.0,0.0,12.0,0.0
Turkey,2023-W40,0.0,0.0,12.0,0.0
Turkey,2023-W41,0.0,0.0,12.0,0.0
Turkey,2023-W42,0.0,0.0,12.0,0.0
Turkey,2023-W43,0.0,0.0,12.0,0.0
Turkey,2023-W44,0.0,0.0,12.0,0.0
Turkey,2023-W45,0.0,0.0,12.0,0.0
Turkey,2023-W46,0.0,0.0,12.0,0.0
Turkey,2023-W47,0.0,0.0,12.0,0.0
Turkey,2023-W48,0.0,0.0,12.0,0.0
Turkey,2023-W49,0.0,0.0,12.0,0.0
Turkey,2023-W50,0.0,0.0,12.0,0.0
Turkey,2023-W51,0.0,0.0,12.0,0.0
Turkey,2023-W52,0.0,0.0,12.0,0.0
Turkey,2024-W01,0.0,0.0,12.0,0.0
Turkey,2024-W02,0.0,0.0,12.0,0.0
Turkey,2024-W03,0.0,0.0,12.0,0.0
Turkey,2024-W04,0.0,0.0,12.0,0.0
Turkey,2024-W05,0.0,0.0,12.0,0.0
Turkey,2024-W06,0.0,0.0,12.0,0.0
Turkey,2024-W07,0.0,0.0,12.0,0.0
Turkey,2024-W08,0.0,0.0,12.0,0.0
Turkey,2024-W09,0.0,0.0,12.0,0.0
Turkey,2024-W10,0.0,0.0,12.0,0.0
Turkey,2024-W11,0.0,0.0,12.0,0.0
Turkey,2024-W12,0.0,0.0,12.0,0.0
Turkey,2024-W13,0.0,0.0,12.0,0.0
Turkey,2024-W14,0.0,0.0,12.0,0.0
Turkey,2024-W15,0.0,0.0,12.0,0.0
Turkey,2024-W16,0.0,0.0,12.0,0.0
Turkey,2024-W17,0.0,0.0,12.0,0.0
Turkey,2024-W18,0.0,0.0,12.0,0.0
Turkey,2024-W19,0.0,0.0,12.0,0.0
Turkey,2024-W20,0.0,0.0,12.0,0.0
Turkey,2024-W21,0.0,0.0,12.0,0.0
Turkey,2024-W22,0.0,0.0,12.0,0.0
Turkey,2024-W23,0.0,0.0,12.0,0.0
Turkey,2024-W24,0.0,0.0,12.0,0.0
Turkey,2024-W25,0.0,0.0,12.0,0.0
Turkey,2024-W26,0.0,0.0,12.0,0.0
Turkey,2024-W27,0.0,0.0,12.0,0.0
Turkey,2024-W28,0.0,0.0,12.0,0.0
Turkey,2024-W29,0.0,0.0,12.0,0.0
Turkey,2024-W30,0.0,0.0,12.0,0.0
Turkey,2024-W31,0.0,0.0,12.0,0.0
Turkey,2024-W32,0.0,0.0,12.0,0.0
Turkey,2024-W33,0.0,0.0,12.0,0.0
Turkey,2024-W34,0.0,0.0,12.0,0.0
Turkey,2024-W35,0.0,0.0,12.0,0.0
Turkey,2024-W36,0.0,0.0,12.0,0.0
Turkey,2024-W37,0.0,0.0,12.0,0.0
Turkey,2024-W38,0.0,0.0,12.0,0.0
Turkey,2024-W39,0.0,0.0,12.0,0.0
Turkey,2024-W40,0.0,0.0,12.0,0.0
Turkey,2024-W41,0.0,0.0,12.0,0.0
Turkey,2024-W42,0.0,0.0,12.0,0.0
Turkey,2024-W43,0.0,0.0,12.0,0.0
Turkey,2024-W44,0.0,0.0,12.0,0.0
Turkey,2024-W45,0.0,0.0,12.0,0.0
Turkey,2024-W46,0.0,0.0,12.0,0.0
Turkey,2024-W47,0.0,0.0,12.0,0.0
Turkey,2024-W48,0.0,0.0,12.0,0.0
Turkey,2024-W49,0.0,0.0,12.0,0.0
Turkey,2024-W50,0.0,0.0,12.0,0.0
Turkey,2024-W51,0.0,0.0,12.0,0.0
Turkey,2024-W52,0.0,0.0,12.0,0.0
Turkey,2025-W01,0.0,0.0,12.0,0.0
Turkey,2025-W02,20.0,0.0,32.0,0.0
Turkey,2025-W03,0.0,0.0,32.0,0.0
Turkey,2025-W04,0.0,0.0,32.0,0.0
Turkey,2025-W05,0.0,0.0,32.0,0.0
Turkey,2025-W06,0.0,0.0,32.0,0.0
Turkey,2025-W07,0.0,0.0,32.0,0.0
Turkey,2025-W08,0.0,0.0,32.0,0.0
Turkey,2025-W09,0.0,0.0,32.0,0.0
Turkey,2025-W10,0.0,0.0,32.0,0.0
Turkey,2025-W11,0.0,0.0,32.0,0.0
Turkey,2025-W12,0.0,0.0,32.0,0.0
Turkey,2025-W13,0.0,0.0,32.0,0.0
Turkey,2025-W14,0.0,0.0,32.0,0.0
Turkey,2025-W15,0.0,0.0,32.0,0.0
Turkey,2025-W16,0.0,0.0,32.0,0.0
Turkey,2025-W17,0.0,0.0,32.0,0.0
Turkey,2025-W18,6.0,0.0,38.0,0.0
Turkey,2025-W19,0.0,0.0,38.0,0.0
Turkey,2025-W20,0.0,0.0,38.0,0.0
Turkey,2025-W21,0.0,0.0,38.0,0.0
Turkey,2025-W22,0.0,0.0,38.0,0.0
Turkey,2025-W23,0.0,0.0,38.0,0.0
Turkey,2025-W24,0.0,0.0,38.0,0.0
Turkey,2025-W25,0.0,0.0,38.0,0.0
Turkey,2025-W26,0.0,0.0,38.0,0.0
Turkey,2025-W27,0.0,0.0,38.0,0.0
Turkey,2025-W28,29.0,0.0,67.0,0.0
Turkey,2025-W29,0.0,0.0,67.0,0.0
Turkey,2025-W30,0.0,0.0,67.0,0.0
Turkey,2025-W31,0.0,0.0,67.0,0.0
Turkey,2025-W32,0.0,0.0,67.0,0.0
Turkey,2025-W33,4.0,0.0,71.0,0.0
Turkey,2025-W34,0.0,0.0,71.0,0.0
Turkey,2025-W35,0.0,0.0,71.0,0.0
Turkey,2025-W36,0.0,0.0,71.0,0.0
Turkey,2025-W37,0.0,0.0,71.0,0.0
Turkey,2025-W38,0.0,0.0,71.0,0.0
Turkey,2025-W39,0.0,0.0,71.0,0.0
Turkey,2025-W40,0.0,0.0,71.0,0.0
Turkey,2025-W41,0.0,0.0,71.0,0.0
Turkey,2025-W42,0.0,0.0,71.0,0.0
Turkey,2025-W43,0.0,0.0,71.0,0.0
Turkey,2025-W44,0.0,0.0,71.0,0.0
Turkey,2025-W45,0.0,0.0,71.0,0.0
Turkey,2025-W46,0.0,0.0,71.0,0.0
Turkey,2025-W47,0.0,0.0,71.0,0.0
Turkey,2025-W48,0.0,0.0,71.0,0.0
Turkey,2025-W49,0.0,0.0,71.0,0.0
Turkey,2025-W50,0.0,0.0,71.0,0.0
Turkey,2025-W51,0.0,0.0,71.0,0.0
Turkey,2025-W52,0.0,0.0,71.0,0.0
Uganda,2024-W27,0.0,0.0,0.0,0.0
Uganda,2024-W28,3.0,0.0,3.0,0.0
Uganda,2024-W29,0.0,0.0,3.0,0.0
Uganda,2024-W30,0.0,0.0,3.0,0.0
Uganda,2024-W31,0.0,0.0,3.0,0.0
Uganda,2024-W32,2.0,0.0,5.0,0.0
Uganda,2024-W33,1.0,0.0,6.0,0.0
Uganda,2024-W34,1.0,0.0,7.0,0.0
Uganda,2024-W35,1.0,0.0,8.0,0.0
Uganda,2024-W36,2.0,0.0,10.0,0.0
Uganda,2024-W37,1.0,0.0,11.0,0.0
Uganda,2024-W38,11.0,1.0,22.0,1.0
Uganda,2024-W39,16.0,0.0,38.0,1.0
Uganda,2024-W40,32.0,0.0,70.0,1.0
Uganda,2024-W41,41.0,0.0,111.0,1.0
Uganda,2024-W42,53.0,1.0,164.0,2.0
Uganda,2024-W43,108.0,1.0,272.0,3.0
Uganda,2024-W44,105.0,1.0,377.0,4.0
Uganda,2024-W45,85.0,1.0,462.0,5.0
Uganda,2024-W46,107.0,0.0,569.0,5.0
Uganda,2024-W47,124.0,1.0,693.0,6.0
Uganda,2024-W48,133.0,1.0,826.0,7.0
Uganda,2024-W49,134.0,1.0,960.0,8.0
Uganda,2024-W50,125.0,0.0,1085.0,8.0
Uganda,2024-W51,168.0,1.0,1253.0,9.0
Uganda,2024-W52,99.0,4.0,1352.0,13.0
Uganda,2025-W01,206.0,1.0,1558.0,14.0
Uganda,2025-W02,278.0,2.0,1836.0,16.0
Uganda,2025-W03,291.0,2.0,2127.0,18.0
Uganda,2025-W04,335.0,2.0,2462.0,20.0
Uganda,2025-W05,197.0,2.0,2659.0,22.0
Uganda,2025-W06,210.0,3.0,2869.0,25.0
Uganda,2025-W07,266.0,3.0,3135.0,28.0
Uganda,2025-W08,352.0,2.0,3487.0,30.0
Uganda,2025-W09,283.0,1.0,3770.0,31.0
Uganda,2025-W10,273.0,3.0,4043.0,34.0
Uganda,2025-W11,402.0,2.0,4445.0,36.0
Uganda,2025-W12,188.0,1.0,4633.0,37.0
Uganda,2025-W13,247.0,0.0,4880.0,37.0
Uganda,2025-W14,272.0,3.0,5152.0,40.0
Uganda,2025-W15,234.0,0.0,5386.0,40.0
Uganda,2025-W16,178.0,0.0,5564.0,40.0
Uganda,2025-W17,160.0,0.0,5724.0,40.0
Uganda,2025-W18,217.0,1.0,5941.0,41.0
Uganda,2025-W19,233.0,0.0,6174.0,41.0
Uganda,2025-W20,149.0,1.0,6323.0,42.0
Uganda,2025-W21,145.0,1.0,6468.0,43.0
Uganda,2025-W22,167.0,1.0,6635.0,44.0
Uganda,2025-W23,104.0,0.0,6739.0,44.0
Uganda,2025-W24,118.0,0.0,6857.0,44.0
Uganda,2025-W25,141.0,0.0,6998.0,44.0
Uganda,2025-W26,232.0,0.0,7230.0,44.0
Uganda,2025-W27,191.0,2.0,7421.0,46.0
Uganda,2025-W28,108.0,1.0,7529.0,47.0
Uganda,2025-W29,74.0,1.0,7603.0,48.0
Uganda,2025-W30,124.0,0.0,7727.0,48.0
Uganda,2025-W31,83.0,0.0,7810.0,48.0
Uganda,2025-W32,72.0,0.0,7882.0,48.0
Uganda,2025-W33,15.0,0.0,7897.0,48.0
Uganda,2025-W34,32.0,0.0,7929.0,48.0
Uganda,2025-W35,85.0,2.0,8014.0,50.0
Uganda,2025-W36,26.0,0.0,8040.0,50.0
Uganda,2025-W37,47.0,0.0,8087.0,50.0
Uganda,2025-W38,50.0,0.0,8137.0,50.0
Uganda,2025-W39,74.0,0.0,8211.0,50.0
Uganda,2025-W40,36.0,0.0,8247.0,50.0
Uganda,2025-W41,19.0,0.0,8266.0,50.0
Uganda,2025-W42,33.0,0.0,8299.0,50.0
Uganda,2025-W43,25.0,0.0,8324.0,50.0
Uganda,2025-W44,35.0,0.0,8359.0,50.0
Uganda,2025-W45,15.0,1.0,8374.0,51.0
Uganda,2025-W46,23.0,0.0,8397.0,51.0
Uganda,2025-W47,9.0,0.0,8406.0,51.0
Uganda,2025-W48,13.0,0.0,8419.0,51.0
Uganda,2025-W49,9.0,0.0,8428.0,51.0
Ukraine,2022-W37,1.0,0.0,1.0,0.0
Ukraine,2022-W38,2.0,0.0,3.0,0.0
Ukraine,2022-W39,0.0,0.0,3.0,0.0
Ukraine,2022-W40,1.0,0.0,4.0,0.0
Ukraine,2022-W41,1.0,0.0,5.0,0.0
Ukraine,2022-W42,0.0,0.0,5.0,0.0
Ukraine,2022-W43,0.0,0.0,5.0,0.0
Ukraine,2022-W44,0.0,0.0,5.0,0.0
Ukraine,2022-W45,0.0,0.0,5.0,0.0
Ukraine,2022-W46,0.0,0.0,5.0,0.0
Ukraine,2022-W47,0.0,0.0,5.0,0.0
Ukraine,2022-W48,0.0,0.0,5.0,0.0
Ukraine,2022-W49,0.0,0.0,5.0,0.0
Ukraine,2022-W50,0.0,0.0,5.0,0.0
Ukraine,2022-W51,0.0,0.0,5.0,0.0
Ukraine,2022-W52,0.0,0.0,5.0,0.0
Ukraine,2023-W01,0.0,0.0,5.0,0.0
Ukraine,2023-W02,0.0,0.0,5.0,0.0
Ukraine,2023-W03,0.0,0.0,5.0,0.0
Ukraine,2023-W04,0.0,0.0,5.0,0.0
Ukraine,2023-W05,0.0,0.0,5.0,0.0
Ukraine,2023-W06,0.0,0.0,5.0,0.0
Ukraine,2023-W07,0.0,0.0,5.0,0.0
Ukraine,2023-W08,0.0,0.0,5.0,0.0
Ukraine,2023-W09,0.0,0.0,5.0,0.0
Ukraine,2023-W10,0.0,0.0,5.0,0.0
Ukraine,2023-W11,0.0,0.0,5.0,0.0
Ukraine,2023-W12,0.0,0.0,5.0,0.0
Ukraine,2023-W13,0.0,0.0,5.0,0.0
Ukraine,2023-W14,0.0,0.0,5.0,0.0
Ukraine,2023-W15,0.0,0.0,5.0,0.0
Ukraine,2023-W16,0.0,0.0,5.0,0.0
Ukraine,2023-W17,0.0,0.0,5.0,0.0
Ukraine,2023-W18,0.0,0.0,5.0,0.0
Ukraine,2023-W19,0.0,0.0,5.0,0.0
Ukraine,2023-W20,0.0,0.0,5.0,0.0
Ukraine,2023-W21,0.0,0.0,5.0,0.0
Ukraine,2023-W22,0.0,0.0,5.0,0.0
Ukraine,2023-W23,0.0,0.0,5.0,0.0
Ukraine,2023-W24,0.0,0.0,5.0,0.0
Ukraine,2023-W25,0.0,0.0,5.0,0.0
Ukraine,2023-W26,0.0,0.0,5.0,0.0
Ukraine,2023-W27,0.0,0.0,5.0,0.0
Ukraine,2023-W28,0.0,0.0,5.0,0.0
Ukraine,2023-W29,0.0,0.0,5.0,0.0
Ukraine,2023-W30,0.0,0.0,5.0,0.0
Ukraine,2023-W31,0.0,0.0,5.0,0.0
Ukraine,2023-W32,0.0,0.0,5.0,0.0
Ukraine,2023-W33,0.0,0.0,5.0,0.0
Ukraine,2023-W34,0.0,0.0,5.0,0.0
Ukraine,2023-W35,0.0,0.0,5.0,0.0
Ukraine,2023-W36,0.0,0.0,5.0,0.0
Ukraine,2023-W37,0.0,0.0,5.0,0.0
Ukraine,2023-W38,0.0,0.0,5.0,0.0
Ukraine,2023-W39,0.0,0.0,5.0,0.0
Ukraine,2023-W40,0.0,0.0,5.0,0.0
Ukraine,2023-W41,0.0,0.0,5.0,0.0
Ukraine,2023-W42,0.0,0.0,5.0,0.0
Ukraine,2023-W43,0.0,0.0,5.0,0.0
Ukraine,2023-W44,0.0,0.0,5.0,0.0
Ukraine,2023-W45,0.0,0.0,5.0,0.0
Ukraine,2023-W46,0.0,0.0,5.0,0.0
Ukraine,2023-W47,0.0,0.0,5.0,0.0
Ukraine,2023-W48,0.0,0.0,5.0,0.0
Ukraine,2023-W49,0.0,0.0,5.0,0.0
Ukraine,2023-W50,0.0,0.0,5.0,0.0
Ukraine,2023-W51,0.0,0.0,5.0,0.0
Ukraine,2023-W52,0.0,0.0,5.0,0.0
Ukraine,2024-W01,0.0,0.0,5.0,0.0
Ukraine,2024-W02,0.0,0.0,5.0,0.0
Ukraine,2024-W03,0.0,0.0,5.0,0.0
Ukraine,2024-W04,0.0,0.0,5.0,0.0
Ukraine,2024-W05,0.0,0.0,5.0,0.0
Ukraine,2024-W06,0.0,0.0,5.0,0.0
Ukraine,2024-W07,0.0,0.0,5.0,0.0
Ukraine,2024-W08,0.0,0.0,5.0,0.0
Ukraine,2024-W09,0.0,0.0,5.0,0.0
Ukraine,2024-W10,0.0,0.0,5.0,0.0
Ukraine,2024-W11,0.0,0.0,5.0,0.0
Ukraine,2024-W12,0.0,0.0,5.0,0.0
Ukraine,2024-W13,0.0,0.0,5.0,0.0
Ukraine,2024-W14,0.0,0.0,5.0,0.0
Ukraine,2024-W15,0.0,0.0,5.0,0.0
Ukraine,2024-W16,0.0,0.0,5.0,0.0
Ukraine,2024-W17,0.0,0.0,5.0,0.0
Ukraine,2024-W18,0.0,0.0,5.0,0.0
Ukraine,2024-W19,0.0,0.0,5.0,0.0
Ukraine,2024-W20,0.0,0.0,5.0,0.0
Ukraine,2024-W21,0.0,0.0,5.0,0.0
Ukraine,2024-W22,0.0,0.0,5.0,0.0
Ukraine,2024-W23,0.0,0.0,5.0,0.0
Ukraine,2024-W24,0.0,0.0,5.0,0.0
Ukraine,2024-W25,0.0,0.0,5.0,0.0
Ukraine,2024-W26,0.0,0.0,5.0,0.0
Ukraine,2024-W27,0.0,0.0,5.0,0.0
Ukraine,2024-W28,0.0,0.0,5.0,0.0
Ukraine,2024-W29,0.0,0.0,5.0,0.0
Ukraine,2024-W30,0.0,0.0,5.0,0.0
Ukraine,2024-W31,0.0,0.0,5.0,0.0
Ukraine,2024-W32,0.0,0.0,5.0,0.0
Ukraine,2024-W33,0.0,0.0,5.0,0.0
Ukraine,2024-W34,0.0,0.0,5.0,0.0
Ukraine,2024-W35,0.0,0.0,5.0,0.0
Ukraine,2024-W36,0.0,0.0,5.0,0.0
Ukraine,2024-W37,0.0,0.0,5.0,0.0
Ukraine,2024-W38,0.0,0.0,5.0,0.0
Ukraine,2024-W39,0.0,0.0,5.0,0.0
Ukraine,2024-W40,0.0,0.0,5.0,0.0
Ukraine,2024-W41,0.0,0.0,5.0,0.0
Ukraine,2024-W42,0.0,0.0,5.0,0.0
Ukraine,2024-W43,0.0,0.0,5.0,0.0
Ukraine,2024-W44,0.0,0.0,5.0,0.0
Ukraine,2024-W45,0.0,0.0,5.0,0.0
Ukraine,2024-W46,0.0,0.0,5.0,0.0
Ukraine,2024-W47,0.0,0.0,5.0,0.0
Ukraine,2024-W48,0.0,0.0,5.0,0.0
Ukraine,2024-W49,0.0,0.0,5.0,0.0
Ukraine,2024-W50,0.0,0.0,5.0,0.0
Ukraine,2024-W51,0.0,0.0,5.0,0.0
Ukraine,2024-W52,0.0,0.0,5.0,0.0
Ukraine,2025-W01,0.0,0.0,5.0,0.0
Ukraine,2025-W02,0.0,0.0,5.0,0.0
Ukraine,2025-W03,0.0,0.0,5.0,0.0
Ukraine,2025-W04,0.0,0.0,5.0,0.0
Ukraine,2025-W05,0.0,0.0,5.0,0.0
Ukraine,2025-W06,0.0,0.0,5.0,0.0
Ukraine,2025-W07,0.0,0.0,5.0,0.0
Ukraine,2025-W08,0.0,0.0,5.0,0.0
Ukraine,2025-W09,0.0,0.0,5.0,0.0
Ukraine,2025-W10,0.0,0.0,5.0,0.0
Ukraine,2025-W11,0.0,0.0,5.0,0.0
Ukraine,2025-W12,0.0,0.0,5.0,0.0
Ukraine,2025-W13,0.0,0.0,5.0,0.0
Ukraine,2025-W14,0.0,0.0,5.0,0.0
Ukraine,2025-W15,0.0,0.0,5.0,0.0
Ukraine,2025-W16,0.0,0.0,5.0,0.0
Ukraine,2025-W17,0.0,0.0,5.0,0.0
Ukraine,2025-W18,0.0,0.0,5.0,0.0
Ukraine,2025-W19,0.0,0.0,5.0,0.0
Ukraine,2025-W20,0.0,0.0,5.0,0.0
Ukraine,2025-W21,0.0,0.0,5.0,0.0
Ukraine,2025-W22,0.0,0.0,5.0,0.0
Ukraine,2025-W23,0.0,0.0,5.0,0.0
Ukraine,2025-W24,0.0,0.0,5.0,0.0
Ukraine,2025-W25,0.0,0.0,5.0,0.0
Ukraine,2025-W26,0.0,0.0,5.0,0.0
Ukraine,2025-W27,0.0,0.0,5.0,0.0
Ukraine,2025-W28,0.0,0.0,5.0,0.0
Ukraine,2025-W29,0.0,0.0,5.0,0.0
Ukraine,2025-W30,0.0,0.0,5.0,0.0
Ukraine,2025-W31,0.0,0.0,5.0,0.0
Ukraine,2025-W32,0.0,0.0,5.0,0.0
Ukraine,2025-W33,0.0,0.0,5.0,0.0
Ukraine,2025-W34,0.0,0.0,5.0,0.0
Ukraine,2025-W35,0.0,0.0,5.0,0.0
Ukraine,2025-W36,0.0,0.0,5.0,0.0
Ukraine,2025-W37,0.0,0.0,5.0,0.0
Ukraine,2025-W38,0.0,0.0,5.0,0.0
Ukraine,2025-W39,0.0,0.0,5.0,0.0
Ukraine,2025-W40,0.0,0.0,5.0,0.0
Ukraine,2025-W41,0.0,0.0,5.0,0.0
Ukraine,2025-W42,0.0,0.0,5.0,0.0
Ukraine,2025-W43,0.0,0.0,5.0,0.0
Ukraine,2025-W44,0.0,0.0,5.0,0.0
Ukraine,2025-W45,0.0,0.0,5.0,0.0
Ukraine,2025-W46,0.0,0.0,5.0,0.0
Ukraine,2025-W47,0.0,0.0,5.0,0.0
Ukraine,2025-W48,0.0,0.0,5.0,0.0
Ukraine,2025-W49,0.0,0.0,5.0,0.0
Ukraine,2025-W50,0.0,0.0,5.0,0.0
Ukraine,2025-W51,0.0,0.0,5.0,0.0
Ukraine,2025-W52,0.0,0.0,5.0,0.0
United Arab Emirates,2022-W21,4.0,0.0,4.0,0.0
United Arab Emirates,2022-W22,4.0,0.0,8.0,0.0
United Arab Emirates,2022-W23,5.0,0.0,13.0,0.0
United Arab Emirates,2022-W24,0.0,0.0,13.0,0.0
United Arab Emirates,2022-W25,0.0,0.0,13.0,0.0
United Arab Emirates,2022-W26,0.0,0.0,13.0,0.0
United Arab Emirates,2022-W27,0.0,0.0,13.0,0.0
United Arab Emirates,2022-W28,0.0,0.0,13.0,0.0
United Arab Emirates,2022-W29,3.0,0.0,16.0,0.0
United Arab Emirates,2022-W30,0.0,0.0,16.0,0.0
United Arab Emirates,2022-W31,0.0,0.0,16.0,0.0
United Arab Emirates,2022-W32,0.0,0.0,16.0,0.0
United Arab Emirates,2022-W33,0.0,0.0,16.0,0.0
United Arab Emirates,2022-W34,0.0,0.0,16.0,0.0
United Arab Emirates,2022-W35,0.0,0.0,16.0,0.0
United Arab Emirates,2022-W36,0.0,0.0,16.0,0.0
United Arab Emirates,2022-W37,0.0,0.0,16.0,0.0
United Arab Emirates,2022-W38,0.0,0.0,16.0,0.0
United Arab Emirates,2022-W39,0.0,0.0,16.0,0.0
United Arab Emirates,2022-W40,0.0,0.0,16.0,0.0
United Arab Emirates,2022-W41,0.0,0.0,16.0,0.0
United Arab Emirates,2022-W42,0.0,0.0,16.0,0.0
United Arab Emirates,2022-W43,0.0,0.0,16.0,0.0
United Arab Emirates,2022-W44,0.0,0.0,16.0,0.0
United Arab Emirates,2022-W45,0.0,0.0,16.0,0.0
United Arab Emirates,2022-W46,0.0,0.0,16.0,0.0
United Arab Emirates,2022-W47,0.0,0.0,16.0,0.0
United Arab Emirates,2022-W48,0.0,0.0,16.0,0.0
United Arab Emirates,2022-W49,0.0,0.0,16.0,0.0
United Arab Emirates,2022-W50,0.0,0.0,16.0,0.0
United Arab Emirates,2022-W51,0.0,0.0,16.0,0.0
United Arab Emirates,2022-W52,0.0,0.0,16.0,0.0
United Arab Emirates,2023-W01,0.0,0.0,16.0,0.0
United Arab Emirates,2023-W02,1.0,0.0,17.0,0.0
United Arab Emirates,2023-W03,1.0,0.0,18.0,0.0
United Arab Emirates,2023-W04,0.0,0.0,18.0,0.0
United Arab Emirates,2023-W05,0.0,0.0,18.0,0.0
United Arab Emirates,2023-W06,0.0,0.0,18.0,0.0
United Arab Emirates,2023-W07,1.0,0.0,19.0,0.0
United Arab Emirates,2023-W08,0.0,0.0,19.0,0.0
United Arab Emirates,2023-W09,0.0,0.0,19.0,0.0
United Arab Emirates,2023-W10,0.0,0.0,19.0,0.0
United Arab Emirates,2023-W11,0.0,0.0,19.0,0.0
United Arab Emirates,2023-W12,1.0,0.0,20.0,0.0
United Arab Emirates,2023-W13,0.0,0.0,20.0,0.0
United Arab Emirates,2023-W14,0.0,0.0,20.0,0.0
United Arab Emirates,2023-W15,1.0,0.0,21.0,0.0
United Arab Emirates,2023-W16,0.0,0.0,21.0,0.0
United Arab Emirates,2023-W17,0.0,0.0,21.0,0.0
United Arab Emirates,2023-W18,0.0,0.0,21.0,0.0
United Arab Emirates,2023-W19,0.0,0.0,21.0,0.0
United Arab Emirates,2023-W20,1.0,0.0,22.0,0.0
United Arab Emirates,2023-W21,0.0,0.0,22.0,0.0
United Arab Emirates,2023-W22,0.0,0.0,22.0,0.0
United Arab Emirates,2023-W23,0.0,0.0,22.0,0.0
United Arab Emirates,2023-W24,0.0,0.0,22.0,0.0
United Arab Emirates,2023-W25,0.0,0.0,22.0,0.0
United Arab Emirates,2023-W26,0.0,0.0,22.0,0.0
United Arab Emirates,2023-W27,0.0,0.0,22.0,0.0
United Arab Emirates,2023-W28,0.0,0.0,22.0,0.0
United Arab Emirates,2023-W29,0.0,0.0,22.0,0.0
United Arab Emirates,2023-W30,0.0,0.0,22.0,0.0
United Arab Emirates,2023-W31,0.0,0.0,22.0,0.0
United Arab Emirates,2023-W32,0.0,0.0,22.0,0.0
United Arab Emirates,2023-W33,0.0,0.0,22.0,0.0
United Arab Emirates,2023-W34,0.0,0.0,22.0,0.0
United Arab Emirates,2023-W35,1.0,0.0,23.0,0.0
United Arab Emirates,2023-W36,0.0,0.0,23.0,0.0
United Arab Emirates,2023-W37,0.0,0.0,23.0,0.0
United Arab Emirates,2023-W38,0.0,0.0,23.0,0.0
United Arab Emirates,2023-W39,0.0,0.0,23.0,0.0
United Arab Emirates,2023-W40,1.0,0.0,24.0,0.0
United Arab Emirates,2023-W41,0.0,0.0,24.0,0.0
United Arab Emirates,2023-W42,0.0,0.0,24.0,0.0
United Arab Emirates,2023-W43,0.0,0.0,24.0,0.0
United Arab Emirates,2023-W44,0.0,0.0,24.0,0.0
United Arab Emirates,2023-W45,0.0,0.0,24.0,0.0
United Arab Emirates,2023-W46,0.0,0.0,24.0,0.0
United Arab Emirates,2023-W47,0.0,0.0,24.0,0.0
United Arab Emirates,2023-W48,0.0,0.0,24.0,0.0
United Arab Emirates,2023-W49,0.0,0.0,24.0,0.0
United Arab Emirates,2023-W50,0.0,0.0,24.0,0.0
United Arab Emirates,2023-W51,1.0,0.0,25.0,0.0
United Arab Emirates,2023-W52,0.0,0.0,25.0,0.0
United Arab Emirates,2024-W01,0.0,0.0,25.0,0.0
United Arab Emirates,2024-W02,1.0,0.0,26.0,0.0
United Arab Emirates,2024-W03,0.0,0.0,26.0,0.0
United Arab Emirates,2024-W04,0.0,0.0,26.0,0.0
United Arab Emirates,2024-W05,0.0,0.0,26.0,0.0
United Arab Emirates,2024-W06,0.0,0.0,26.0,0.0
United Arab Emirates,2024-W07,0.0,0.0,26.0,0.0
United Arab Emirates,2024-W08,0.0,0.0,26.0,0.0
United Arab Emirates,2024-W09,1.0,0.0,27.0,0.0
United Arab Emirates,2024-W10,0.0,0.0,27.0,0.0
United Arab Emirates,2024-W11,0.0,0.0,27.0,0.0
United Arab Emirates,2024-W12,0.0,0.0,27.0,0.0
United Arab Emirates,2024-W13,0.0,0.0,27.0,0.0
United Arab Emirates,2024-W14,0.0,0.0,27.0,0.0
United Arab Emirates,2024-W15,0.0,0.0,27.0,0.0
United Arab Emirates,2024-W16,1.0,0.0,28.0,0.0
United Arab Emirates,2024-W17,0.0,0.0,28.0,0.0
United Arab Emirates,2024-W18,0.0,0.0,28.0,0.0
United Arab Emirates,2024-W19,0.0,0.0,28.0,0.0
United Arab Emirates,2024-W20,0.0,0.0,28.0,0.0
United Arab Emirates,2024-W21,0.0,0.0,28.0,0.0
United Arab Emirates,2024-W22,0.0,0.0,28.0,0.0
United Arab Emirates,2024-W23,0.0,0.0,28.0,0.0
United Arab Emirates,2024-W24,0.0,0.0,28.0,0.0
United Arab Emirates,2024-W25,0.0,0.0,28.0,0.0
United Arab Emirates,2024-W26,0.0,0.0,28.0,0.0
United Arab Emirates,2024-W27,0.0,0.0,28.0,0.0
United Arab Emirates,2024-W28,0.0,0.0,28.0,0.0
United Arab Emirates,2024-W29,0.0,0.0,28.0,0.0
United Arab Emirates,2024-W30,0.0,0.0,28.0,0.0
United Arab Emirates,2024-W31,0.0,0.0,28.0,0.0
United Arab Emirates,2024-W32,0.0,0.0,28.0,0.0
United Arab Emirates,2024-W33,0.0,0.0,28.0,0.0
United Arab Emirates,2024-W34,0.0,0.0,28.0,0.0
United Arab Emirates,2024-W35,0.0,0.0,28.0,0.0
United Arab Emirates,2024-W36,0.0,0.0,28.0,0.0
United Arab Emirates,2024-W37,0.0,0.0,28.0,0.0
United Arab Emirates,2024-W38,0.0,0.0,28.0,0.0
United Arab Emirates,2024-W39,0.0,0.0,28.0,0.0
United Arab Emirates,2024-W40,1.0,1.0,29.0,1.0
United Arab Emirates,2024-W41,0.0,0.0,29.0,1.0
United Arab Emirates,2024-W42,0.0,0.0,29.0,1.0
United Arab Emirates,2024-W43,0.0,0.0,29.0,1.0
United Arab Emirates,2024-W44,1.0,0.0,30.0,1.0
United Arab Emirates,2024-W45,0.0,0.0,30.0,1.0
United Arab Emirates,2024-W46,0.0,0.0,30.0,1.0
United Arab Emirates,2024-W47,0.0,0.0,30.0,1.0
United Arab Emirates,2024-W48,0.0,0.0,30.0,1.0
United Arab Emirates,2024-W49,0.0,0.0,30.0,1.0
United Arab Emirates,2024-W50,0.0,0.0,30.0,1.0
United Arab Emirates,2024-W51,0.0,0.0,30.0,1.0
United Arab Emirates,2024-W52,0.0,0.0,30.0,1.0
United Arab Emirates,2025-W01,0.0,0.0,30.0,1.0
United Arab Emirates,2025-W02,0.0,0.0,30.0,1.0
United Arab Emirates,2025-W03,1.0,0.0,31.0,1.0
United Arab Emirates,2025-W04,0.0,0.0,31.0,1.0
United Arab Emirates,2025-W05,0.0,0.0,31.0,1.0
United Arab Emirates,2025-W06,0.0,0.0,31.0,1.0
United Arab Emirates,2025-W07,0.0,0.0,31.0,1.0
United Arab Emirates,2025-W08,0.0,0.0,31.0,1.0
United Arab Emirates,2025-W09,0.0,0.0,31.0,1.0
United Arab Emirates,2025-W10,0.0,0.0,31.0,1.0
United Arab Emirates,2025-W11,0.0,0.0,31.0,1.0
United Arab Emirates,2025-W12,1.0,0.0,32.0,1.0
United Arab Emirates,2025-W13,0.0,0.0,32.0,1.0
United Arab Emirates,2025-W14,0.0,0.0,32.0,1.0
United Arab Emirates,2025-W15,0.0,0.0,32.0,1.0
United Arab Emirates,2025-W16,0.0,0.0,32.0,1.0
United Arab Emirates,2025-W17,2.0,0.0,34.0,1.0
United Kingdom,2022-W18,1.0,0.0,1.0,0.0
United Kingdom,2022-W19,2.0,0.0,3.0,0.0
United Kingdom,2022-W20,26.0,0.0,29.0,0.0
United Kingdom,2022-W21,77.0,0.0,106.0,0.0
United Kingdom,2022-W22,119.0,0.0,225.0,0.0
United Kingdom,2022-W23,141.0,0.0,366.0,0.0
United Kingdom,2022-W24,208.0,0.0,574.0,0.0
United Kingdom,2022-W25,336.0,0.0,910.0,0.0
United Kingdom,2022-W26,325.0,0.0,1235.0,0.0
United Kingdom,2022-W27,317.0,0.0,1552.0,0.0
United Kingdom,2022-W28,183.0,0.0,1735.0,0.0
United Kingdom,2022-W29,402.0,0.0,2137.0,0.0
United Kingdom,2022-W30,295.0,0.0,2432.0,0.0
United Kingdom,2022-W31,327.0,0.0,2759.0,0.0
United Kingdom,2022-W32,278.0,0.0,3037.0,0.0
United Kingdom,2022-W33,158.0,0.0,3195.0,0.0
United Kingdom,2022-W34,145.0,0.0,3340.0,0.0
United Kingdom,2022-W35,73.0,0.0,3413.0,0.0
United Kingdom,2022-W36,71.0,0.0,3484.0,0.0
United Kingdom,2022-W37,68.0,0.0,3552.0,0.0
United Kingdom,2022-W38,33.0,0.0,3585.0,0.0
United Kingdom,2022-W39,50.0,0.0,3635.0,0.0
United Kingdom,2022-W40,19.0,0.0,3654.0,0.0
United Kingdom,2022-W41,0.0,0.0,3654.0,0.0
United Kingdom,2022-W42,32.0,0.0,3686.0,0.0
United Kingdom,2022-W43,12.0,0.0,3698.0,0.0
United Kingdom,2022-W44,3.0,0.0,3701.0,0.0
United Kingdom,2022-W45,2.0,0.0,3703.0,0.0
United Kingdom,2022-W46,7.0,0.0,3710.0,0.0
United Kingdom,2022-W47,10.0,0.0,3720.0,0.0
United Kingdom,2022-W48,5.0,0.0,3725.0,0.0
United Kingdom,2022-W49,5.0,0.0,3730.0,0.0
United Kingdom,2022-W50,0.0,0.0,3730.0,0.0
United Kingdom,2022-W51,0.0,0.0,3730.0,0.0
United Kingdom,2022-W52,0.0,0.0,3730.0,0.0
United Kingdom,2023-W01,0.0,0.0,3730.0,0.0
United Kingdom,2023-W02,0.0,0.0,3730.0,0.0
United Kingdom,2023-W03,5.0,0.0,3735.0,0.0
United Kingdom,2023-W04,0.0,0.0,3735.0,0.0
United Kingdom,2023-W05,0.0,0.0,3735.0,0.0
United Kingdom,2023-W06,0.0,0.0,3735.0,0.0
United Kingdom,2023-W07,0.0,0.0,3735.0,0.0
United Kingdom,2023-W08,0.0,0.0,3735.0,0.0
United Kingdom,2023-W09,3.0,0.0,3738.0,0.0
United Kingdom,2023-W10,0.0,0.0,3738.0,0.0
United Kingdom,2023-W11,0.0,0.0,3738.0,0.0
United Kingdom,2023-W12,0.0,0.0,3738.0,0.0
United Kingdom,2023-W13,0.0,0.0,3738.0,0.0
United Kingdom,2023-W14,0.0,0.0,3738.0,0.0
United Kingdom,2023-W15,3.0,0.0,3741.0,0.0
United Kingdom,2023-W16,0.0,0.0,3741.0,0.0
United Kingdom,2023-W17,0.0,0.0,3741.0,0.0
United Kingdom,2023-W18,0.0,0.0,3741.0,0.0
United Kingdom,2023-W19,0.0,0.0,3741.0,0.0
United Kingdom,2023-W20,1.0,0.0,3742.0,0.0
United Kingdom,2023-W21,0.0,0.0,3742.0,0.0
United Kingdom,2023-W22,10.0,0.0,3752.0,0.0
United Kingdom,2023-W23,1.0,0.0,3753.0,0.0
United Kingdom,2023-W24,0.0,0.0,3753.0,0.0
United Kingdom,2023-W25,0.0,0.0,3753.0,0.0
United Kingdom,2023-W26,0.0,0.0,3753.0,0.0
United Kingdom,2023-W27,8.0,0.0,3761.0,0.0
United Kingdom,2023-W28,0.0,0.0,3761.0,0.0
United Kingdom,2023-W29,0.0,0.0,3761.0,0.0
United Kingdom,2023-W30,0.0,0.0,3761.0,0.0
United Kingdom,2023-W31,0.0,0.0,3761.0,0.0
United Kingdom,2023-W32,10.0,0.0,3771.0,0.0
United Kingdom,2023-W33,0.0,0.0,3771.0,0.0
United Kingdom,2023-W34,0.0,0.0,3771.0,0.0
United Kingdom,2023-W35,0.0,0.0,3771.0,0.0
United Kingdom,2023-W36,11.0,0.0,3782.0,0.0
United Kingdom,2023-W37,0.0,0.0,3782.0,0.0
United Kingdom,2023-W38,0.0,0.0,3782.0,0.0
United Kingdom,2023-W39,23.0,0.0,3805.0,0.0
United Kingdom,2023-W40,0.0,0.0,3805.0,0.0
United Kingdom,2023-W41,0.0,0.0,3805.0,0.0
United Kingdom,2023-W42,0.0,0.0,3805.0,0.0
United Kingdom,2023-W43,0.0,0.0,3805.0,0.0
United Kingdom,2023-W44,15.0,0.0,3820.0,0.0
United Kingdom,2023-W45,0.0,0.0,3820.0,0.0
United Kingdom,2023-W46,0.0,0.0,3820.0,0.0
United Kingdom,2023-W47,0.0,0.0,3820.0,0.0
United Kingdom,2023-W48,47.0,0.0,3867.0,0.0
United Kingdom,2023-W49,0.0,0.0,3867.0,0.0
United Kingdom,2023-W50,0.0,0.0,3867.0,0.0
United Kingdom,2023-W51,0.0,0.0,3867.0,0.0
United Kingdom,2023-W52,8.0,0.0,3875.0,0.0
United Kingdom,2024-W01,0.0,0.0,3875.0,0.0
United Kingdom,2024-W02,0.0,0.0,3875.0,0.0
United Kingdom,2024-W03,0.0,0.0,3875.0,0.0
United Kingdom,2024-W04,0.0,0.0,3875.0,0.0
United Kingdom,2024-W05,7.0,0.0,3882.0,0.0
United Kingdom,2024-W06,0.0,0.0,3882.0,0.0
United Kingdom,2024-W07,0.0,0.0,3882.0,0.0
United Kingdom,2024-W08,0.0,0.0,3882.0,0.0
United Kingdom,2024-W09,10.0,0.0,3892.0,0.0
United Kingdom,2024-W10,0.0,0.0,3892.0,0.0
United Kingdom,2024-W11,0.0,0.0,3892.0,0.0
United Kingdom,2024-W12,0.0,0.0,3892.0,0.0
United Kingdom,2024-W13,16.0,0.0,3908.0,0.0
United Kingdom,2024-W14,0.0,0.0,3908.0,0.0
United Kingdom,2024-W15,0.0,0.0,3908.0,0.0
United Kingdom,2024-W16,0.0,0.0,3908.0,0.0
United Kingdom,2024-W17,0.0,0.0,3908.0,0.0
United Kingdom,2024-W18,20.0,0.0,3928.0,0.0
United Kingdom,2024-W19,0.0,0.0,3928.0,0.0
United Kingdom,2024-W20,0.0,0.0,3928.0,0.0
United Kingdom,2024-W21,0.0,0.0,3928.0,0.0
United Kingdom,2024-W22,24.0,0.0,3952.0,0.0
United Kingdom,2024-W23,0.0,0.0,3952.0,0.0
United Kingdom,2024-W24,0.0,0.0,3952.0,0.0
United Kingdom,2024-W25,0.0,0.0,3952.0,0.0
United Kingdom,2024-W26,0.0,0.0,3952.0,0.0
United Kingdom,2024-W27,0.0,0.0,3952.0,0.0
United Kingdom,2024-W28,0.0,0.0,3952.0,0.0
United Kingdom,2024-W29,0.0,0.0,3952.0,0.0
United Kingdom,2024-W30,0.0,0.0,3952.0,0.0
United Kingdom,2024-W31,66.0,0.0,4018.0,0.0
United Kingdom,2024-W32,0.0,0.0,4018.0,0.0
United Kingdom,2024-W33,0.0,0.0,4018.0,0.0
United Kingdom,2024-W34,0.0,0.0,4018.0,0.0
United Kingdom,2024-W35,40.0,0.0,4058.0,0.0
United Kingdom,2024-W36,0.0,0.0,4058.0,0.0
United Kingdom,2024-W37,0.0,0.0,4058.0,0.0
United Kingdom,2024-W38,0.0,0.0,4058.0,0.0
United Kingdom,2024-W39,0.0,0.0,4058.0,0.0
United Kingdom,2024-W40,42.0,0.0,4100.0,0.0
United Kingdom,2024-W41,0.0,0.0,4100.0,0.0
United Kingdom,2024-W42,0.0,0.0,4100.0,0.0
United Kingdom,2024-W43,0.0,0.0,4100.0,0.0
United Kingdom,2024-W44,10.0,0.0,4110.0,0.0
United Kingdom,2024-W45,0.0,0.0,4110.0,0.0
United Kingdom,2024-W46,0.0,0.0,4110.0,0.0
United Kingdom,2024-W47,0.0,0.0,4110.0,0.0
United Kingdom,2024-W48,36.0,0.0,4146.0,0.0
United Kingdom,2024-W49,0.0,0.0,4146.0,0.0
United Kingdom,2024-W50,0.0,0.0,4146.0,0.0
United Kingdom,2024-W51,0.0,0.0,4146.0,0.0
United Kingdom,2024-W52,0.0,0.0,4146.0,0.0
United Kingdom,2025-W01,20.0,0.0,4166.0,0.0
United Kingdom,2025-W02,18.0,0.0,4184.0,0.0
United Kingdom,2025-W03,0.0,0.0,4184.0,0.0
United Kingdom,2025-W04,0.0,0.0,4184.0,0.0
United Kingdom,2025-W05,0.0,0.0,4184.0,0.0
United Kingdom,2025-W06,0.0,0.0,4184.0,0.0
United Kingdom,2025-W07,0.0,0.0,4184.0,0.0
United Kingdom,2025-W08,0.0,0.0,4184.0,0.0
United Kingdom,2025-W09,12.0,0.0,4196.0,0.0
United Kingdom,2025-W10,0.0,0.0,4196.0,0.0
United Kingdom,2025-W11,0.0,0.0,4196.0,0.0
United Kingdom,2025-W12,0.0,0.0,4196.0,0.0
United Kingdom,2025-W13,0.0,0.0,4196.0,0.0
United Kingdom,2025-W14,19.0,0.0,4215.0,0.0
United Kingdom,2025-W15,0.0,0.0,4215.0,0.0
United Kingdom,2025-W16,0.0,0.0,4215.0,0.0
United Kingdom,2025-W17,0.0,0.0,4215.0,0.0
United Kingdom,2025-W18,25.0,0.0,4240.0,0.0
United Kingdom,2025-W19,0.0,0.0,4240.0,0.0
United Kingdom,2025-W20,24.0,0.0,4264.0,0.0
United Kingdom,2025-W21,0.0,0.0,4264.0,0.0
United Kingdom,2025-W22,0.0,0.0,4264.0,0.0
United Kingdom,2025-W23,0.0,0.0,4264.0,0.0
United Kingdom,2025-W24,24.0,0.0,4288.0,0.0
United Kingdom,2025-W25,0.0,0.0,4288.0,0.0
United Kingdom,2025-W26,0.0,0.0,4288.0,0.0
United Kingdom,2025-W27,0.0,0.0,4288.0,0.0
United Kingdom,2025-W28,31.0,0.0,4319.0,0.0
United Kingdom,2025-W29,0.0,0.0,4319.0,0.0
United Kingdom,2025-W30,0.0,0.0,4319.0,0.0
United Kingdom,2025-W31,0.0,0.0,4319.0,0.0
United Kingdom,2025-W32,0.0,0.0,4319.0,0.0
United Kingdom,2025-W33,18.0,0.0,4337.0,0.0
United Kingdom,2025-W34,0.0,0.0,4337.0,0.0
United Kingdom,2025-W35,0.0,0.0,4337.0,0.0
United Kingdom,2025-W36,0.0,0.0,4337.0,0.0
United Kingdom,2025-W37,17.0,0.0,4354.0,0.0
United Kingdom,2025-W38,0.0,0.0,4354.0,0.0
United Kingdom,2025-W39,0.0,0.0,4354.0,0.0
United Kingdom,2025-W40,0.0,0.0,4354.0,0.0
United Kingdom,2025-W41,22.0,0.0,4376.0,0.0
United Kingdom,2025-W42,0.0,0.0,4376.0,0.0
United Kingdom,2025-W43,0.0,0.0,4376.0,0.0
United Kingdom,2025-W44,0.0,0.0,4376.0,0.0
United Kingdom,2025-W45,0.0,0.0,4376.0,0.0
United Kingdom,2025-W46,50.0,0.0,4426.0,0.0
United Kingdom,2025-W47,0.0,0.0,4426.0,0.0
United Kingdom,2025-W48,0.0,0.0,4426.0,0.0
United Kingdom,2025-W49,0.0,0.0,4426.0,0.0
United Kingdom,2025-W50,0.0,0.0,4426.0,0.0
United Kingdom,2025-W51,0.0,0.0,4426.0,0.0
United Kingdom,2025-W52,22.0,0.0,4448.0,0.0
United States,2022-W19,6.0,0.0,6.0,0.0
United States,2022-W20,18.0,0.0,24.0,0.0
United States,2022-W21,15.0,0.0,39.0,0.0
United States,2022-W22,52.0,0.0,91.0,0.0
United States,2022-W23,98.0,0.0,189.0,0.0
United States,2022-W24,195.0,0.0,384.0,0.0
United States,2022-W25,341.0,0.0,725.0,0.0
United States,2022-W26,715.0,0.0,1440.0,0.0
United States,2022-W27,1277.0,1.0,2717.0,1.0
United States,2022-W28,2001.0,1.0,4718.0,2.0
United States,2022-W29,2375.0,0.0,7093.0,2.0
United States,2022-W30,2956.0,5.0,10049.0,7.0
United States,2022-W31,3270.0,4.0,13319.0,11.0
United States,2022-W32,2942.0,4.0,16261.0,15.0
United States,2022-W33,2664.0,6.0,18925.0,21.0
United States,2022-W34,2159.0,5.0,21084.0,26.0
United States,2022-W35,1838.0,6.0,22922.0,32.0
United States,2022-W36,1516.0,2.0,24438.0,34.0
United States,2022-W37,1220.0,3.0,25658.0,37.0
United States,2022-W38,895.0,3.0,26553.0,40.0
United States,2022-W39,722.0,3.0,27275.0,43.0
United States,2022-W40,560.0,1.0,27835.0,44.0
United States,2022-W41,473.0,4.0,28308.0,48.0
United States,2022-W42,364.0,1.0,28672.0,49.0
United States,2022-W43,287.0,0.0,28959.0,49.0
United States,2022-W44,254.0,1.0,29213.0,50.0
United States,2022-W45,203.0,0.0,29416.0,50.0
United States,2022-W46,164.0,2.0,29580.0,52.0
United States,2022-W47,125.0,0.0,29705.0,52.0
United States,2022-W48,105.0,0.0,29810.0,52.0
United States,2022-W49,96.0,0.0,29906.0,52.0
United States,2022-W50,88.0,1.0,29994.0,53.0
United States,2022-W51,62.0,0.0,30056.0,53.0
United States,2022-W52,37.0,0.0,30093.0,53.0
United States,2023-W01,47.0,1.0,30140.0,54.0
United States,2023-W02,49.0,1.0,30189.0,55.0
United States,2023-W03,37.0,0.0,30226.0,55.0
United States,2023-W04,31.0,0.0,30257.0,55.0
United States,2023-W05,27.0,0.0,30284.0,55.0
United States,2023-W06,14.0,0.0,30298.0,55.0
United States,2023-W07,17.0,0.0,30315.0,55.0
United States,2023-W08,12.0,0.0,30327.0,55.0
United States,2023-W09,23.0,1.0,30350.0,56.0
United States,2023-W10,13.0,0.0,30363.0,56.0
United States,2023-W11,12.0,0.0,30375.0,56.0
United States,2023-W12,10.0,0.0,30385.0,56.0
United States,2023-W13,14.0,0.0,30399.0,56.0
United States,2023-W14,7.0,0.0,30406.0,56.0
United States,2023-W15,10.0,0.0,30416.0,56.0
United States,2023-W16,17.0,0.0,30433.0,56.0
United States,2023-W17,9.0,0.0,30442.0,56.0
United States,2023-W18,24.0,0.0,30466.0,56.0
United States,2023-W19,19.0,0.0,30485.0,56.0
United States,2023-W20,20.0,0.0,30505.0,56.0
United States,2023-W21,21.0,0.0,30526.0,56.0
United States,2023-W22,20.0,0.0,30546.0,56.0
United States,2023-W23,26.0,0.0,30572.0,56.0
United States,2023-W24,29.0,0.0,30601.0,56.0
United States,2023-W25,26.0,0.0,30627.0,56.0
United States,2023-W26,29.0,0.0,30656.0,56.0
United States,2023-W27,33.0,0.0,30689.0,56.0
United States,2023-W28,35.0,0.0,30724.0,56.0
United States,2023-W29,21.0,0.0,30745.0,56.0
United States,2023-W30,24.0,0.0,30769.0,56.0
United States,2023-W31,29.0,0.0,30798.0,56.0
United States,2023-W32,25.0,0.0,30823.0,56.0
United States,2023-W33,23.0,0.0,30846.0,56.0
United States,2023-W34,21.0,0.0,30867.0,56.0
United States,2023-W35,15.0,0.0,30882.0,56.0
United States,2023-W36,25.0,0.0,30907.0,56.0
United States,2023-W37,36.0,0.0,30943.0,56.0
United States,2023-W38,39.0,0.0,30982.0,56.0
United States,2023-W39,34.0,0.0,31016.0,56.0
United States,2023-W40,53.0,0.0,31069.0,56.0
United States,2023-W41,64.0,0.0,31133.0,56.0
United States,2023-W42,65.0,0.0,31198.0,56.0
United States,2023-W43,61.0,1.0,31259.0,57.0
United States,2023-W44,58.0,0.0,31317.0,57.0
United States,2023-W45,73.0,0.0,31390.0,57.0
United States,2023-W46,72.0,0.0,31462.0,57.0
United States,2023-W47,59.0,0.0,31521.0,57.0
United States,2023-W48,64.0,2.0,31585.0,59.0
United States,2023-W49,70.0,1.0,31655.0,60.0
United States,2023-W50,54.0,0.0,31709.0,60.0
United States,2023-W51,61.0,0.0,31770.0,60.0
United States,2023-W52,56.0,0.0,31826.0,60.0
United States,2024-W01,50.0,0.0,31876.0,60.0
United States,2024-W02,58.0,0.0,31934.0,60.0
United States,2024-W03,69.0,1.0,32003.0,61.0
United States,2024-W04,47.0,0.0,32050.0,61.0
United States,2024-W05,83.0,0.0,32133.0,61.0
United States,2024-W06,61.0,0.0,32194.0,61.0
United States,2024-W07,59.0,0.0,32253.0,61.0
United States,2024-W08,59.0,0.0,32312.0,61.0
United States,2024-W09,72.0,0.0,32384.0,61.0
United States,2024-W10,70.0,0.0,32454.0,61.0
United States,2024-W11,79.0,0.0,32533.0,61.0
United States,2024-W12,55.0,0.0,32588.0,61.0
United States,2024-W13,65.0,0.0,32653.0,61.0
United States,2024-W14,47.0,0.0,32700.0,61.0
United States,2024-W15,69.0,0.0,32769.0,61.0
United States,2024-W16,77.0,0.0,32846.0,61.0
United States,2024-W17,78.0,0.0,32924.0,61.0
United States,2024-W18,52.0,0.0,32976.0,61.0
United States,2024-W19,55.0,0.0,33031.0,61.0
United States,2024-W20,52.0,0.0,33083.0,61.0
United States,2024-W21,60.0,1.0,33143.0,62.0
United States,2024-W22,57.0,0.0,33200.0,62.0
United States,2024-W23,59.0,0.0,33259.0,62.0
United States,2024-W24,72.0,0.0,33331.0,62.0
United States,2024-W25,48.0,0.0,33379.0,62.0
United States,2024-W26,49.0,0.0,33428.0,62.0
United States,2024-W27,52.0,0.0,33480.0,62.0
United States,2024-W28,60.0,1.0,33540.0,63.0
United States,2024-W29,64.0,0.0,33604.0,63.0
United States,2024-W30,46.0,0.0,33650.0,63.0
United States,2024-W31,59.0,0.0,33709.0,63.0
United States,2024-W32,54.0,0.0,33763.0,63.0
United States,2024-W33,69.0,0.0,33832.0,63.0
United States,2024-W34,67.0,0.0,33899.0,63.0
United States,2024-W35,61.0,0.0,33960.0,63.0
United States,2024-W36,80.0,0.0,34040.0,63.0
United States,2024-W37,62.0,0.0,34102.0,63.0
United States,2024-W38,43.0,0.0,34145.0,63.0
United States,2024-W39,65.0,0.0,34210.0,63.0
United States,2024-W40,43.0,0.0,34253.0,63.0
United States,2024-W41,39.0,0.0,34292.0,63.0
United States,2024-W42,26.0,0.0,34318.0,63.0
United States,2024-W43,41.0,0.0,34359.0,63.0
United States,2024-W44,35.0,0.0,34394.0,63.0
United States,2024-W45,37.0,0.0,34431.0,63.0
United States,2024-W46,39.0,0.0,34470.0,63.0
United States,2024-W47,35.0,0.0,34505.0,63.0
United States,2024-W48,22.0,0.0,34527.0,63.0
United States,2024-W49,21.0,0.0,34548.0,63.0
United States,2024-W50,22.0,0.0,34570.0,63.0
United States,2024-W51,27.0,0.0,34597.0,63.0
United States,2024-W52,21.0,0.0,34618.0,63.0
United States,2025-W01,25.0,0.0,34643.0,63.0
United States,2025-W02,19.0,0.0,34662.0,63.0
United States,2025-W03,10.0,0.0,34672.0,63.0
United States,2025-W04,14.0,0.0,34686.0,63.0
United States,2025-W05,23.0,0.0,34709.0,63.0
United States,2025-W06,22.0,0.0,34731.0,63.0
United States,2025-W07,16.0,0.0,34747.0,63.0
United States,2025-W08,21.0,0.0,34768.0,63.0
United States,2025-W09,19.0,0.0,34787.0,63.0
United States,2025-W10,21.0,0.0,34808.0,63.0
United States,2025-W11,21.0,0.0,34829.0,63.0
United States,2025-W12,18.0,0.0,34847.0,63.0
United States,2025-W13,17.0,0.0,34864.0,63.0
United States,2025-W14,17.0,0.0,34881.0,63.0
United States,2025-W15,28.0,0.0,34909.0,63.0
United States,2025-W16,34.0,0.0,34943.0,63.0
United States,2025-W17,25.0,0.0,34968.0,63.0
United States,2025-W18,33.0,0.0,35001.0,63.0
United States,2025-W19,33.0,0.0,35034.0,63.0
United States,2025-W20,25.0,0.0,35059.0,63.0
United States,2025-W21,21.0,0.0,35080.0,63.0
United States,2025-W22,29.0,0.0,35109.0,63.0
United States,2025-W23,32.0,0.0,35141.0,63.0
United States,2025-W24,21.0,0.0,35162.0,63.0
United States,2025-W25,45.0,0.0,35207.0,63.0
United States,2025-W26,16.0,0.0,35223.0,63.0
United States,2025-W27,45.0,0.0,35268.0,63.0
United States,2025-W28,60.0,0.0,35328.0,63.0
United States,2025-W29,58.0,0.0,35386.0,63.0
United States,2025-W30,53.0,0.0,35439.0,63.0
United States,2025-W31,55.0,0.0,35494.0,63.0
United States,2025-W32,68.0,0.0,35562.0,63.0
United States,2025-W33,91.0,0.0,35653.0,63.0
United States,2025-W34,68.0,0.0,35721.0,63.0
United States,2025-W35,83.0,0.0,35804.0,63.0
United States,2025-W36,89.0,0.0,35893.0,63.0
United States,2025-W37,104.0,0.0,35997.0,63.0
United States,2025-W38,122.0,0.0,36119.0,63.0
United States,2025-W39,103.0,0.0,36222.0,63.0
United States,2025-W40,116.0,0.0,36338.0,63.0
United States,2025-W41,92.0,0.0,36430.0,63.0
United States,2025-W42,98.0,0.0,36528.0,63.0
United States,2025-W43,90.0,0.0,36618.0,63.0
United States,2025-W44,84.0,0.0,36702.0,63.0
United States,2025-W45,64.0,0.0,36766.0,63.0
United States,2025-W46,56.0,0.0,36822.0,63.0
United States,2025-W47,53.0,0.0,36875.0,63.0
United States,2025-W48,47.0,0.0,36922.0,63.0
United States,2025-W49,38.0,0.0,36960.0,63.0
United States,2025-W50,48.0,0.0,37008.0,63.0
United States,2025-W51,24.0,0.0,37032.0,63.0
United States,2025-W52,5.0,0.0,37037.0,63.0
United States,2026-W01,5.0,0.0,37042.0,63.0
Uruguay,2022-W29,1.0,0.0,1.0,0.0
Uruguay,2022-W30,1.0,0.0,2.0,0.0
Uruguay,2022-W31,0.0,0.0,2.0,0.0
Uruguay,2022-W32,1.0,0.0,3.0,0.0
Uruguay,2022-W33,2.0,0.0,5.0,0.0
Uruguay,2022-W34,0.0,0.0,5.0,0.0
Uruguay,2022-W35,0.0,0.0,5.0,0.0
Uruguay,2022-W36,0.0,0.0,5.0,0.0
Uruguay,2022-W37,3.0,0.0,8.0,0.0
Uruguay,2022-W38,1.0,0.0,9.0,0.0
Uruguay,2022-W39,1.0,0.0,10.0,0.0
Uruguay,2022-W40,1.0,0.0,11.0,0.0
Uruguay,2022-W41,2.0,0.0,13.0,0.0
Uruguay,2022-W42,1.0,0.0,14.0,0.0
Uruguay,2022-W43,0.0,0.0,14.0,0.0
Uruguay,2022-W44,0.0,0.0,14.0,0.0
Uruguay,2022-W45,0.0,0.0,14.0,0.0
Uruguay,2022-W46,1.0,0.0,15.0,0.0
Uruguay,2022-W47,2.0,0.0,17.0,0.0
Uruguay,2022-W48,1.0,0.0,18.0,0.0
Uruguay,2022-W49,1.0,0.0,19.0,0.0
Uruguay,2022-W50,0.0,0.0,19.0,0.0
Uruguay,2022-W51,0.0,0.0,19.0,0.0
Uruguay,2022-W52,0.0,0.0,19.0,0.0
Uruguay,2023-W01,0.0,0.0,19.0,0.0
Uruguay,2023-W02,0.0,0.0,19.0,0.0
Uruguay,2023-W03,0.0,0.0,19.0,0.0
Uruguay,2023-W04,0.0,0.0,19.0,0.0
Uruguay,2023-W05,0.0,0.0,19.0,0.0
Uruguay,2023-W06,0.0,0.0,19.0,0.0
Uruguay,2023-W07,0.0,0.0,19.0,0.0
Uruguay,2023-W08,0.0,0.0,19.0,0.0
Uruguay,2023-W09,0.0,0.0,19.0,0.0
Uruguay,2023-W10,0.0,0.0,19.0,0.0
Uruguay,2023-W11,0.0,0.0,19.0,0.0
Uruguay,2023-W12,0.0,0.0,19.0,0.0
Uruguay,2023-W13,0.0,0.0,19.0,0.0
Uruguay,2023-W14,0.0,0.0,19.0,0.0
Uruguay,2023-W15,0.0,0.0,19.0,0.0
Uruguay,2023-W16,0.0,0.0,19.0,0.0
Uruguay,2023-W17,0.0,0.0,19.0,0.0
Uruguay,2023-W18,0.0,0.0,19.0,0.0
Uruguay,2023-W19,0.0,0.0,19.0,0.0
Uruguay,2023-W20,0.0,0.0,19.0,0.0
Uruguay,2023-W21,0.0,0.0,19.0,0.0
Uruguay,2023-W22,0.0,0.0,19.0,0.0
Uruguay,2023-W23,0.0,0.0,19.0,0.0
Uruguay,2023-W24,0.0,0.0,19.0,0.0
Uruguay,2023-W25,0.0,0.0,19.0,0.0
Uruguay,2023-W26,0.0,0.0,19.0,0.0
Uruguay,2023-W27,0.0,0.0,19.0,0.0
Uruguay,2023-W28,0.0,0.0,19.0,0.0
Uruguay,2023-W29,0.0,0.0,19.0,0.0
Uruguay,2023-W30,0.0,0.0,19.0,0.0
Uruguay,2023-W31,0.0,0.0,19.0,0.0
Uruguay,2023-W32,0.0,0.0,19.0,0.0
Uruguay,2023-W33,0.0,0.0,19.0,0.0
Uruguay,2023-W34,0.0,0.0,19.0,0.0
Uruguay,2023-W35,0.0,0.0,19.0,0.0
Uruguay,2023-W36,0.0,0.0,19.0,0.0
Uruguay,2023-W37,0.0,0.0,19.0,0.0
Uruguay,2023-W38,0.0,0.0,19.0,0.0
Uruguay,2023-W39,0.0,0.0,19.0,0.0
Uruguay,2023-W40,0.0,0.0,19.0,0.0
Uruguay,2023-W41,0.0,0.0,19.0,0.0
Uruguay,2023-W42,0.0,0.0,19.0,0.0
Uruguay,2023-W43,0.0,0.0,19.0,0.0
Uruguay,2023-W44,0.0,0.0,19.0,0.0
Uruguay,2023-W45,0.0,0.0,19.0,0.0
Uruguay,2023-W46,0.0,0.0,19.0,0.0
Uruguay,2023-W47,0.0,0.0,19.0,0.0
Uruguay,2023-W48,0.0,0.0,19.0,0.0
Uruguay,2023-W49,0.0,0.0,19.0,0.0
Uruguay,2023-W50,0.0,0.0,19.0,0.0
Uruguay,2023-W51,0.0,0.0,19.0,0.0
Uruguay,2023-W52,0.0,0.0,19.0,0.0
Uruguay,2024-W01,0.0,0.0,19.0,0.0
Uruguay,2024-W02,0.0,0.0,19.0,0.0
Uruguay,2024-W03,0.0,0.0,19.0,0.0
Uruguay,2024-W04,0.0,0.0,19.0,0.0
Uruguay,2024-W05,0.0,0.0,19.0,0.0
Uruguay,2024-W06,0.0,0.0,19.0,0.0
Uruguay,2024-W07,0.0,0.0,19.0,0.0
Uruguay,2024-W08,0.0,0.0,19.0,0.0
Uruguay,2024-W09,0.0,0.0,19.0,0.0
Uruguay,2024-W10,0.0,0.0,19.0,0.0
Uruguay,2024-W11,0.0,0.0,19.0,0.0
Uruguay,2024-W12,0.0,0.0,19.0,0.0
Uruguay,2024-W13,0.0,0.0,19.0,0.0
Uruguay,2024-W14,0.0,0.0,19.0,0.0
Uruguay,2024-W15,0.0,0.0,19.0,0.0
Uruguay,2024-W16,0.0,0.0,19.0,0.0
Uruguay,2024-W17,0.0,0.0,19.0,0.0
Uruguay,2024-W18,0.0,0.0,19.0,0.0
Uruguay,2024-W19,0.0,0.0,19.0,0.0
Uruguay,2024-W20,0.0,0.0,19.0,0.0
Uruguay,2024-W21,0.0,0.0,19.0,0.0
Uruguay,2024-W22,0.0,0.0,19.0,0.0
Uruguay,2024-W23,0.0,0.0,19.0,0.0
Uruguay,2024-W24,0.0,0.0,19.0,0.0
Uruguay,2024-W25,0.0,0.0,19.0,0.0
Uruguay,2024-W26,0.0,0.0,19.0,0.0
Uruguay,2024-W27,0.0,0.0,19.0,0.0
Uruguay,2024-W28,0.0,0.0,19.0,0.0
Uruguay,2024-W29,0.0,0.0,19.0,0.0
Uruguay,2024-W30,0.0,0.0,19.0,0.0
Uruguay,2024-W31,0.0,0.0,19.0,0.0
Uruguay,2024-W32,0.0,0.0,19.0,0.0
Uruguay,2024-W33,0.0,0.0,19.0,0.0
Uruguay,2024-W34,0.0,0.0,19.0,0.0
Uruguay,2024-W35,0.0,0.0,19.0,0.0
Uruguay,2024-W36,0.0,0.0,19.0,0.0
Uruguay,2024-W37,0.0,0.0,19.0,0.0
Uruguay,2024-W38,0.0,0.0,19.0,0.0
Uruguay,2024-W39,1.0,0.0,20.0,0.0
Uruguay,2024-W40,0.0,0.0,20.0,0.0
Uruguay,2024-W41,0.0,0.0,20.0,0.0
Uruguay,2024-W42,0.0,0.0,20.0,0.0
Uruguay,2024-W43,0.0,0.0,20.0,0.0
Uruguay,2024-W44,0.0,0.0,20.0,0.0
Uruguay,2024-W45,0.0,0.0,20.0,0.0
Uruguay,2024-W46,0.0,0.0,20.0,0.0
Uruguay,2024-W47,0.0,0.0,20.0,0.0
Uruguay,2024-W48,0.0,0.0,20.0,0.0
Uruguay,2024-W49,0.0,0.0,20.0,0.0
Uruguay,2024-W50,0.0,0.0,20.0,0.0
Uruguay,2024-W51,0.0,0.0,20.0,0.0
Uruguay,2024-W52,0.0,0.0,20.0,0.0
Uruguay,2025-W01,0.0,0.0,20.0,0.0
Uruguay,2025-W02,0.0,0.0,20.0,0.0
Uruguay,2025-W03,0.0,0.0,20.0,0.0
Uruguay,2025-W04,0.0,0.0,20.0,0.0
Uruguay,2025-W05,0.0,0.0,20.0,0.0
Uruguay,2025-W06,0.0,0.0,20.0,0.0
Uruguay,2025-W07,0.0,0.0,20.0,0.0
Uruguay,2025-W08,0.0,0.0,20.0,0.0
Uruguay,2025-W09,0.0,0.0,20.0,0.0
Uruguay,2025-W10,0.0,0.0,20.0,0.0
Uruguay,2025-W11,0.0,0.0,20.0,0.0
Uruguay,2025-W12,0.0,0.0,20.0,0.0
Uruguay,2025-W13,0.0,0.0,20.0,0.0
Uruguay,2025-W14,0.0,0.0,20.0,0.0
Uruguay,2025-W15,0.0,0.0,20.0,0.0
Uruguay,2025-W16,0.0,0.0,20.0,0.0
Uruguay,2025-W17,0.0,0.0,20.0,0.0
Uruguay,2025-W18,0.0,0.0,20.0,0.0
Uruguay,2025-W19,0.0,0.0,20.0,0.0
Uruguay,2025-W20,0.0,0.0,20.0,0.0
Uruguay,2025-W21,0.0,0.0,20.0,0.0
Uruguay,2025-W22,0.0,0.0,20.0,0.0
Uruguay,2025-W23,0.0,0.0,20.0,0.0
Uruguay,2025-W24,0.0,0.0,20.0,0.0
Uruguay,2025-W25,0.0,0.0,20.0,0.0
Uruguay,2025-W26,0.0,0.0,20.0,0.0
Uruguay,2025-W27,0.0,0.0,20.0,0.0
Uruguay,2025-W28,0.0,0.0,20.0,0.0
Uruguay,2025-W29,0.0,0.0,20.0,0.0
Uruguay,2025-W30,0.0,0.0,20.0,0.0
Uruguay,2025-W31,0.0,0.0,20.0,0.0
Uruguay,2025-W32,0.0,0.0,20.0,0.0
Uruguay,2025-W33,0.0,0.0,20.0,0.0
Uruguay,2025-W34,0.0,0.0,20.0,0.0
Uruguay,2025-W35,0.0,0.0,20.0,0.0
Uruguay,2025-W36,0.0,0.0,20.0,0.0
Uruguay,2025-W37,0.0,0.0,20.0,0.0
Uruguay,2025-W38,0.0,0.0,20.0,0.0
Uruguay,2025-W39,0.0,0.0,20.0,0.0
Uruguay,2025-W40,0.0,0.0,20.0,0.0
Uruguay,2025-W41,0.0,0.0,20.0,0.0
Uruguay,2025-W42,0.0,0.0,20.0,0.0
Uruguay,2025-W43,0.0,0.0,20.0,0.0
Uruguay,2025-W44,0.0,0.0,20.0,0.0
Uruguay,2025-W45,0.0,0.0,20.0,0.0
Uruguay,2025-W46,0.0,0.0,20.0,0.0
Uruguay,2025-W47,0.0,0.0,20.0,0.0
Uruguay,2025-W48,0.0,0.0,20.0,0.0
Uruguay,2025-W49,0.0,0.0,20.0,0.0
Uruguay,2025-W50,0.0,0.0,20.0,0.0
Uruguay,2025-W51,0.0,0.0,20.0,0.0
Uruguay,2025-W52,0.0,0.0,20.0,0.0
Uruguay,2026-W01,0.0,0.0,20.0,0.0
Venezuela,2022-W24,1.0,0.0,1.0,0.0
Venezuela,2022-W25,0.0,0.0,1.0,0.0
Venezuela,2022-W26,0.0,0.0,1.0,0.0
Venezuela,2022-W27,0.0,0.0,1.0,0.0
Venezuela,2022-W28,0.0,0.0,1.0,0.0
Venezuela,2022-W29,0.0,0.0,1.0,0.0
Venezuela,2022-W30,0.0,0.0,1.0,0.0
Venezuela,2022-W31,0.0,0.0,1.0,0.0
Venezuela,2022-W32,0.0,0.0,1.0,0.0
Venezuela,2022-W33,0.0,0.0,1.0,0.0
Venezuela,2022-W34,2.0,0.0,3.0,0.0
Venezuela,2022-W35,0.0,0.0,3.0,0.0
Venezuela,2022-W36,0.0,0.0,3.0,0.0
Venezuela,2022-W37,2.0,0.0,5.0,0.0
Venezuela,2022-W38,0.0,0.0,5.0,0.0
Venezuela,2022-W39,0.0,0.0,5.0,0.0
Venezuela,2022-W40,3.0,0.0,8.0,0.0
Venezuela,2022-W41,2.0,0.0,10.0,0.0
Venezuela,2022-W42,0.0,0.0,10.0,0.0
Venezuela,2022-W43,0.0,0.0,10.0,0.0
Venezuela,2022-W44,0.0,0.0,10.0,0.0
Venezuela,2022-W45,0.0,0.0,10.0,0.0
Venezuela,2022-W46,0.0,0.0,10.0,0.0
Venezuela,2022-W47,0.0,0.0,10.0,0.0
Venezuela,2022-W48,0.0,0.0,10.0,0.0
Venezuela,2022-W49,0.0,0.0,10.0,0.0
Venezuela,2022-W50,0.0,0.0,10.0,0.0
Venezuela,2022-W51,2.0,0.0,12.0,0.0
Venezuela,2022-W52,0.0,0.0,12.0,0.0
Venezuela,2023-W01,0.0,0.0,12.0,0.0
Venezuela,2023-W02,0.0,0.0,12.0,0.0
Venezuela,2023-W03,0.0,0.0,12.0,0.0
Venezuela,2023-W04,0.0,0.0,12.0,0.0
Venezuela,2023-W05,0.0,0.0,12.0,0.0
Venezuela,2023-W06,0.0,0.0,12.0,0.0
Venezuela,2023-W07,0.0,0.0,12.0,0.0
Venezuela,2023-W08,0.0,0.0,12.0,0.0
Venezuela,2023-W09,0.0,0.0,12.0,0.0
Venezuela,2023-W10,0.0,0.0,12.0,0.0
Venezuela,2023-W11,0.0,0.0,12.0,0.0
Venezuela,2023-W12,0.0,0.0,12.0,0.0
Venezuela,2023-W13,0.0,0.0,12.0,0.0
Venezuela,2023-W14,0.0,0.0,12.0,0.0
Venezuela,2023-W15,0.0,0.0,12.0,0.0
Venezuela,2023-W16,0.0,0.0,12.0,0.0
Venezuela,2023-W17,0.0,0.0,12.0,0.0
Venezuela,2023-W18,0.0,0.0,12.0,0.0
Venezuela,2023-W19,0.0,0.0,12.0,0.0
Venezuela,2023-W20,0.0,0.0,12.0,0.0
Venezuela,2023-W21,0.0,0.0,12.0,0.0
Venezuela,2023-W22,0.0,0.0,12.0,0.0
Venezuela,2023-W23,0.0,0.0,12.0,0.0
Venezuela,2023-W24,0.0,0.0,12.0,0.0
Venezuela,2023-W25,0.0,0.0,12.0,0.0
Venezuela,2023-W26,0.0,0.0,12.0,0.0
Venezuela,2023-W27,0.0,0.0,12.0,0.0
Venezuela,2023-W28,0.0,0.0,12.0,0.0
Venezuela,2023-W29,0.0,0.0,12.0,0.0
Venezuela,2023-W30,0.0,0.0,12.0,0.0
Venezuela,2023-W31,0.0,0.0,12.0,0.0
Venezuela,2023-W32,0.0,0.0,12.0,0.0
Venezuela,2023-W33,0.0,0.0,12.0,0.0
Venezuela,2023-W34,0.0,0.0,12.0,0.0
Venezuela,2023-W35,0.0,0.0,12.0,0.0
Venezuela,2023-W36,0.0,0.0,12.0,0.0
Venezuela,2023-W37,0.0,0.0,12.0,0.0
Venezuela,2023-W38,0.0,0.0,12.0,0.0
Venezuela,2023-W39,0.0,0.0,12.0,0.0
Venezuela,2023-W40,0.0,0.0,12.0,0.0
Venezuela,2023-W41,0.0,0.0,12.0,0.0
Venezuela,2023-W42,0.0,0.0,12.0,0.0
Venezuela,2023-W43,0.0,0.0,12.0,0.0
Venezuela,2023-W44,0.0,0.0,12.0,0.0
Venezuela,2023-W45,0.0,0.0,12.0,0.0
Venezuela,2023-W46,0.0,0.0,12.0,0.0
Venezuela,2023-W47,0.0,0.0,12.0,0.0
Venezuela,2023-W48,0.0,0.0,12.0,0.0
Venezuela,2023-W49,0.0,0.0,12.0,0.0
Venezuela,2023-W50,0.0,0.0,12.0,0.0
Venezuela,2023-W51,0.0,0.0,12.0,0.0
Venezuela,2023-W52,0.0,0.0,12.0,0.0
Venezuela,2024-W01,0.0,0.0,12.0,0.0
Venezuela,2024-W02,0.0,0.0,12.0,0.0
Venezuela,2024-W03,0.0,0.0,12.0,0.0
Venezuela,2024-W04,0.0,0.0,12.0,0.0
Venezuela,2024-W05,0.0,0.0,12.0,0.0
Venezuela,2024-W06,0.0,0.0,12.0,0.0
Venezuela,2024-W07,0.0,0.0,12.0,0.0
Venezuela,2024-W08,0.0,0.0,12.0,0.0
Venezuela,2024-W09,0.0,0.0,12.0,0.0
Venezuela,2024-W10,0.0,0.0,12.0,0.0
Venezuela,2024-W11,0.0,0.0,12.0,0.0
Venezuela,2024-W12,0.0,0.0,12.0,0.0
Venezuela,2024-W13,0.0,0.0,12.0,0.0
Venezuela,2024-W14,0.0,0.0,12.0,0.0
Venezuela,2024-W15,0.0,0.0,12.0,0.0
Venezuela,2024-W16,0.0,0.0,12.0,0.0
Venezuela,2024-W17,0.0,0.0,12.0,0.0
Venezuela,2024-W18,0.0,0.0,12.0,0.0
Venezuela,2024-W19,0.0,0.0,12.0,0.0
Venezuela,2024-W20,0.0,0.0,12.0,0.0
Venezuela,2024-W21,0.0,0.0,12.0,0.0
Venezuela,2024-W22,0.0,0.0,12.0,0.0
Venezuela,2024-W23,0.0,0.0,12.0,0.0
Venezuela,2024-W24,0.0,0.0,12.0,0.0
Venezuela,2024-W25,0.0,0.0,12.0,0.0
Venezuela,2024-W26,0.0,0.0,12.0,0.0
Venezuela,2024-W27,0.0,0.0,12.0,0.0
Venezuela,2024-W28,0.0,0.0,12.0,0.0
Venezuela,2024-W29,0.0,0.0,12.0,0.0
Venezuela,2024-W30,0.0,0.0,12.0,0.0
Venezuela,2024-W31,0.0,0.0,12.0,0.0
Venezuela,2024-W32,0.0,0.0,12.0,0.0
Venezuela,2024-W33,0.0,0.0,12.0,0.0
Venezuela,2024-W34,0.0,0.0,12.0,0.0
Venezuela,2024-W35,0.0,0.0,12.0,0.0
Venezuela,2024-W36,0.0,0.0,12.0,0.0
Venezuela,2024-W37,0.0,0.0,12.0,0.0
Venezuela,2024-W38,0.0,0.0,12.0,0.0
Venezuela,2024-W39,0.0,0.0,12.0,0.0
Venezuela,2024-W40,0.0,0.0,12.0,0.0
Venezuela,2024-W41,0.0,0.0,12.0,0.0
Venezuela,2024-W42,0.0,0.0,12.0,0.0
Venezuela,2024-W43,0.0,0.0,12.0,0.0
Venezuela,2024-W44,0.0,0.0,12.0,0.0
Venezuela,2024-W45,0.0,0.0,12.0,0.0
Venezuela,2024-W46,0.0,0.0,12.0,0.0
Venezuela,2024-W47,0.0,0.0,12.0,0.0
Venezuela,2024-W48,0.0,0.0,12.0,0.0
Venezuela,2024-W49,0.0,0.0,12.0,0.0
Venezuela,2024-W50,0.0,0.0,12.0,0.0
Venezuela,2024-W51,0.0,0.0,12.0,0.0
Venezuela,2024-W52,0.0,0.0,12.0,0.0
Venezuela,2025-W01,0.0,0.0,12.0,0.0
Venezuela,2025-W02,0.0,0.0,12.0,0.0
Venezuela,2025-W03,0.0,0.0,12.0,0.0
Venezuela,2025-W04,0.0,0.0,12.0,0.0
Venezuela,2025-W05,0.0,0.0,12.0,0.0
Venezuela,2025-W06,0.0,0.0,12.0,0.0
Venezuela,2025-W07,0.0,0.0,12.0,0.0
Venezuela,2025-W08,0.0,0.0,12.0,0.0
Venezuela,2025-W09,0.0,0.0,12.0,0.0
Venezuela,2025-W10,0.0,0.0,12.0,0.0
Venezuela,2025-W11,0.0,0.0,12.0,0.0
Venezuela,2025-W12,0.0,0.0,12.0,0.0
Venezuela,2025-W13,0.0,0.0,12.0,0.0
Venezuela,2025-W14,0.0,0.0,12.0,0.0
Venezuela,2025-W15,0.0,0.0,12.0,0.0
Venezuela,2025-W16,0.0,0.0,12.0,0.0
Venezuela,2025-W17,0.0,0.0,12.0,0.0
Venezuela,2025-W18,0.0,0.0,12.0,0.0
Venezuela,2025-W19,0.0,0.0,12.0,0.0
Venezuela,2025-W20,0.0,0.0,12.0,0.0
Venezuela,2025-W21,0.0,0.0,12.0,0.0
Venezuela,2025-W22,0.0,0.0,12.0,0.0
Venezuela,2025-W23,0.0,0.0,12.0,0.0
Venezuela,2025-W24,0.0,0.0,12.0,0.0
Venezuela,2025-W25,0.0,0.0,12.0,0.0
Venezuela,2025-W26,0.0,0.0,12.0,0.0
Venezuela,2025-W27,0.0,0.0,12.0,0.0
Venezuela,2025-W28,0.0,0.0,12.0,0.0
Venezuela,2025-W29,0.0,0.0,12.0,0.0
Venezuela,2025-W30,0.0,0.0,12.0,0.0
Venezuela,2025-W31,0.0,0.0,12.0,0.0
Venezuela,2025-W32,0.0,0.0,12.0,0.0
Venezuela,2025-W33,0.0,0.0,12.0,0.0
Venezuela,2025-W34,0.0,0.0,12.0,0.0
Venezuela,2025-W35,0.0,0.0,12.0,0.0
Venezuela,2025-W36,0.0,0.0,12.0,0.0
Venezuela,2025-W37,0.0,0.0,12.0,0.0
Venezuela,2025-W38,0.0,0.0,12.0,0.0
Venezuela,2025-W39,0.0,0.0,12.0,0.0
Venezuela,2025-W40,0.0,0.0,12.0,0.0
Venezuela,2025-W41,0.0,0.0,12.0,0.0
Venezuela,2025-W42,0.0,0.0,12.0,0.0
Venezuela,2025-W43,0.0,0.0,12.0,0.0
Venezuela,2025-W44,0.0,0.0,12.0,0.0
Venezuela,2025-W45,0.0,0.0,12.0,0.0
Venezuela,2025-W46,0.0,0.0,12.0,0.0
Venezuela,2025-W47,0.0,0.0,12.0,0.0
Venezuela,2025-W48,0.0,0.0,12.0,0.0
Venezuela,2025-W49,0.0,0.0,12.0,0.0
Venezuela,2025-W50,0.0,0.0,12.0,0.0
Venezuela,2025-W51,0.0,0.0,12.0,0.0
Venezuela,2025-W52,0.0,0.0,12.0,0.0
Venezuela,2026-W01,0.0,0.0,12.0,0.0
Vietnam,2022-W40,1.0,0.0,1.0,0.0
Vietnam,2022-W41,0.0,0.0,1.0,0.0
Vietnam,2022-W42,1.0,0.0,2.0,0.0
Vietnam,2022-W43,0.0,0.0,2.0,0.0
Vietnam,2022-W44,0.0,0.0,2.0,0.0
Vietnam,2022-W45,0.0,0.0,2.0,0.0
Vietnam,2022-W46,0.0,0.0,2.0,0.0
Vietnam,2022-W47,0.0,0.0,2.0,0.0
Vietnam,2022-W48,0.0,0.0,2.0,0.0
Vietnam,2022-W49,0.0,0.0,2.0,0.0
Vietnam,2022-W50,0.0,0.0,2.0,0.0
Vietnam,2022-W51,0.0,0.0,2.0,0.0
Vietnam,2022-W52,0.0,0.0,2.0,0.0
Vietnam,2023-W01,0.0,0.0,2.0,0.0
Vietnam,2023-W02,0.0,0.0,2.0,0.0
Vietnam,2023-W03,0.0,0.0,2.0,0.0
Vietnam,2023-W04,0.0,0.0,2.0,0.0
Vietnam,2023-W05,0.0,0.0,2.0,0.0
Vietnam,2023-W06,0.0,0.0,2.0,0.0
Vietnam,2023-W07,0.0,0.0,2.0,0.0
Vietnam,2023-W08,0.0,0.0,2.0,0.0
Vietnam,2023-W09,0.0,0.0,2.0,0.0
Vietnam,2023-W10,0.0,0.0,2.0,0.0
Vietnam,2023-W11,0.0,0.0,2.0,0.0
Vietnam,2023-W12,0.0,0.0,2.0,0.0
Vietnam,2023-W13,0.0,0.0,2.0,0.0
Vietnam,2023-W14,0.0,0.0,2.0,0.0
Vietnam,2023-W15,0.0,0.0,2.0,0.0
Vietnam,2023-W16,0.0,0.0,2.0,0.0
Vietnam,2023-W17,0.0,0.0,2.0,0.0
Vietnam,2023-W18,0.0,0.0,2.0,0.0
Vietnam,2023-W19,0.0,0.0,2.0,0.0
Vietnam,2023-W20,0.0,0.0,2.0,0.0
Vietnam,2023-W21,0.0,0.0,2.0,0.0
Vietnam,2023-W22,0.0,0.0,2.0,0.0
Vietnam,2023-W23,0.0,0.0,2.0,0.0
Vietnam,2023-W24,0.0,0.0,2.0,0.0
Vietnam,2023-W25,0.0,0.0,2.0,0.0
Vietnam,2023-W26,0.0,0.0,2.0,0.0
Vietnam,2023-W27,0.0,0.0,2.0,0.0
Vietnam,2023-W28,1.0,0.0,3.0,0.0
Vietnam,2023-W29,0.0,0.0,3.0,0.0
Vietnam,2023-W30,0.0,0.0,3.0,0.0
Vietnam,2023-W31,0.0,0.0,3.0,0.0
Vietnam,2023-W32,0.0,0.0,3.0,0.0
Vietnam,2023-W33,0.0,0.0,3.0,0.0
Vietnam,2023-W34,0.0,0.0,3.0,0.0
Vietnam,2023-W35,0.0,0.0,3.0,0.0
Vietnam,2023-W36,0.0,0.0,3.0,0.0
Vietnam,2023-W37,0.0,0.0,3.0,0.0
Vietnam,2023-W38,0.0,0.0,3.0,0.0
Vietnam,2023-W39,2.0,0.0,5.0,0.0
Vietnam,2023-W40,1.0,0.0,6.0,0.0
Vietnam,2023-W41,15.0,0.0,21.0,0.0
Vietnam,2023-W42,13.0,0.0,34.0,0.0
Vietnam,2023-W43,11.0,1.0,45.0,1.0
Vietnam,2023-W44,11.0,0.0,56.0,1.0
Vietnam,2023-W45,10.0,0.0,66.0,1.0
Vietnam,2023-W46,14.0,0.0,80.0,1.0
Vietnam,2023-W47,12.0,1.0,92.0,2.0
Vietnam,2023-W48,6.0,0.0,98.0,2.0
Vietnam,2023-W49,0.0,0.0,98.0,2.0
Vietnam,2023-W50,0.0,0.0,98.0,2.0
Vietnam,2023-W51,0.0,0.0,98.0,2.0
Vietnam,2023-W52,23.0,4.0,121.0,6.0
Vietnam,2024-W01,0.0,0.0,121.0,6.0
Vietnam,2024-W02,14.0,0.0,135.0,6.0
Vietnam,2024-W03,2.0,0.0,137.0,6.0
Vietnam,2024-W04,5.0,0.0,142.0,6.0
Vietnam,2024-W05,0.0,0.0,142.0,6.0
Vietnam,2024-W06,5.0,0.0,147.0,6.0
Vietnam,2024-W07,0.0,0.0,147.0,6.0
Vietnam,2024-W08,0.0,0.0,147.0,6.0
Vietnam,2024-W09,0.0,0.0,147.0,6.0
Vietnam,2024-W10,10.0,1.0,157.0,7.0
Vietnam,2024-W11,0.0,0.0,157.0,7.0
Vietnam,2024-W12,0.0,0.0,157.0,7.0
Vietnam,2024-W13,12.0,1.0,169.0,8.0
Vietnam,2024-W14,0.0,0.0,169.0,8.0
Vietnam,2024-W15,0.0,0.0,169.0,8.0
Vietnam,2024-W16,0.0,0.0,169.0,8.0
Vietnam,2024-W17,0.0,0.0,169.0,8.0
Vietnam,2024-W18,0.0,0.0,169.0,8.0
Vietnam,2024-W19,24.0,0.0,193.0,8.0
Vietnam,2024-W20,0.0,0.0,193.0,8.0
Vietnam,2024-W21,0.0,0.0,193.0,8.0
Vietnam,2024-W22,3.0,0.0,196.0,8.0
Vietnam,2024-W23,0.0,0.0,196.0,8.0
Vietnam,2024-W24,0.0,0.0,196.0,8.0
Vietnam,2024-W25,0.0,0.0,196.0,8.0
Vietnam,2024-W26,6.0,0.0,202.0,8.0
Vietnam,2024-W27,0.0,0.0,202.0,8.0
Vietnam,2024-W28,0.0,0.0,202.0,8.0
Vietnam,2024-W29,1.0,0.0,203.0,8.0
Vietnam,2024-W30,0.0,0.0,203.0,8.0
Vietnam,2024-W31,0.0,0.0,203.0,8.0
Vietnam,2024-W32,0.0,0.0,203.0,8.0
Vietnam,2024-W33,0.0,0.0,203.0,8.0
Vietnam,2024-W34,0.0,0.0,203.0,8.0
Vietnam,2024-W35,0.0,0.0,203.0,8.0
Vietnam,2024-W36,0.0,0.0,203.0,8.0
Vietnam,2024-W37,0.0,0.0,203.0,8.0
Vietnam,2024-W38,0.0,0.0,203.0,8.0
Vietnam,2024-W39,0.0,0.0,203.0,8.0
Vietnam,2024-W40,0.0,0.0,203.0,8.0
Vietnam,2024-W41,0.0,0.0,203.0,8.0
Vietnam,2024-W42,0.0,0.0,203.0,8.0
Vietnam,2024-W43,0.0,0.0,203.0,8.0
Vietnam,2024-W44,2.0,0.0,205.0,8.0
Vietnam,2024-W45,0.0,0.0,205.0,8.0
Vietnam,2024-W46,0.0,0.0,205.0,8.0
Vietnam,2024-W47,0.0,0.0,205.0,8.0
Vietnam,2024-W48,4.0,1.0,209.0,9.0
Vietnam,2024-W49,0.0,0.0,209.0,9.0
Vietnam,2024-W50,0.0,0.0,209.0,9.0
Vietnam,2024-W51,0.0,0.0,209.0,9.0
Vietnam,2024-W52,0.0,0.0,209.0,9.0
Vietnam,2025-W01,0.0,0.0,209.0,9.0
Vietnam,2025-W02,0.0,0.0,209.0,9.0
Vietnam,2025-W03,0.0,0.0,209.0,9.0
Vietnam,2025-W04,2.0,0.0,211.0,9.0
World,2022-W17,2.0,0.0,44.0,2.0
World,2022-W18,13.0,0.0,57.0,2.0
World,2022-W19,29.0,0.0,86.0,2.0
World,2022-W20,173.0,0.0,259.0,2.0
World,2022-W21,253.0,0.0,512.0,2.0
World,2022-W22,641.0,1.0,1153.0,3.0
World,2022-W23,671.0,0.0,1824.0,3.0
World,2022-W24,1283.0,0.0,3107.0,3.0
World,2022-W25,2020.0,0.0,5127.0,3.0
World,2022-W26,2480.0,1.0,7607.0,4.0
World,2022-W27,4494.0,3.0,12101.0,7.0
World,2022-W28,4393.0,4.0,16494.0,11.0
World,2022-W29,6275.0,0.0,22769.0,11.0
World,2022-W30,6624.0,9.0,29393.0,20.0
World,2022-W31,7438.0,11.0,36831.0,31.0
World,2022-W32,7568.0,11.0,44399.0,42.0
World,2022-W33,5748.0,13.0,50147.0,55.0
World,2022-W34,6014.0,8.0,56161.0,63.0
World,2022-W35,4640.0,11.0,60801.0,74.0
World,2022-W36,4209.0,5.0,65010.0,79.0
World,2022-W37,3389.0,6.0,68399.0,85.0
World,2022-W38,2903.0,8.0,71302.0,93.0
World,2022-W39,2423.0,6.0,73725.0,99.0
World,2022-W40,1923.0,1.0,75648.0,100.0
World,2022-W41,1678.0,10.0,77326.0,110.0
World,2022-W42,1377.0,5.0,78703.0,115.0
World,2022-W43,1113.0,3.0,79816.0,118.0
World,2022-W44,959.0,5.0,80775.0,123.0
World,2022-W45,862.0,2.0,81637.0,125.0
World,2022-W46,706.0,6.0,82343.0,131.0
World,2022-W47,608.0,3.0,82951.0,134.0
World,2022-W48,514.0,2.0,83465.0,136.0
World,2022-W49,475.0,0.0,83940.0,136.0
World,2022-W50,340.0,2.0,84280.0,138.0
World,2022-W51,374.0,0.0,84654.0,138.0
World,2022-W52,232.0,0.0,84886.0,138.0
World,2023-W01,309.0,4.0,85195.0,142.0
World,2023-W02,267.0,3.0,85462.0,145.0
World,2023-W03,258.0,0.0,85720.0,145.0
World,2023-W04,212.0,0.0,85932.0,145.0
World,2023-W05,198.0,2.0,86130.0,147.0
World,2023-W06,123.0,2.0,86253.0,149.0
World,2023-W07,139.0,1.0,86392.0,150.0
World,2023-W08,101.0,2.0,86493.0,152.0
World,2023-W09,112.0,2.0,86605.0,154.0
World,2023-W10,94.0,3.0,86699.0,157.0
World,2023-W11,90.0,0.0,86789.0,157.0
World,2023-W12,98.0,1.0,86887.0,158.0
World,2023-W13,67.0,0.0,86954.0,158.0
World,2023-W14,63.0,1.0,87017.0,159.0
World,2023-W15,47.0,0.0,87064.0,159.0
World,2023-W16,84.0,1.0,87148.0,160.0
World,2023-W17,80.0,1.0,87228.0,161.0
World,2023-W18,94.0,1.0,87322.0,162.0
World,2023-W19,93.0,2.0,87415.0,164.0
World,2023-W20,70.0,0.0,87485.0,164.0
World,2023-W21,79.0,1.0,87564.0,165.0
World,2023-W22,128.0,1.0,87692.0,166.0
World,2023-W23,105.0,0.0,87797.0,166.0
World,2023-W24,52.0,0.0,87849.0,166.0
World,2023-W25,83.0,0.0,87932.0,166.0
World,2023-W26,103.0,1.0,88035.0,167.0
World,2023-W27,145.0,0.0,88180.0,167.0
World,2023-W28,109.0,0.0,88289.0,167.0
World,2023-W29,167.0,1.0,88456.0,168.0
World,2023-W30,79.0,0.0,88535.0,168.0
World,2023-W31,170.0,0.0,88705.0,168.0
World,2023-W32,582.0,0.0,89287.0,168.0
World,2023-W33,132.0,1.0,89419.0,169.0
World,2023-W34,90.0,0.0,89509.0,169.0
World,2023-W35,345.0,0.0,89854.0,169.0
World,2023-W36,674.0,0.0,90528.0,169.0
World,2023-W37,80.0,0.0,90608.0,169.0
World,2023-W38,182.0,0.0,90790.0,169.0
World,2023-W39,705.0,0.0,91495.0,169.0
World,2023-W40,102.0,1.0,91597.0,170.0
World,2023-W41,143.0,1.0,91740.0,171.0
World,2023-W42,150.0,0.0,91890.0,171.0
World,2023-W43,153.0,2.0,92043.0,173.0
World,2023-W44,658.0,0.0,92701.0,173.0
World,2023-W45,164.0,0.0,92865.0,173.0
World,2023-W46,166.0,0.0,93031.0,173.0
World,2023-W47,153.0,1.0,93184.0,174.0
World,2023-W48,522.0,2.0,93706.0,176.0
World,2023-W49,120.0,2.0,93826.0,178.0
World,2023-W50,108.0,1.0,93934.0,179.0
World,2023-W51,139.0,0.0,94073.0,179.0
World,2023-W52,480.0,4.0,94553.0,183.0
World,2024-W01,152.0,0.0,94705.0,183.0
World,2024-W02,172.0,2.0,94877.0,185.0
World,2024-W03,195.0,2.0,95072.0,187.0
World,2024-W04,196.0,0.0,95268.0,187.0
World,2024-W05,486.0,1.0,95754.0,188.0
World,2024-W06,189.0,0.0,95943.0,188.0
World,2024-W07,172.0,0.0,96115.0,188.0
World,2024-W08,177.0,0.0,96292.0,188.0
World,2024-W09,516.0,2.0,96808.0,190.0
World,2024-W10,184.0,1.0,96992.0,191.0
World,2024-W11,168.0,0.0,97160.0,191.0
World,2024-W12,161.0,0.0,97321.0,191.0
World,2024-W13,371.0,2.0,97692.0,193.0
World,2024-W14,164.0,2.0,97856.0,195.0
World,2024-W15,203.0,0.0,98059.0,195.0
World,2024-W16,191.0,0.0,98250.0,195.0
World,2024-W17,200.0,1.0,98450.0,196.0
World,2024-W18,455.0,0.0,98905.0,196.0
World,2024-W19,268.0,0.0,99173.0,196.0
World,2024-W20,243.0,0.0,99416.0,196.0
World,2024-W21,205.0,2.0,99621.0,198.0
World,2024-W22,465.0,10.0,100086.0,208.0
World,2024-W23,266.0,1.0,100352.0,209.0
World,2024-W24,333.0,2.0,100685.0,211.0
World,2024-W25,235.0,1.0,100920.0,212.0
World,2024-W26,537.0,3.0,101457.0,215.0
World,2024-W27,373.0,0.0,101830.0,215.0
World,2024-W28,431.0,3.0,102261.0,218.0
World,2024-W29,553.0,3.0,102814.0,221.0
World,2024-W30,458.0,5.0,103272.0,226.0
World,2024-W31,576.0,1.0,103848.0,227.0
World,2024-W32,361.0,2.0,104209.0,229.0
World,2024-W33,455.0,2.0,104664.0,231.0
World,2024-W34,572.0,0.0,105236.0,231.0
World,2024-W35,1095.0,0.0,106331.0,231.0
World,2024-W36,697.0,1.0,107028.0,232.0
World,2024-W37,703.0,1.0,107731.0,233.0
World,2024-W38,760.0,1.0,108491.0,234.0
World,2024-W39,802.0,1.0,109293.0,235.0
World,2024-W40,995.0,1.0,110288.0,236.0
World,2024-W41,753.0,1.0,111041.0,237.0
World,2024-W42,784.0,2.0,111825.0,239.0
World,2024-W43,852.0,2.0,112677.0,241.0
World,2024-W44,1088.0,1.0,113765.0,242.0
World,2024-W45,972.0,1.0,114737.0,243.0
World,2024-W46,995.0,2.0,115732.0,245.0
World,2024-W47,832.0,1.0,116564.0,246.0
World,2024-W48,1214.0,5.0,117778.0,251.0
World,2024-W49,843.0,2.0,118621.0,253.0
World,2024-W50,760.0,0.0,119381.0,253.0
World,2024-W51,680.0,1.0,120061.0,254.0
World,2024-W52,514.0,5.0,120575.0,259.0
World,2025-W01,1233.0,5.0,121808.0,264.0
World,2025-W02,1578.0,5.0,123386.0,269.0
World,2025-W03,1172.0,6.0,124558.0,275.0
World,2025-W04,1083.0,4.0,125641.0,279.0
World,2025-W05,882.0,9.0,126523.0,288.0
World,2025-W06,971.0,9.0,127494.0,297.0
World,2025-W07,874.0,9.0,128368.0,306.0
World,2025-W08,1101.0,3.0,129469.0,309.0
World,2025-W09,1189.0,1.0,130658.0,310.0
World,2025-W10,1009.0,5.0,131667.0,315.0
World,2025-W11,1211.0,4.0,132878.0,319.0
World,2025-W12,852.0,6.0,133730.0,325.0
World,2025-W13,762.0,0.0,134492.0,325.0
World,2025-W14,1266.0,8.0,135758.0,333.0
World,2025-W15,989.0,0.0,136747.0,333.0
World,2025-W16,1223.0,2.0,137970.0,335.0
World,2025-W17,1517.0,3.0,139487.0,338.0
World,2025-W18,2036.0,6.0,141523.0,344.0
World,2025-W19,1786.0,2.0,143309.0,346.0
World,2025-W20,1804.0,5.0,145113.0,351.0
World,2025-W21,1779.0,5.0,146892.0,356.0
World,2025-W22,1655.0,4.0,148547.0,360.0
World,2025-W23,1241.0,4.0,149788.0,364.0
World,2025-W24,1319.0,8.0,151107.0,372.0
World,2025-W25,1034.0,4.0,152141.0,376.0
World,2025-W26,1048.0,4.0,153189.0,380.0
World,2025-W27,1364.0,7.0,154553.0,387.0
World,2025-W28,1194.0,15.0,155747.0,402.0
World,2025-W29,1006.0,8.0,156753.0,410.0
World,2025-W30,1081.0,4.0,157834.0,414.0
World,2025-W31,1076.0,3.0,158910.0,417.0
World,2025-W32,996.0,4.0,159906.0,421.0
World,2025-W33,969.0,4.0,160875.0,425.0
World,2025-W34,836.0,2.0,161711.0,427.0
World,2025-W35,1096.0,12.0,162807.0,439.0
World,2025-W36,849.0,1.0,163656.0,440.0
World,2025-W37,1287.0,5.0,164943.0,445.0
World,2025-W38,858.0,3.0,165801.0,448.0
World,2025-W39,992.0,4.0,166793.0,452.0
World,2025-W40,890.0,3.0,167683.0,455.0
World,2025-W41,942.0,3.0,168625.0,458.0
World,2025-W42,629.0,5.0,169254.0,463.0
World,2025-W43,717.0,1.0,169971.0,464.0
World,2025-W44,636.0,2.0,170607.0,466.0
World,2025-W45,485.0,2.0,171092.0,468.0
World,2025-W46,814.0,2.0,171906.0,470.0
World,2025-W47,358.0,0.0,172264.0,470.0
World,2025-W48,469.0,1.0,172733.0,471.0
World,2025-W49,281.0,0.0,173014.0,471.0
World,2025-W50,256.0,2.0,173270.0,473.0
World,2025-W51,279.0,2.0,173549.0,475.0
World,2025-W52,266.0,1.0,173815.0,476.0
World,2026-W01,6.0,0.0,173821.0,476.0
Zambia,2024-W47,0.0,0.0,0.0,0.0
Zambia,2024-W48,0.0,0.0,0.0,0.0
Zambia,2024-W49,0.0,0.0,0.0,0.0
Zambia,2024-W50,0.0,0.0,0.0,0.0
Zambia,2024-W51,1.0,0.0,1.0,0.0
Zambia,2024-W52,1.0,0.0,2.0,0.0
Zambia,2025-W01,1.0,0.0,3.0,0.0
Zambia,2025-W02,2.0,0.0,5.0,0.0
Zambia,2025-W03,3.0,0.0,8.0,0.0
Zambia,2025-W04,4.0,0.0,12.0,0.0
Zambia,2025-W05,3.0,0.0,15.0,0.0
Zambia,2025-W06,3.0,0.0,18.0,0.0
Zambia,2025-W07,2.0,0.0,20.0,0.0
Zambia,2025-W08,0.0,0.0,20.0,0.0
Zambia,2025-W09,1.0,0.0,21.0,0.0
Zambia,2025-W10,1.0,0.0,22.0,0.0
Zambia,2025-W11,4.0,1.0,26.0,1.0
Zambia,2025-W12,1.0,0.0,27.0,1.0
Zambia,2025-W13,3.0,0.0,30.0,1.0
Zambia,2025-W14,6.0,1.0,36.0,2.0
Zambia,2025-W15,12.0,0.0,48.0,2.0
Zambia,2025-W16,0.0,0.0,48.0,2.0
Zambia,2025-W17,16.0,0.0,64.0,2.0
Zambia,2025-W18,1.0,0.0,65.0,2.0
Zambia,2025-W19,10.0,0.0,75.0,2.0
Zambia,2025-W20,3.0,1.0,78.0,3.0
Zambia,2025-W21,4.0,0.0,82.0,3.0
Zambia,2025-W22,0.0,0.0,82.0,3.0
Zambia,2025-W23,6.0,0.0,88.0,3.0
Zambia,2025-W24,2.0,0.0,90.0,3.0
Zambia,2025-W25,25.0,0.0,115.0,3.0
Zambia,2025-W26,23.0,0.0,138.0,3.0
Zambia,2025-W27,10.0,0.0,148.0,3.0
Zambia,2025-W28,7.0,0.0,155.0,3.0
Zambia,2025-W29,17.0,0.0,172.0,3.0
Zambia,2025-W30,7.0,0.0,179.0,3.0
Zambia,2025-W31,6.0,0.0,185.0,3.0
Zambia,2025-W32,11.0,0.0,196.0,3.0
Zambia,2025-W33,15.0,0.0,211.0,3.0
Zambia,2025-W34,7.0,0.0,218.0,3.0
Zambia,2025-W35,6.0,0.0,224.0,3.0
Zambia,2025-W36,7.0,0.0,231.0,3.0
Zambia,2025-W37,18.0,0.0,249.0,3.0
Zambia,2025-W38,25.0,0.0,274.0,3.0
Zambia,2025-W39,5.0,0.0,279.0,3.0
Zambia,2025-W40,6.0,0.0,285.0,3.0
Zambia,2025-W41,11.0,0.0,296.0,3.0
Zambia,2025-W42,5.0,0.0,301.0,3.0
Zambia,2025-W43,17.0,0.0,318.0,3.0
Zambia,2025-W44,2.0,0.0,320.0,3.0
Zambia,2025-W45,2.0,0.0,322.0,3.0
Zambia,2025-W46,22.0,0.0,344.0,3.0
Zambia,2025-W47,6.0,0.0,350.0,3.0
Zambia,2025-W48,7.0,0.0,357.0,3.0
Zambia,2025-W49,6.0,0.0,363.0,3.0
Zambia,2025-W50,4.0,0.0,367.0,3.0
Zimbabwe,2024-W40,0.0,0.0,0.0,0.0
Zimbabwe,2024-W41,2.0,0.0,2.0,0.0
Zimbabwe,2024-W42,0.0,0.0,2.0,0.0
Zimbabwe,2024-W43,0.0,0.0,2.0,0.0
Zimbabwe,2024-W44,0.0,0.0,2.0,0.0
Zimbabwe,2024-W45,0.0,0.0,2.0,0.0
Zimbabwe,2024-W46,0.0,0.0,2.0,0.0
Zimbabwe,2024-W47,0.0,0.0,2.0,0.0
Zimbabwe,2024-W48,0.0,0.0,2.0,0.0
Zimbabwe,2024-W49,0.0,0.0,2.0,0.0
Zimbabwe,2024-W50,0.0,0.0,2.0,0.0
Zimbabwe,2024-W51,0.0,0.0,2.0,0.0
Zimbabwe,2024-W52,0.0,0.0,2.0,0.0
